-- MySQL dump 10.13  Distrib 8.0.23, for Win64 (x86_64)
--
-- Host: localhost    Database: vk
-- ------------------------------------------------------
-- Server version	8.0.23

/*!40101 SET @OLD_CHARACTER_SET_CLIENT=@@CHARACTER_SET_CLIENT */;
/*!40101 SET @OLD_CHARACTER_SET_RESULTS=@@CHARACTER_SET_RESULTS */;
/*!40101 SET @OLD_COLLATION_CONNECTION=@@COLLATION_CONNECTION */;
/*!50503 SET NAMES utf8mb4 */;
/*!40103 SET @OLD_TIME_ZONE=@@TIME_ZONE */;
/*!40103 SET TIME_ZONE='+00:00' */;
/*!40014 SET @OLD_UNIQUE_CHECKS=@@UNIQUE_CHECKS, UNIQUE_CHECKS=0 */;
/*!40014 SET @OLD_FOREIGN_KEY_CHECKS=@@FOREIGN_KEY_CHECKS, FOREIGN_KEY_CHECKS=0 */;
/*!40101 SET @OLD_SQL_MODE=@@SQL_MODE, SQL_MODE='NO_AUTO_VALUE_ON_ZERO' */;
/*!40111 SET @OLD_SQL_NOTES=@@SQL_NOTES, SQL_NOTES=0 */;

--
-- Table structure for table `black_list`
--

DROP TABLE IF EXISTS `black_list`;
/*!40101 SET @saved_cs_client     = @@character_set_client */;
/*!50503 SET character_set_client = utf8mb4 */;
CREATE TABLE `black_list` (
  `author_id` bigint unsigned NOT NULL,
  `banned_id` bigint unsigned NOT NULL,
  `banned` tinyint(1) DEFAULT '0',
  PRIMARY KEY (`author_id`,`banned_id`),
  KEY `author_idx` (`author_id`),
  KEY `banned_idx` (`banned_id`),
  CONSTRAINT `users_author_fk` FOREIGN KEY (`author_id`) REFERENCES `users` (`id`),
  CONSTRAINT `users_banned_fk` FOREIGN KEY (`banned_id`) REFERENCES `users` (`id`)
) ENGINE=InnoDB DEFAULT CHARSET=utf8mb4 COLLATE=utf8mb4_unicode_ci;
/*!40101 SET character_set_client = @saved_cs_client */;

--
-- Dumping data for table `black_list`
--

LOCK TABLES `black_list` WRITE;
/*!40000 ALTER TABLE `black_list` DISABLE KEYS */;
INSERT INTO `black_list` VALUES (1,77,0),(1,140,0),(2,1,1),(5,123,0),(6,181,0),(9,61,0),(16,149,0),(19,280,0),(23,13,0),(24,105,0),(26,132,0),(27,60,0),(27,88,0),(27,259,1),(28,224,1),(32,50,0),(35,117,0),(36,83,1),(37,239,1),(39,276,0),(45,26,0),(46,107,1),(50,168,1),(54,293,0),(58,130,0),(62,204,1),(63,288,1),(66,155,1),(71,87,1),(73,54,1),(81,119,1),(83,261,0),(88,54,1),(94,45,1),(98,208,0),(104,277,1),(106,8,1),(107,11,1),(107,219,1),(113,232,0),(120,63,1),(123,284,0),(127,24,1),(129,77,0),(132,115,1),(132,167,1),(133,240,1),(139,141,1),(142,154,0),(142,279,0),(144,187,0),(145,218,1),(145,225,0),(146,292,1),(152,273,1),(157,221,0),(159,289,1),(161,245,1),(164,239,1),(173,66,0),(179,217,0),(184,47,1),(192,242,1),(193,167,0),(194,30,1),(202,203,1),(203,214,1),(206,247,1),(208,123,0),(213,25,0),(213,238,1),(216,196,1),(216,279,0),(217,81,1),(218,226,0),(220,266,0),(221,201,0),(222,193,0),(223,160,0),(225,50,1),(247,225,1),(248,159,1),(250,30,1),(253,286,1),(254,174,0),(255,168,1),(265,269,0),(269,75,0),(279,166,0),(279,284,1),(280,271,0),(283,121,0),(287,289,1),(290,54,1),(292,14,0),(294,86,1),(295,178,1),(296,284,0),(298,7,1),(299,120,0);
/*!40000 ALTER TABLE `black_list` ENABLE KEYS */;
UNLOCK TABLES;

--
-- Table structure for table `chat_messages`
--

DROP TABLE IF EXISTS `chat_messages`;
/*!40101 SET @saved_cs_client     = @@character_set_client */;
/*!50503 SET character_set_client = utf8mb4 */;
CREATE TABLE `chat_messages` (
  `id` bigint unsigned NOT NULL AUTO_INCREMENT,
  `chat_id` bigint unsigned NOT NULL,
  `user_id` bigint unsigned NOT NULL,
  `txt` text CHARACTER SET utf8mb4 COLLATE utf8mb4_unicode_ci NOT NULL,
  `created_at` datetime DEFAULT CURRENT_TIMESTAMP,
  `updated_at` datetime DEFAULT NULL ON UPDATE CURRENT_TIMESTAMP,
  PRIMARY KEY (`id`),
  KEY `chat_id` (`chat_id`),
  KEY `chats_messages_users_fk` (`user_id`),
  CONSTRAINT `chats_messages_fk` FOREIGN KEY (`chat_id`) REFERENCES `chats` (`id`),
  CONSTRAINT `chats_messages_users_fk` FOREIGN KEY (`user_id`) REFERENCES `users` (`id`)
) ENGINE=InnoDB AUTO_INCREMENT=501 DEFAULT CHARSET=utf8mb4 COLLATE=utf8mb4_unicode_ci;
/*!40101 SET character_set_client = @saved_cs_client */;

--
-- Dumping data for table `chat_messages`
--

LOCK TABLES `chat_messages` WRITE;
/*!40000 ALTER TABLE `chat_messages` DISABLE KEYS */;
INSERT INTO `chat_messages` VALUES (1,37,242,'Fugiat aperiam iure magni dolorem. Placeat harum ducimus quia quas qui. Quas soluta ut quidem rerum. Exercitationem temporibus ducimus nisi hic distinctio.','1992-12-10 17:10:20','1992-10-28 00:38:11'),(2,97,133,'Sint eveniet sed possimus ut. Voluptatem doloremque est iure aut aliquam cumque alias. Voluptas blanditiis at totam facilis. Quis similique qui ratione nostrum.','2003-03-05 15:27:37','2009-05-11 16:08:06'),(3,47,115,'Perspiciatis id sequi unde qui. Corporis omnis laborum assumenda deserunt veniam dolorem odio. Aut facere odio animi possimus. Nulla dolorem impedit deserunt fugit ut.','1971-12-24 01:33:18','1987-06-02 19:50:19'),(4,25,104,'Odit id pariatur assumenda. Et ullam officiis minima in eos pariatur. Modi quam autem voluptatem est ratione voluptatibus sapiente similique.','1983-07-15 00:34:49','2001-07-29 23:05:36'),(5,12,266,'Qui dolor aut et nemo. Sit beatae itaque sit non.\nVeritatis autem perspiciatis assumenda modi a. Vel quam eveniet aliquid fugiat nulla quia. Et error perspiciatis voluptatibus id ducimus molestiae.','1999-01-14 09:07:16','1987-03-03 21:26:57'),(6,27,238,'Quia sed maiores voluptates eos nobis ad. Ut eius occaecati maiores ex officiis aut aut. Eum omnis minus nulla ducimus ea vitae iste ut.','1979-05-09 19:37:12','1981-10-24 09:39:02'),(7,89,159,'Corporis magnam facilis quia dignissimos. Veritatis omnis velit pariatur occaecati hic eveniet. Labore ex iste iste error ea ut.','1976-10-13 23:50:05','2012-06-29 11:03:16'),(8,64,98,'Harum illo non qui praesentium eum facere est aperiam. Non et reiciendis nulla aut ex sunt aliquid et. Qui perspiciatis aliquam quia. Architecto voluptas consectetur velit harum est.','2011-03-26 00:09:49','1970-04-07 23:49:32'),(9,99,242,'Consectetur optio consectetur temporibus. Molestias dolore id corrupti ipsum voluptatum eos voluptatem. Quis odio possimus perspiciatis sed sunt sint omnis. Nihil ut enim qui.','1982-01-09 08:31:57','1995-05-27 10:50:03'),(10,3,162,'Ipsa voluptate id fugit dolor. Qui sed molestiae laboriosam temporibus omnis similique veniam. Aut nihil ut error.','2009-06-15 07:02:33','1999-07-26 13:08:05'),(11,40,8,'Nulla deleniti recusandae omnis error. Qui quaerat debitis mollitia neque nam et. Vero assumenda corrupti sint et.','2005-10-29 06:14:10','1998-05-20 07:50:16'),(12,40,169,'Labore dolores amet ratione. Eum eligendi animi et aut impedit vel ut. Modi illo dolorem beatae aut. Ut iure in labore.','2014-09-04 16:38:13','1970-01-26 01:30:00'),(13,38,181,'Voluptatum soluta atque non adipisci ut. Sequi qui reprehenderit et molestiae excepturi. Tenetur voluptatibus ipsum aut iusto vitae at est.','1977-07-29 07:11:44','2019-07-05 13:42:57'),(14,97,277,'Nihil nostrum voluptas eum ut minima. Hic quisquam ipsa deserunt quisquam. Unde sit in molestias eveniet.','1976-03-25 19:24:08','2002-04-12 08:01:21'),(15,54,27,'Ut officia optio et quae repudiandae et maiores ipsum. Dolorem quo molestias numquam dolores.','1985-08-23 23:17:15','2004-01-02 02:51:20'),(16,57,271,'Quis assumenda aliquid eos veniam explicabo. Natus et odio velit velit nisi. Autem eaque ut corrupti.\nNon explicabo sunt et officiis ducimus labore. Illum ipsum rem recusandae occaecati quis aut.','1970-06-18 19:54:22','2018-11-09 22:05:30'),(17,90,162,'Dolorem quia earum sed a voluptatem aut recusandae. Explicabo sunt quia cumque occaecati velit ad facere sunt. Sit beatae nisi est dolorum veritatis.','1995-09-28 06:46:16','1984-10-04 17:20:29'),(18,35,107,'Et exercitationem nisi alias ut eum. Error numquam ut delectus ipsa quia dolor.','2012-12-22 17:18:15','1978-09-02 00:56:17'),(19,92,176,'Cupiditate et atque nihil quia totam neque. At ad nihil temporibus quo labore qui. Deleniti fugiat qui porro qui voluptatibus et. Nihil dolorum voluptatem veritatis molestias.','2000-04-19 16:09:17','1982-07-27 02:13:41'),(20,70,11,'Et officiis id quia quidem atque. Minus quas commodi repellendus et magni dolor quisquam. Est quaerat quo est nostrum. Iusto fugit delectus minima consequuntur ducimus veritatis est.','1996-12-16 06:23:49','1994-01-17 17:09:47'),(21,48,289,'Explicabo cum consectetur rerum doloribus aspernatur aliquid ad. Aut mollitia quaerat voluptatem adipisci sit autem. Eius eos velit esse vitae.','2017-01-03 11:51:42','2007-07-03 04:11:40'),(22,83,108,'Necessitatibus voluptatem harum delectus iste. Impedit quidem non dicta. Quia sunt excepturi repellat qui tempore eaque.','1999-04-16 22:16:03','2020-01-13 10:12:30'),(23,49,139,'Et qui doloribus incidunt illum hic aspernatur consequatur. Velit quam deserunt molestias eligendi praesentium vero error. Vitae repellendus aut sed et. Et aut sit nihil nulla et velit qui illo.','2000-03-16 15:24:49','2019-09-05 22:19:13'),(24,69,142,'Dicta sunt voluptatibus explicabo placeat deserunt. Libero unde tempore consequatur sint repellat harum et enim. Nihil et voluptas voluptas repellat qui tempora. Sapiente quia autem quia dolore.','2005-02-25 13:27:40','2007-07-11 14:21:20'),(25,27,214,'Qui vel minima delectus praesentium dicta fugiat blanditiis. Quis ea quia rem autem. Facere fugiat dolor reprehenderit et illum.','1976-11-14 23:36:18','1991-02-10 21:52:42'),(26,2,198,'Est et totam consectetur ratione. Vitae iste qui excepturi. Iusto officiis sunt qui ut est. Soluta consequatur voluptatem aut. Ut quam ratione qui.','2000-01-29 14:45:28','2006-09-19 05:52:56'),(27,74,122,'Totam non illo odio ipsam vero. Sequi occaecati similique consequuntur necessitatibus tempora explicabo quia error. Vero quaerat doloremque debitis doloribus eius.','2003-12-08 14:42:00','1978-04-27 03:20:34'),(28,23,33,'Consequuntur excepturi quidem laboriosam omnis eum. Amet repellat fugit iste.','1974-07-16 08:42:15','1982-07-29 05:18:42'),(29,1,57,'Commodi dignissimos qui qui itaque maiores voluptatem. Quaerat et sed iste maiores. Eligendi repudiandae omnis et saepe.','1991-08-16 16:22:11','1985-01-28 00:26:29'),(30,4,164,'Inventore qui mollitia voluptas quos cupiditate velit. Vero aperiam aliquam dolorum molestias. Nihil sed qui alias earum.','1983-12-08 11:58:13','1982-07-13 23:35:28'),(31,28,180,'Quod et sint neque rerum. Voluptatem quidem consequatur quo ut repellendus libero.','1970-04-15 15:27:46','1996-08-21 10:20:52'),(32,45,51,'Est cumque qui delectus culpa perspiciatis quo. Sit dicta sed minima voluptatem maiores eos.','1972-09-30 04:54:50','2013-03-27 04:58:15'),(33,14,237,'Facilis corrupti et ut odit velit dolor et. Aliquid expedita enim minus dicta aut voluptatem. Velit corporis impedit cupiditate dolorem voluptatibus optio.','2010-04-27 20:00:42','1991-01-06 12:25:55'),(34,53,18,'Voluptatibus non et velit. Accusamus et voluptatem excepturi incidunt ipsum.','2017-09-18 04:05:38','1973-11-18 05:04:25'),(35,38,67,'Harum ut aut repellendus eveniet assumenda asperiores numquam quia. Non modi similique eligendi doloribus repellendus voluptatem qui. Hic labore quos eos. Est officiis eius itaque ducimus dolorum.','1983-11-05 22:08:08','2014-05-30 18:50:27'),(36,10,254,'Vero enim vel a reprehenderit quo dolorem labore. Repellendus in tenetur sed est molestiae. Unde suscipit nobis error rem.','1976-03-18 10:14:16','2006-05-29 12:28:31'),(37,19,276,'Nihil et cupiditate perspiciatis ut cumque assumenda ut. Tempore magni et ut unde. Rerum ut commodi tenetur dolorum ut voluptatibus dolorem. Aliquid enim molestiae labore unde quis eum qui.','1972-01-18 09:50:53','2011-07-14 18:02:22'),(38,21,201,'Officia aperiam molestiae sapiente quo quis itaque incidunt. Quisquam eos ea qui explicabo. Tenetur maiores dolores ratione cum at et perspiciatis. Officiis culpa et totam et autem aut quam.','1970-02-22 01:41:23','2008-09-29 10:14:37'),(39,38,267,'Quod doloribus dolor aliquid est qui voluptas voluptate. Ad consequatur eius aut necessitatibus. Quo sed nemo consequuntur facere perspiciatis nobis nobis facere. Aut dolorum dolores et quia.','1975-07-21 19:36:12','2004-03-19 10:17:52'),(40,15,194,'Quaerat consequatur incidunt numquam eum aliquid et cum explicabo. Qui eligendi itaque cupiditate cum incidunt. Corrupti et qui ad voluptatibus rerum.','2010-06-26 02:24:03','1971-06-08 03:01:00'),(41,61,46,'Repellat et sequi incidunt omnis facere. Voluptates quisquam voluptates sunt ullam repellendus omnis. Et cumque vero ab qui asperiores molestiae.','2016-04-24 08:43:59','1982-08-01 09:49:14'),(42,31,102,'Voluptates laboriosam nesciunt fugiat eius iste. Id blanditiis esse debitis corporis. Sequi itaque eos odit ipsa. Amet necessitatibus praesentium nesciunt voluptate.','1979-02-03 20:04:25','1991-11-04 20:24:17'),(43,56,158,'Voluptas quisquam nulla aspernatur. Harum autem eligendi libero est illo dolorem et. Ad vel illum corrupti id aspernatur natus.','2002-04-28 22:43:58','1977-03-17 12:55:32'),(44,45,169,'Animi possimus aliquid officiis fugiat vel voluptas. Aut quas debitis itaque veniam et nobis dignissimos. Sed ratione voluptatem impedit quod ut qui. Perspiciatis totam deleniti sunt.','1980-01-03 11:22:34','1986-04-13 07:08:28'),(45,72,144,'Officia repudiandae illum ut et. Placeat debitis provident ut voluptas sed iusto cupiditate. Modi necessitatibus harum repellendus dolore amet. Aspernatur et architecto voluptatibus voluptatem.','1997-12-25 02:48:30','2020-02-21 09:31:56'),(46,11,298,'Praesentium fugiat eaque optio laboriosam. Optio corporis a laboriosam inventore. Ipsum illum fugiat a velit quia et magnam. Sunt perferendis ex eum quia.','1981-08-23 22:10:08','1973-03-10 10:36:38'),(47,8,165,'Quia id ut eveniet iure quisquam. Enim quidem voluptatibus cumque ducimus quia neque rem. Aut nihil voluptates neque corrupti dolores esse ad. Expedita non totam et cupiditate dolor ad nesciunt.','2016-06-05 01:40:05','1974-09-03 13:16:51'),(48,16,65,'Doloribus error soluta maiores dolorum tempore fuga consectetur illo. Iure et expedita aut sed aut voluptas veniam.','2013-07-02 04:16:24','1971-10-27 17:36:27'),(49,34,205,'Cupiditate sed illo totam fugit. Laboriosam incidunt et qui aut repellendus culpa. Iste doloribus sit est qui qui. Nihil quae culpa accusamus nihil voluptates.','1998-11-19 04:01:42','2001-02-25 18:01:12'),(50,28,214,'Nihil minima non suscipit dolorem. Illum sint consectetur quis dolores totam voluptatibus vitae. Quae explicabo totam quae accusantium velit. Dolores soluta officiis odit.','2014-08-13 03:30:02','1977-08-01 01:17:49'),(51,91,110,'Excepturi et sequi quo perferendis. Ut et atque ut at. Voluptatibus explicabo facere laborum eum quo.','2012-06-18 18:36:04','2019-05-01 21:01:49'),(52,56,26,'Veniam quia unde iste laborum ut quis. Assumenda harum ut quis nulla optio aut explicabo id.','2011-08-07 01:15:57','1972-10-31 13:13:53'),(53,29,229,'Et commodi possimus ut in id aliquid itaque. Dicta amet cumque unde nisi odio. Et veniam in nemo sunt neque possimus natus. Neque voluptatem nemo et soluta.','1986-03-30 19:26:37','2019-08-29 22:36:09'),(54,76,199,'Exercitationem rerum laborum eligendi. Placeat delectus eum quia eum ut.','1981-09-16 07:11:33','1989-05-08 19:35:16'),(55,65,269,'Odit commodi error excepturi repellat blanditiis rerum minima. Sed ut sed occaecati itaque. Soluta rerum repellat amet dolorum quia aut nisi.','1995-08-08 16:53:28','1996-07-30 04:50:21'),(56,31,76,'Animi numquam et et sit assumenda ratione rem. Autem repudiandae est reiciendis iste praesentium voluptates.','1980-11-24 12:27:48','1994-12-21 06:26:17'),(57,5,184,'Ratione facere ut blanditiis id facilis ipsam hic. Ut repellendus expedita ut neque. Harum itaque eaque sint consectetur. Omnis illum labore perferendis fugit qui voluptas autem quae.','2014-07-15 21:45:14','1979-01-19 23:21:44'),(58,60,181,'Saepe quos omnis tenetur cum rerum. Autem distinctio vel similique qui voluptatum qui culpa. Repudiandae ipsum aperiam dolorem vitae eum natus. Sit sit cupiditate nihil quis consequuntur.','2006-07-04 00:02:35','1980-03-23 05:55:36'),(59,14,12,'Vel vitae nam alias vel illo ex a. Eaque dicta aut commodi voluptas. Aliquid natus iusto blanditiis fugiat facere. Ipsam suscipit ullam velit sint culpa repellendus earum voluptatem.','1993-09-03 23:22:00','1986-05-14 11:52:57'),(60,17,256,'Sequi illo itaque necessitatibus iste tenetur dolorem et. Eum fugiat numquam consequatur enim animi libero nostrum. Similique iusto molestiae numquam quae. Modi quos hic perspiciatis quos in soluta.','2014-12-05 07:07:56','2006-07-21 12:22:47'),(61,52,81,'Maxime officiis deleniti quasi eos sequi asperiores. Quia quisquam quae dignissimos occaecati. Iure eum enim quod ullam.','2003-02-27 02:45:22','2005-09-02 02:48:25'),(62,85,179,'Necessitatibus consequuntur modi et quisquam. Ducimus non assumenda eos non quis dolorum. Sunt quo nisi sequi quia officiis eos consectetur. Porro neque et esse atque quam ipsum.','2003-08-22 03:46:34','1981-04-07 21:48:11'),(63,82,1,'Recusandae repellendus aut consequuntur explicabo repudiandae doloremque quam consequatur. Possimus aut odio et. Voluptatem incidunt cum esse blanditiis doloremque ex. Sint accusantium sequi atque.','1970-07-22 15:16:54','2011-07-11 08:19:31'),(64,82,46,'Harum asperiores hic ex ratione omnis quia exercitationem. Eligendi ullam ut cumque maiores quis consequatur.','2004-02-23 08:53:57','1972-02-20 17:49:17'),(65,69,26,'Facilis inventore voluptate quo. Cum adipisci illo deleniti doloribus et voluptatem. Cumque nemo deserunt vel enim dolorum vero. Maiores quo itaque et natus.','2013-09-03 01:51:55','2009-05-17 19:55:57'),(66,87,176,'Et nihil voluptatum libero soluta sapiente quia at. Iusto corporis vitae esse quibusdam eveniet eos corporis. Placeat voluptates qui non necessitatibus dolor quis.','1987-11-14 10:15:59','2021-01-22 16:20:26'),(67,46,127,'Esse optio suscipit architecto sit repellendus. Exercitationem suscipit nulla aspernatur quis voluptatibus dicta aliquam.','1974-01-27 14:42:55','1987-01-30 10:51:21'),(68,68,221,'Sint repellendus ratione ut consequuntur et et dolores deserunt. Rerum et a consequatur aperiam aut et. Iusto possimus quo provident dolorem fugit molestiae quod.','1985-02-06 13:52:01','2019-07-31 12:25:16'),(69,19,129,'Aut repellendus voluptatibus tempora aut molestias. Porro suscipit autem qui est ut et dolores. Perferendis ea quia mollitia.','2005-07-31 18:47:07','2001-04-07 05:57:28'),(70,40,250,'Similique accusantium earum eum. Doloribus sit minima veritatis quo itaque atque.','1992-02-03 23:32:30','2011-12-05 20:59:07'),(71,33,211,'Pariatur similique vero consequatur deserunt. Voluptatem magnam sed fugiat. Recusandae maiores libero nam quis. Sequi veniam esse ut accusamus velit.','1989-01-23 09:20:05','2011-02-21 04:46:32'),(72,9,112,'Harum rem qui quis recusandae doloremque occaecati. Unde sint eos porro odio dolores autem veniam. Earum voluptatem eos consequuntur laboriosam. Qui voluptatem libero omnis veniam in autem.','1993-04-17 04:58:12','1998-03-11 23:03:39'),(73,32,203,'Unde porro maxime beatae quasi doloremque. Et debitis qui deleniti facere. Et fuga neque quos ducimus quis. Voluptas quia molestias cupiditate.','2005-04-24 05:40:36','1972-10-08 01:34:10'),(74,98,136,'Ut explicabo quia illo sunt. Voluptatum quia inventore perferendis quasi aspernatur. Aliquid dolor ut aut est.','1977-08-09 07:15:24','2011-12-09 12:57:25'),(75,72,42,'Ut velit nihil iste consequuntur nisi mollitia. A nesciunt porro modi est iusto. Sed nihil at eum nihil non.','2003-01-05 02:44:33','1994-06-05 20:06:45'),(76,31,70,'Perferendis sit doloremque voluptatem facere. Aut rerum deleniti molestiae facilis excepturi architecto. Quia nihil maiores sit facere.','2000-09-20 04:20:51','2014-01-14 08:56:10'),(77,41,44,'Corrupti et dignissimos nemo consequatur. Consequatur alias nam sint et ex. Fuga rerum dolores veritatis quo quidem voluptates qui. Qui quam eos esse debitis est enim.','1974-09-10 02:07:15','1987-07-17 12:30:49'),(78,83,67,'Natus odit quae et ut sapiente qui molestiae. Sunt quos modi id aut officiis nobis quisquam dolorum. A nesciunt voluptas quidem et.','1981-06-02 10:44:15','2020-03-14 10:41:38'),(79,15,193,'Enim quia soluta ipsa ut qui repudiandae. Ad est odit aut rerum aut sed. Quos aperiam repudiandae temporibus doloremque ea alias.','1985-08-28 19:02:01','1984-04-25 07:58:10'),(80,38,249,'Sint aperiam voluptas voluptatum sit. Reprehenderit fuga dicta dolore ut officiis ea. Sint libero dolores excepturi ea.','1985-12-27 19:03:17','1992-06-30 05:58:24'),(81,73,72,'Quaerat perferendis est doloribus quae. Suscipit consequatur iste reprehenderit nostrum in. Laudantium fugiat possimus veniam qui.','1971-01-06 22:55:40','1986-08-08 05:54:46'),(82,42,54,'Tenetur asperiores incidunt eum. Consequatur consequatur debitis dolor dicta a repudiandae.','2011-08-05 01:21:53','1999-09-06 19:45:03'),(83,66,27,'Quas saepe qui dolor maxime. Corrupti id aut velit dolor modi itaque. Aliquid et sunt pariatur reprehenderit. Numquam debitis provident expedita minima aperiam omnis quas.','1996-05-18 10:54:45','1990-12-25 04:25:59'),(84,92,253,'Expedita natus numquam et nostrum tempore porro quae esse. Ut ipsam in et voluptatem laudantium itaque. Autem tenetur animi in temporibus maiores quia.','2019-07-19 14:06:05','2004-04-22 03:52:29'),(85,52,92,'Rerum harum laudantium repellat vel aut repellat doloremque. Magni corrupti placeat debitis. Quidem officiis mollitia veritatis et qui. Culpa consequatur dolor nihil nesciunt et dolorem.','1985-06-26 09:57:47','2020-11-15 05:10:59'),(86,68,252,'Velit sit doloribus assumenda architecto neque ipsam in. Fugit sed non rerum qui et. Voluptatem esse ut perferendis ea.','2019-03-22 22:10:43','1977-02-19 22:18:33'),(87,1,228,'Eum voluptatem architecto quo occaecati nihil. Rerum quaerat aliquid explicabo qui quas ab delectus.','2007-04-17 14:02:50','2011-08-16 12:46:31'),(88,22,98,'Aut et corporis placeat. Suscipit similique et enim voluptatum dicta dolorem atque. Laudantium quasi illum aspernatur ea. Atque alias et animi porro asperiores aut pariatur magni.','1971-12-30 12:30:05','2006-04-19 14:56:00'),(89,44,57,'Illum vero repudiandae non quod et labore aliquam. Praesentium distinctio facilis inventore rerum quasi. Ut aliquid facere qui dolores.','1990-02-22 15:48:36','2019-10-03 00:51:21'),(90,78,44,'Ut amet consequatur ea natus sed laborum veritatis. Consectetur ab id eveniet eligendi optio deleniti.','1985-07-03 16:08:31','2009-04-29 21:51:51'),(91,33,24,'Quo sapiente aliquam animi error esse recusandae totam. Velit perferendis iusto iusto a id voluptatem.\nIllo et dolor inventore modi qui asperiores. Sed aperiam corporis voluptate.','2008-07-30 11:59:54','1981-09-13 07:28:48'),(92,38,219,'In quisquam ipsum et et. Nihil sed placeat consequuntur animi enim incidunt dolorem. At molestiae soluta numquam ut est velit hic.','2019-03-20 15:24:04','2005-02-01 07:38:22'),(93,23,62,'Inventore quis et iure animi deleniti saepe. Ratione necessitatibus velit ut id. Accusamus quibusdam nihil dicta enim praesentium nesciunt vel.','2017-08-30 22:12:19','2010-11-06 20:24:58'),(94,96,111,'Quis voluptatem voluptatem odit fugit earum at temporibus. Qui minima placeat beatae itaque enim. Non in eaque quibusdam provident. Vel et dolorem libero minima impedit est iusto.','1970-04-18 12:38:00','1998-11-01 04:13:24'),(95,85,98,'Ducimus recusandae ipsa distinctio. Ipsam nobis odio atque eius necessitatibus reiciendis. Nihil nesciunt ut alias voluptas. Molestias dolor eaque harum assumenda.','2006-09-28 16:33:55','1982-04-20 00:35:21'),(96,20,172,'Esse aut beatae voluptate alias voluptas molestiae. Quis autem quibusdam repellat veritatis omnis facere.','1986-12-12 16:31:16','1978-03-09 20:24:53'),(97,57,183,'Expedita impedit placeat et. Qui ullam reprehenderit provident laudantium dolorum eveniet. Eos numquam debitis rerum numquam. Minima vel quo sed quibusdam.','1989-08-15 03:04:53','2002-09-01 09:21:16'),(98,75,67,'Aspernatur et beatae sed consequatur voluptas sapiente et. Omnis esse asperiores quia tenetur repellat. Consequatur error alias blanditiis nemo ex. Ad vitae quia molestiae voluptatem.','1979-12-23 17:04:40','2013-09-15 18:34:31'),(99,70,198,'Rerum quo maiores pariatur harum molestias itaque non. Itaque explicabo quas totam esse. Et vel laudantium fuga at omnis enim earum.','1995-05-07 17:04:46','1991-09-01 07:06:07'),(100,7,64,'Optio eos esse illum asperiores esse a tenetur quia. Consequatur quos aut sapiente et. Quia quos deserunt aperiam quam itaque voluptatem fugit. Omnis itaque est et quis.','2017-05-27 16:22:37','1992-02-28 08:19:50'),(101,97,222,'Dolorem suscipit omnis minima ab. Ea dignissimos quod blanditiis. Omnis velit voluptas amet et rem. Eligendi ipsam adipisci dolorum officiis nam omnis hic.','2001-07-31 13:25:50','2017-08-19 17:02:12'),(102,6,293,'Tempore recusandae suscipit est fugiat adipisci qui. Nemo impedit et molestias nostrum sit velit cum. Voluptatibus et nisi omnis odit.','2016-04-14 05:16:04','1996-07-18 05:51:24'),(103,50,80,'Rerum eligendi vel quo numquam iste. Doloremque occaecati assumenda distinctio occaecati velit qui ab. Ratione non aut quaerat. Aut est non maiores repellat.','1999-10-01 17:26:00','1979-06-06 19:29:24'),(104,31,280,'Qui minus in architecto. Accusantium aliquid velit quo est id. Occaecati eius quidem sed distinctio minus delectus et.','1973-03-21 15:43:58','1976-06-11 05:35:21'),(105,46,24,'Magni sed quis consequatur voluptas. Eligendi libero neque consequatur dolores et et accusantium accusamus. Et ea voluptas magnam a.','1986-02-28 07:58:09','2008-04-20 01:39:24'),(106,8,233,'Numquam nam voluptate fuga eum. Esse reprehenderit natus architecto sunt minus nobis nobis. Molestias tenetur quaerat sequi commodi quo. Quia tempora fugit est quo nostrum qui sint iure.','2014-06-18 02:25:08','1995-06-09 04:45:59'),(107,16,137,'Quo velit explicabo ipsam eos est. Hic accusantium iure rerum quis. Omnis in rerum qui nulla non. Dolor quis qui est occaecati recusandae.','1971-12-27 23:16:43','2004-04-24 13:41:04'),(108,51,115,'Qui ea a cumque est et dolore. Et ea consequuntur non autem. Iste dolores a quam adipisci vero minima voluptate. Dolor et et est consectetur provident neque aut.','1974-11-15 10:53:35','1994-03-03 00:28:39'),(109,67,137,'Et qui quod aliquid cum nesciunt perspiciatis. Rerum perspiciatis vero aliquam aperiam.\nUt expedita vero facilis occaecati commodi. Eius eos natus similique. Et neque pariatur sed iure.','1983-11-04 01:15:37','1986-06-04 14:16:41'),(110,75,152,'Temporibus fugiat quia dolorem architecto minima officiis laborum omnis. Ex dolor rerum nostrum aperiam eum voluptatum magni. Ipsam corrupti commodi ducimus at exercitationem in.','1986-11-19 12:24:05','1977-04-22 09:30:11'),(111,79,284,'Ut facilis iure recusandae eveniet atque. Cupiditate sunt voluptatibus tempora. Esse hic id eaque alias vel.','2003-06-23 23:53:26','1999-03-11 04:48:40'),(112,8,104,'Modi beatae eveniet ipsam repudiandae. Temporibus enim eveniet error sed nihil dolorem. Quia modi ex vero minima in vel aut. Eum sint vero omnis eum voluptas nesciunt tempore.','1998-04-20 17:54:14','1983-09-09 04:41:01'),(113,56,248,'Nostrum dolorem vel quasi possimus qui fugiat nostrum. Molestiae corporis consequatur qui sunt laudantium libero voluptatibus.','1986-09-27 03:30:23','2017-02-11 20:58:57'),(114,57,76,'Est quae officiis corporis perferendis quo consequatur. Omnis quia magni qui possimus sunt. Consequuntur necessitatibus voluptate in libero minima sunt iste.','1976-06-30 04:59:09','1975-05-18 20:48:53'),(115,49,190,'Debitis labore repellendus et esse. Excepturi non eos numquam omnis. Dignissimos in vero soluta quis quia commodi totam.\nConsequuntur totam soluta id corporis. Neque et autem neque enim ducimus et.','2003-11-27 03:16:56','2011-06-29 14:42:48'),(116,47,136,'Voluptatibus quasi consequatur quis quasi maxime quis. Vel illum voluptas aut quia. Fuga qui soluta perferendis consequatur.','1984-06-13 00:21:12','2008-06-18 21:16:56'),(117,38,155,'Voluptate inventore quis sunt nemo. Ratione rerum qui vel saepe nisi aspernatur. Quo nam aut non provident.','1998-12-27 19:42:45','1987-06-07 08:09:28'),(118,43,261,'Sint optio vero quod doloribus ratione. Porro laboriosam animi aut numquam nisi iusto. Ullam dolore unde omnis dolores magnam.','1988-04-08 17:35:41','1979-06-29 10:49:45'),(119,78,220,'Voluptas ut et doloribus explicabo alias sapiente est. Voluptas quas voluptatem tempore aut. Dolor eligendi molestiae quasi beatae qui et occaecati minima.','2003-07-19 20:12:38','2001-08-13 11:48:23'),(120,80,69,'Sed cum ut ipsum illo ut. Quia quia non placeat cupiditate suscipit repellat. Omnis suscipit temporibus velit non quis at. Necessitatibus nisi saepe quisquam voluptatum soluta.','1992-05-14 06:10:55','1985-03-08 16:26:33'),(121,81,264,'Impedit omnis quis animi voluptates ut sapiente error. Quas qui enim minima rerum sunt deleniti. Assumenda non molestias nesciunt quia sed hic. Provident modi ullam occaecati et.','2018-10-01 11:25:30','2004-09-04 01:02:09'),(122,1,290,'Est consequuntur quas et molestias inventore ipsa dolores. Dolores possimus sed et esse quasi quo illo. Officia tempora accusantium pariatur.','1994-12-11 07:56:42','1976-06-17 20:31:09'),(123,34,153,'Velit qui atque est perferendis impedit minima. Quaerat praesentium reprehenderit soluta vero. Voluptatem maxime odit quibusdam repellat numquam. Sint sed debitis minima mollitia et.','1986-09-05 20:21:43','1996-02-27 03:00:57'),(124,35,299,'Ex impedit magni vero et. Minus eaque nulla facere. Sunt itaque odio aperiam recusandae. Saepe distinctio et aut consequatur. Omnis et iure quis.','2015-10-13 12:15:55','2000-12-18 16:52:34'),(125,97,29,'Ullam odio cumque tempore officia enim doloremque aperiam. Id est corrupti quia voluptas accusamus.','1997-10-18 21:36:27','1983-04-03 04:23:42'),(126,51,225,'Molestias explicabo qui iure tempore ut. Perferendis sint et sit praesentium ad ut quaerat. Aliquam quis dolores excepturi ratione nostrum quos.','1980-10-30 03:20:33','1978-04-30 00:53:07'),(127,4,174,'Saepe quibusdam ut voluptas aperiam dicta. Culpa atque recusandae iure quia vero. Molestiae suscipit velit fugit perferendis. Ut ex fuga qui quis tempore porro blanditiis.','2018-12-19 20:06:04','1983-04-05 08:56:52'),(128,10,178,'Quod quos tenetur et consequatur doloribus dolore laboriosam. Nostrum eos veniam ut perferendis ipsam consequatur vel. Laboriosam nobis qui et vel sint odit.','2013-09-09 11:12:49','2008-07-13 12:36:00'),(129,41,198,'Maiores ea odit et labore ipsa cupiditate. Magnam delectus ut et consectetur. Quas doloribus et ut alias. Pariatur vel eius qui id omnis.','2011-02-02 07:00:55','1987-06-01 09:13:23'),(130,85,268,'Consequatur deserunt ab quia porro molestias ab. Earum tenetur officiis dolores facilis.\nAut est dolor dolore. Sapiente dolorem odit laborum id occaecati odio. Temporibus ipsam omnis esse quam.','1972-07-12 06:00:50','1994-04-28 02:16:34'),(131,29,92,'Nihil labore et autem alias quae in. In repellendus nobis sunt perspiciatis inventore neque voluptatum. Dolores fugit voluptatem voluptatem voluptas quae.','1997-11-12 15:48:33','2010-10-12 14:42:59'),(132,35,198,'Dolorum id sed amet sit optio. Sed reiciendis qui quis sunt quasi rerum. Consequuntur corrupti alias unde aspernatur non modi. Assumenda eveniet sed temporibus culpa error.','2014-04-26 07:55:39','1995-06-29 00:10:15'),(133,82,232,'Nobis vel a ad quibusdam quis. Hic velit aliquid exercitationem facilis corrupti. Sit suscipit nisi molestias natus. Totam impedit omnis et hic ut non temporibus fuga.','1993-10-21 08:47:55','1984-09-20 07:25:41'),(134,53,179,'Reiciendis molestiae quia occaecati id dolorem voluptatem. Rerum nesciunt ipsa rerum. Voluptates sunt explicabo et necessitatibus expedita deleniti.','1996-06-13 03:29:19','1999-03-25 15:16:42'),(135,51,98,'Debitis voluptas voluptates rerum ea maiores amet quos. Dicta illo aperiam aperiam expedita non et. Est voluptatem expedita et minus debitis dolorem.','1986-01-30 04:50:24','2018-08-15 17:42:46'),(136,83,94,'Porro eos impedit ducimus quos. Excepturi ut saepe dolores tempore. Tempore dignissimos illum dolores eos officiis. Adipisci atque sunt est eos accusantium est.','1975-12-26 02:03:04','2018-09-24 00:35:29'),(137,21,248,'Omnis reprehenderit nostrum nemo possimus soluta est quis. Odio consequatur possimus maiores aut magni natus placeat. Accusantium rerum reiciendis eligendi.','1994-05-19 15:42:12','1996-07-06 01:23:23'),(138,28,162,'Suscipit culpa maxime dignissimos tempora. Incidunt dolor recusandae deleniti culpa dolorem. Qui et sit iusto sit numquam ut.','2005-10-29 06:51:01','1985-12-24 08:59:16'),(139,34,187,'Dolorem at hic esse eos illum alias animi. Ullam ullam eum quisquam rem nemo.','1983-11-07 17:55:19','2019-11-30 09:37:26'),(140,54,91,'Veniam quo ipsum saepe et. Qui aut animi consequatur sed quis fugit distinctio. Cupiditate eos dolore nesciunt voluptas deserunt repellat labore.','1980-05-28 02:52:52','2000-05-03 19:21:23'),(141,72,10,'Et fugiat ipsa fugiat natus consequuntur id. Et neque cumque iure velit nihil molestias. Sit atque eos nisi doloribus quia veniam.','1990-09-02 21:45:17','1971-08-06 13:36:01'),(142,5,227,'Molestiae cupiditate corrupti assumenda. Magni consequatur cupiditate asperiores. Quia quo qui eos eos. Occaecati reiciendis sint maxime numquam voluptas aut qui.','1978-06-03 01:55:01','1999-09-20 08:56:46'),(143,61,42,'Est blanditiis quia quis vero voluptas. Aut cum sed qui vel omnis iste. Quia in magni delectus eum. Aut ipsa ut recusandae sed corporis.','2021-03-09 15:52:50','1999-01-23 01:22:11'),(144,35,5,'Rerum quaerat accusamus temporibus sed ut. Maiores error nisi error quaerat corporis ad. Sit maxime dolorum rem asperiores. Tempora ipsam quisquam est aliquam id ipsam qui.','1978-03-17 01:16:20','1974-12-06 08:24:25'),(145,80,57,'Alias repellat praesentium consequuntur nesciunt maxime. Voluptatem quia libero odit quod quo temporibus. Possimus qui et sit cum culpa.','2001-01-15 01:29:22','1991-01-09 22:27:58'),(146,91,26,'Doloremque atque recusandae et voluptas non ut. Deleniti vero asperiores dicta exercitationem et. Provident voluptatum explicabo hic quis possimus.','2019-04-27 21:44:50','2001-01-01 03:32:25'),(147,50,75,'Quia consequatur molestiae omnis qui nesciunt ut. Et illo doloribus inventore repellat maxime. Voluptates quaerat in et voluptas.','2013-02-09 07:49:20','1989-05-27 17:14:07'),(148,75,93,'Minus sint dolor quia sint dolores laboriosam. Sunt maiores et molestiae officia. Molestias nihil quis doloremque hic illum et temporibus. Exercitationem nemo itaque sint.','1979-11-14 12:25:06','1995-03-03 12:04:55'),(149,3,81,'Repudiandae aspernatur quod velit officiis inventore quaerat nam. Commodi provident omnis non voluptatem laudantium accusamus quis. Pariatur qui earum enim minus quibusdam optio.','2014-12-09 05:49:23','2009-02-19 15:31:34'),(150,91,158,'Reprehenderit eum exercitationem quam repudiandae eveniet blanditiis. Nam ipsam consectetur dolores voluptatibus iusto in sequi. Et ad perferendis expedita incidunt odio dolore omnis aspernatur.','2019-07-28 03:11:26','2011-04-18 12:46:54'),(151,60,219,'Nam numquam illo odit quis. Quo officiis enim molestias tempora voluptate ratione. Nihil totam vel ipsum accusamus.','1980-10-14 02:51:03','2003-10-21 07:42:59'),(152,84,240,'Eum illum nesciunt molestiae ratione. Velit quaerat vitae sed autem asperiores. Numquam est autem qui itaque corporis non.','1977-11-04 05:21:12','2008-08-11 20:50:56'),(153,56,34,'Omnis ducimus quo aperiam ut vel. Inventore ipsam reiciendis qui culpa nisi. Nulla tempore sed aperiam perferendis.','2005-11-30 05:29:58','2015-01-28 02:29:49'),(154,34,267,'Eaque est aut et doloremque quia. Sint ipsa accusamus aperiam dolor est. Expedita nam soluta consequatur quis excepturi non.','1993-05-17 14:58:53','1980-09-17 09:08:33'),(155,74,260,'Et dignissimos et et ab reiciendis quo. Eos similique ab repellat officia vero. Cum eaque blanditiis quos facere.','2019-08-04 06:08:04','1979-12-21 16:23:12'),(156,19,136,'Ducimus accusamus inventore repudiandae aliquam sequi. Voluptas commodi nobis non quibusdam reprehenderit. Laborum reprehenderit commodi dolor architecto at. Sit sed quae consequuntur soluta.','2000-04-23 07:31:22','2016-11-26 19:01:17'),(157,90,72,'Ut facere ducimus molestiae cupiditate. Nihil repellendus nam cupiditate rerum. Sint qui rem et tempore iure. A officia velit in.','2016-12-10 09:39:46','2010-09-02 11:28:24'),(158,21,153,'Fugiat maxime nisi in pariatur atque. Ut sit repellat ab sint numquam nobis rem id. Sapiente excepturi esse molestias qui iste.','2013-10-27 06:09:05','1984-12-04 21:18:44'),(159,38,165,'Et eum ab pariatur. Natus atque tempora fugit exercitationem.','2005-07-19 22:01:25','1998-08-09 12:51:46'),(160,53,52,'Autem et et quod. Tenetur voluptatem saepe eos et. Fugit illo a impedit.','2020-02-05 13:01:04','2007-09-27 00:17:00'),(161,74,128,'Qui placeat modi sapiente earum animi. Qui non sed rerum labore soluta optio. Necessitatibus laudantium possimus id sequi. Atque rerum aut corrupti alias quo ad.','2008-11-15 23:10:46','2011-01-24 21:49:27'),(162,26,69,'Repudiandae est repellendus alias provident. Sed ut est quis culpa. Aut consequatur qui impedit suscipit veniam. Consequatur debitis eum ipsa sint.','1979-06-24 20:03:26','1987-01-27 00:40:21'),(163,68,300,'Placeat ea a repellat sapiente. Odio soluta repellat quisquam qui. Ut quo deserunt distinctio alias accusantium.','2013-12-17 23:39:32','1997-04-06 06:14:46'),(164,54,209,'Repudiandae animi doloribus quidem ullam aut. Esse in sed consequatur temporibus asperiores. Esse cupiditate quisquam et nihil est sit odio qui.','2002-03-06 00:40:39','2010-09-27 06:44:12'),(165,27,134,'Ipsam neque nesciunt eveniet est repellendus. Sint est non ut deleniti est qui. Sapiente ratione accusantium qui explicabo dolor nam.','2003-03-25 20:25:49','1979-04-19 01:29:37'),(166,22,258,'Quaerat voluptatibus soluta sunt sed harum. Quis est voluptatem minus nesciunt commodi. Impedit molestiae vitae eius quaerat rerum dolorum sit. Est necessitatibus libero ut nemo.','1979-11-10 15:51:54','1986-10-01 22:03:48'),(167,18,16,'Ipsa sunt voluptas animi soluta doloremque atque. Fugit enim veritatis perferendis sunt. Aut provident voluptatem voluptates officia. Molestias mollitia magnam quaerat officiis rem.','2013-05-22 18:22:07','2012-07-28 20:33:45'),(168,66,218,'Aut dolor voluptas dignissimos quae officia in recusandae quod. Reprehenderit facere magni nam voluptas. Commodi in dolores omnis omnis inventore sunt fugit.','1997-10-21 06:50:41','2010-10-25 22:57:56'),(169,17,298,'Mollitia voluptatem ipsum odio quasi. Earum illum aut quis. Et fugiat qui velit consequatur. Sunt reiciendis nisi explicabo eos culpa est. Vero aut enim nihil ab.','1980-07-28 17:27:11','1997-08-09 02:43:01'),(170,62,270,'Placeat non et ullam delectus labore ducimus sunt soluta. Itaque ipsa expedita eos cupiditate. Et quidem quod quis quo. Consequuntur illum molestias dolore velit recusandae laudantium accusantium.','1989-07-21 18:23:50','2011-04-09 01:52:10'),(171,86,241,'Qui natus exercitationem enim sapiente sed. Nisi ducimus fugit quasi aliquam. Atque culpa et laudantium est amet sit.','1994-09-26 14:10:15','1990-07-05 03:54:15'),(172,35,227,'Blanditiis sit aperiam qui non. Eius est architecto ea nihil. Tempore suscipit suscipit illo inventore unde commodi voluptas.','2020-09-06 11:58:49','2014-04-06 19:08:33'),(173,5,166,'Unde deserunt autem in repellendus rerum. Ut qui modi voluptatibus et aperiam. Facere autem odit quaerat et harum officia.','1994-03-11 07:28:37','1986-12-21 23:55:46'),(174,27,126,'Ad repellat dolore aliquid non veritatis eos. Beatae inventore odit commodi veniam officiis quasi. Et sit facere nihil eveniet repellendus deleniti in.','1989-02-01 01:46:27','1991-01-10 09:36:49'),(175,11,235,'Voluptatum dolorem ut ut fugiat delectus. Et nobis exercitationem quis totam consequatur voluptatem numquam. Dolor sunt voluptatem delectus aliquid voluptatem ipsum officia.','2012-12-26 00:29:48','2000-11-04 16:10:49'),(176,60,252,'Aut culpa nemo voluptatem voluptatem ea. Commodi et tempore enim et sequi eos aspernatur. Voluptatibus sit mollitia hic ut placeat.','2001-06-28 13:46:55','1992-08-21 01:07:17'),(177,21,255,'Quis impedit beatae dolor vero similique eum. Ut iure illum numquam nobis nulla sapiente. Dolorum hic ad incidunt minus voluptatem sunt beatae non.','2013-10-04 00:25:27','1976-12-13 07:46:34'),(178,7,265,'Autem sunt vel molestias iste aperiam. Illo sint dolor assumenda debitis. Aliquam sed voluptatem est id iure adipisci. Quos fugiat optio corporis dolorem sit repudiandae velit repellendus.','1994-09-18 17:53:29','1989-05-01 03:21:39'),(179,85,183,'Labore cumque unde molestiae assumenda architecto corrupti ipsa. Omnis voluptas officia architecto velit nihil. Vel qui iste voluptas dolores.','1983-12-28 23:09:14','2000-05-20 09:26:43'),(180,58,34,'Et accusantium et voluptatem et consequatur nihil. Minus quidem qui unde nostrum. Rerum voluptatibus rerum nihil eos saepe dolorem. Nemo incidunt minus et id.','1993-11-19 08:19:22','1988-04-28 01:49:51'),(181,6,239,'Quisquam velit sunt aperiam repudiandae possimus. Similique vel dolores rerum illum ratione non. Harum praesentium autem dignissimos qui eum.','1985-06-21 03:21:49','2009-08-03 08:28:25'),(182,98,68,'Molestiae et ad quaerat velit. Rerum voluptatibus quia magni dolorem eius ut expedita. Aliquid at est omnis facere est. Sequi iusto sed iure vero officiis beatae rem.','1994-02-23 04:23:05','1999-10-01 21:22:21'),(183,85,189,'Est et quae quis temporibus recusandae eligendi. Eligendi nam esse voluptatem. Dolores dolor maxime et expedita nulla.','2003-07-21 11:06:46','1972-09-24 17:48:57'),(184,95,4,'Adipisci sequi autem adipisci et cupiditate earum. Deleniti rerum cumque odio. Est et omnis neque.','1987-06-17 19:37:29','2016-08-15 04:15:06'),(185,62,170,'Quisquam vel error sapiente eaque ea. Omnis quibusdam quisquam perferendis illum ut ratione aspernatur. Veritatis fugiat magnam necessitatibus.','2018-03-21 10:16:31','1995-04-05 07:05:27'),(186,91,143,'Perferendis dolorem error rerum ratione sit. Accusamus non et quisquam veniam architecto blanditiis. Ad omnis voluptatem beatae. Possimus harum eos nihil unde aut voluptas et.','1981-03-25 23:15:47','1981-01-11 04:14:03'),(187,37,77,'Reprehenderit accusamus alias neque odit. Voluptas voluptas sint unde expedita deleniti. Error odit quod eius assumenda.','2018-02-06 21:39:55','1972-07-22 23:56:13'),(188,23,123,'Cupiditate error ipsa qui odio iusto quidem. Et et autem similique sit iure ab voluptatibus sequi. Voluptas cum et magnam in mollitia nihil vero.','1975-12-26 03:53:17','2012-07-23 15:14:15'),(189,81,147,'Natus facilis maiores velit voluptates ea. Similique totam sunt omnis cupiditate. Velit repudiandae ullam qui provident consequatur veniam sed. Ad nisi atque cumque nobis qui et.','1986-08-27 07:49:53','2012-03-24 12:06:10'),(190,83,273,'Quae modi molestiae omnis earum et corporis dolores. At neque eligendi et quia omnis nostrum. Quasi aspernatur ullam dignissimos voluptatum error.','2009-11-10 08:21:01','1981-08-31 04:09:20'),(191,28,125,'Praesentium quasi consectetur quasi enim. Consequatur et est odit unde rerum cupiditate. Dolorem totam doloribus assumenda quos. Optio ipsum qui ea quia asperiores modi et blanditiis.','1993-09-02 16:56:43','2002-07-18 22:33:18'),(192,75,144,'Ab tenetur quidem sed sed aliquid mollitia vitae rerum. Totam optio ut nulla a illo nemo. Officiis eaque ut voluptas dolorem aliquam ea.','2002-05-30 19:35:02','2018-08-15 11:43:20'),(193,27,246,'Ut accusantium facere atque fuga. Quia sed omnis iste et est. Deserunt sunt expedita magni non libero tenetur veniam. Corrupti voluptatibus perferendis qui minima.','2012-09-27 13:16:44','1974-01-14 13:54:44'),(194,36,33,'Repudiandae minima optio esse et. Esse rerum unde consequuntur qui in veritatis harum. Aperiam officia ut nobis ullam ut. Velit earum atque voluptate laboriosam maxime.','1994-09-30 12:39:04','1993-03-20 09:46:21'),(195,43,281,'Sint ut quae vitae recusandae consectetur veniam est. Et maxime dolorem dolor quia. Ut possimus unde odit numquam.','2003-09-18 20:35:44','1978-08-12 04:08:59'),(196,23,145,'Fuga non nobis consequatur dolor quo voluptate. Sed repellat asperiores dolores nisi porro eligendi reiciendis voluptate. Porro molestiae aut molestias consequatur nihil iste pariatur.','1993-04-27 17:51:11','2002-07-21 16:05:42'),(197,73,58,'Ut dolorem placeat assumenda sint corrupti veritatis cumque omnis. Sapiente iusto repellat aperiam itaque et asperiores dolor soluta. Architecto officiis rerum beatae dolorum debitis consequuntur et.','1986-06-02 19:01:34','1998-01-04 00:29:59'),(198,71,173,'Modi mollitia aut autem. Ipsum sunt nobis consequuntur aliquam sed. Labore maxime maiores esse corporis.','1979-06-18 13:04:38','1971-04-13 08:37:22'),(199,83,197,'Ducimus dolorem itaque voluptas quas fugiat ipsam. Ad impedit totam dolor in aut. Est laboriosam atque sed voluptatem recusandae.','1985-10-03 13:23:22','2000-06-09 05:49:12'),(200,59,132,'Corporis veniam distinctio maiores deleniti est autem. Esse omnis ut magni dolor. Reprehenderit voluptatibus dicta soluta sed. Itaque praesentium repellat quam debitis consequatur quia.','2017-09-09 05:20:59','2002-01-29 13:33:30'),(201,22,148,'Laborum non id magnam et porro rerum. Minima placeat velit quos voluptas veritatis eveniet. Qui enim recusandae aut consequatur et quis.','1977-05-14 18:55:45','2009-12-18 11:50:28'),(202,92,176,'Eum ea et est porro eum. Iste debitis perferendis et et eos. Harum doloribus et facere voluptatem saepe sapiente sunt distinctio. Saepe maxime veritatis et.','2007-04-08 08:51:51','2011-05-29 15:04:21'),(203,75,43,'Minus eveniet consequatur exercitationem consequuntur. Aliquid aliquid odit minus ea doloremque. Saepe qui recusandae in.','2004-08-24 08:28:30','2007-07-03 03:24:19'),(204,100,167,'Et minus ut quasi omnis. Qui numquam saepe explicabo fugiat vero. Quis consectetur est neque aliquam aliquam soluta.','1996-11-18 23:25:46','1979-11-18 22:49:09'),(205,64,246,'Iusto et quo ut totam. Eum molestias consectetur iusto nam. Dolorum enim in illo cupiditate officiis est ut et.','1973-03-11 06:12:16','1979-07-08 06:59:56'),(206,47,271,'Omnis aliquid ut tempora eligendi. Nam facilis minus incidunt mollitia quo. Dolores magni nemo nihil qui. Quibusdam alias vitae inventore. Dolorem culpa hic quia recusandae et.','2009-07-25 03:43:01','2018-10-10 15:54:12'),(207,24,64,'Qui accusantium dolores libero aut quasi voluptates quam. Labore delectus et consequatur doloremque eligendi. Est quia eum labore pariatur.','1990-01-11 11:22:37','2006-04-20 00:25:44'),(208,39,150,'Molestiae non tempore cum. Nisi quo et dignissimos qui officiis. Qui quisquam ducimus eveniet tempora quibusdam reprehenderit. Quis doloremque accusamus voluptates in in aut.','2003-03-21 11:59:50','2011-12-23 01:29:25'),(209,3,222,'Consequuntur laborum ullam eos explicabo et maxime repudiandae atque. Consequatur sit voluptatum autem iusto. Consequatur maxime numquam molestiae ut nihil aut ipsa. Est soluta minima consectetur in.','2006-04-08 23:56:11','2021-01-18 08:05:00'),(210,61,138,'Atque quia cumque molestias. Voluptas nulla quas dignissimos aut. Est sit est quia et dolorem.','1981-06-03 07:14:55','1995-11-08 14:37:22'),(211,68,250,'Fugit consequatur est omnis omnis. Nulla ea aut minus accusantium rem velit at. Harum est praesentium eligendi nam asperiores ducimus.','2020-06-08 04:04:20','1975-12-12 17:48:22'),(212,94,122,'Ut nisi eos provident eius velit dolores. Id omnis eum sapiente ut porro. Et occaecati quia odit suscipit id omnis.','2004-06-11 02:59:50','1975-07-28 20:08:39'),(213,3,193,'Itaque natus iusto non harum atque distinctio mollitia. Officiis omnis quaerat doloribus officiis excepturi. Et eum et vel similique voluptate. Ducimus et quia est pariatur neque sint deserunt atque.','1970-04-21 02:37:37','1994-04-27 17:05:46'),(214,98,254,'Et nobis voluptas commodi quia quia dolor. Voluptatem hic exercitationem necessitatibus placeat similique. Officiis magni sunt vero debitis officiis et. Animi praesentium nesciunt quia et iste quas.','1981-10-09 08:15:04','1990-02-08 15:50:44'),(215,30,170,'Autem mollitia repellat enim ex voluptatem. Illum quia voluptate et cupiditate laborum et cum quos.','1972-10-04 15:00:03','1977-09-14 08:09:28'),(216,29,156,'Et rem recusandae consequatur sunt nisi repudiandae natus. Commodi quod aut ea reiciendis. Ipsum eveniet dolor commodi perferendis veniam.','1993-10-10 09:08:34','1996-06-13 12:08:54'),(217,6,60,'Nisi culpa consequuntur nihil id. Temporibus veniam ratione dolor numquam nostrum. Exercitationem autem aliquam at deserunt est.','1973-04-25 20:13:47','1980-07-15 23:57:07'),(218,11,242,'Illo quasi sit praesentium et at quia. Ad amet dicta error saepe ut rerum earum. Quia tenetur asperiores in. Corrupti alias totam non minima dignissimos. Quidem aperiam qui velit minima.','2012-04-22 14:01:25','1988-07-14 21:14:01'),(219,35,30,'Quidem consequatur voluptate quibusdam iste. Facilis debitis aut dignissimos occaecati dolorum. Quis nisi earum harum et provident inventore quis. Vel velit tenetur dolore aut ut.','2014-06-21 14:03:39','2010-09-01 21:13:49'),(220,37,292,'Amet voluptas consequatur praesentium quis illo tempora. Voluptatem ut velit et. Qui alias vitae fugiat optio accusantium consequatur ut aut.','2000-12-05 20:32:41','2009-08-28 04:00:04'),(221,92,248,'Harum earum minus earum. Ut suscipit molestiae voluptatem vero eos nihil.\nRerum dolores aut et optio atque quis. Placeat velit vel voluptas ipsum. Non non nostrum nisi sint veritatis enim.','1991-11-01 21:36:40','1997-02-25 11:18:59'),(222,88,46,'Sed aut modi beatae quidem. Vitae dolore quos aut quisquam omnis et consectetur. Tempore sint et nam aspernatur quia.','1971-04-08 17:49:18','1971-04-10 11:38:29'),(223,4,77,'Nam officia et quo aut. Eum eaque maiores adipisci iusto. Et aliquid rem officia aut.','2007-09-21 03:50:35','2016-07-20 12:24:47'),(224,66,20,'Sint assumenda est distinctio repudiandae perferendis quo a. Maiores voluptatem consequatur ut. Aspernatur ut maiores qui quae. Culpa officia commodi beatae.','1996-03-10 10:03:54','1989-12-11 02:42:11'),(225,100,79,'Pariatur eos quas labore nemo pariatur sint. Porro aut in voluptas cum. Laborum corporis sit non minus repudiandae vel dicta. Atque officia modi velit id.','1983-09-16 13:38:33','1985-02-28 22:29:49'),(226,53,202,'Expedita est dolor enim aliquam. Vitae natus laborum qui. Voluptatem minus nobis voluptatum et aut id.','2014-07-10 01:49:43','1997-01-28 20:06:17'),(227,10,139,'Molestiae magnam molestiae corporis iusto magnam. In quisquam non dolor.\nSequi omnis voluptatem dolores et. Dolores exercitationem natus aut dolorum. Omnis voluptas qui cumque dolorem quis neque.','1984-09-07 14:33:26','2021-03-08 09:49:49'),(228,8,35,'Cum aliquid ut magnam eveniet. Expedita corporis aut molestias dolores odit est. Aliquid dicta suscipit vel sed voluptatem quisquam et. Natus tempore quia ad qui cum.','1986-06-30 23:34:37','1977-11-10 19:02:02'),(229,11,16,'Sed enim neque rerum eaque unde. Illo nesciunt molestiae impedit deserunt sit in id. Voluptatem voluptatem consequatur et molestiae ut corrupti. Odit doloribus aut quam officiis perspiciatis nihil.','1977-02-03 09:40:39','1995-08-16 15:22:13'),(230,97,121,'Dolores maiores voluptatem quis voluptas. Id omnis quia quo ut delectus deleniti quo. Et neque et qui laboriosam ut.','2002-12-03 09:46:03','2003-07-25 15:44:01'),(231,62,74,'Est qui quod aut modi sit. Aut velit molestiae cumque laboriosam. Placeat corrupti tenetur voluptas amet cumque ex. Nulla numquam velit nemo et.','1976-01-27 09:14:18','1991-10-28 13:25:33'),(232,92,203,'Enim nostrum magni dolore. Nihil tempore aliquid vitae et voluptas exercitationem veniam. Eveniet unde qui quia quia nulla recusandae quas. Alias ex ut praesentium libero qui et suscipit.','2005-03-24 23:52:49','2010-09-21 23:19:09'),(233,45,7,'Minus vero in doloribus est praesentium. Dolores autem illum dolor consequuntur. Hic nemo et quam voluptatem ipsum. Omnis ab cum aut nesciunt.','1994-12-24 06:03:51','1980-12-18 20:25:13'),(234,48,236,'Esse at omnis ab qui. Dolor harum hic hic nihil nulla. Dolores atque nobis reiciendis quasi. Similique animi soluta qui distinctio sit.','1971-12-28 17:32:44','2019-01-23 09:13:15'),(235,12,252,'In est veniam deleniti. Repellendus praesentium aliquid excepturi natus natus quis ea vero. Enim laborum ut ea ipsa ea molestias.','1972-12-19 02:56:10','1976-01-28 08:38:03'),(236,76,11,'Rem maxime sit hic autem sit officia. Animi maiores modi rerum. Quas neque et sit aperiam deserunt corrupti. Nisi quasi tenetur expedita nesciunt debitis.','1999-03-05 03:26:19','2008-01-05 12:58:16'),(237,67,190,'Enim dolore sunt officiis officiis. In iste qui ut rem nesciunt dolorem sit. Sint nobis reprehenderit voluptatem. Aliquam sed rerum nihil saepe dolorem.','2019-11-22 16:46:16','1975-11-20 18:15:28'),(238,19,211,'Sit dolor mollitia odit. Nam et necessitatibus sit delectus quia adipisci.','1990-06-19 05:10:40','1981-03-11 12:58:55'),(239,89,252,'Ut qui non et quidem. Pariatur sapiente inventore blanditiis saepe. Nihil a tempore molestiae beatae ullam iusto nihil sed.','2003-12-21 04:15:21','2011-03-31 01:49:02'),(240,77,265,'Dolorem sit a odit. Minima iure pariatur molestiae fuga tempora ut ea. Et occaecati nisi quaerat quasi quisquam ut. Commodi vel quaerat maiores repudiandae sit eaque.','2004-03-22 09:48:19','1987-06-17 03:05:56'),(241,11,87,'Quas earum est omnis soluta. Numquam et asperiores quia et laudantium eius eius at. Est quia occaecati voluptatibus voluptatibus beatae placeat.','2011-08-29 22:09:07','1984-08-14 14:28:41'),(242,56,59,'Ex voluptatibus porro nisi et inventore. Eos et ea aut ipsum.','1980-09-28 11:40:20','1980-04-10 11:15:14'),(243,75,189,'Ea voluptate quis excepturi rerum sunt. Provident ut dolorum laborum sunt voluptas.','1988-03-22 00:52:29','1982-01-18 03:37:09'),(244,32,256,'Ut inventore sit quia enim beatae. Cumque voluptatibus id aliquam aut nam. Veritatis autem ipsam dolorem numquam quam.','1989-08-28 22:33:59','2020-01-19 21:55:39'),(245,68,82,'Dolore adipisci qui cum repudiandae. Aliquid perspiciatis et optio atque. Nihil mollitia ut sunt numquam.','1983-12-04 23:23:06','2000-06-16 05:19:00'),(246,26,89,'Libero veniam harum doloremque assumenda quis sit. Et qui vel voluptatem harum natus ut aut. Error consequatur similique autem rerum dolor. Dolorem provident quia laudantium sint cumque.','1996-11-02 22:15:18','1977-07-12 07:25:35'),(247,52,53,'Quaerat aut qui aut. Eveniet a est magni odit voluptatem voluptas. Vel dolorum quam non voluptate dolorem repudiandae ut et. Praesentium temporibus similique aut.','1976-08-05 06:53:03','1990-09-26 05:20:17'),(248,97,288,'Quas eos facilis aut. Tempora corrupti corporis error possimus minus deleniti iusto. Et enim quo accusantium eveniet maiores voluptatum. Vel et incidunt tempore voluptatem neque animi.','1989-02-12 05:21:18','2016-09-07 14:28:59'),(249,20,135,'Illo nam aliquam ab ipsa tempora veritatis itaque. Distinctio id aut omnis et. Provident quo vel qui accusantium hic reiciendis. Distinctio eum earum ut.','2010-08-05 12:49:09','1991-04-09 02:13:59'),(250,75,95,'Molestias est similique quis rem aliquam cupiditate quos. Doloremque repudiandae ut ut molestiae et libero. Ad quis aut nam consequuntur tenetur.','1970-12-29 21:54:15','1977-08-03 04:28:34'),(251,29,151,'Corporis rerum eos omnis recusandae. Ipsam ut et excepturi ab consequatur.','2014-12-30 18:32:41','2010-02-09 14:11:34'),(252,36,286,'Dolor et omnis ut ducimus animi. Est rerum reiciendis dolore aliquam. Est enim sed facere ut aut et dignissimos. Nesciunt eligendi similique illo rerum.','1982-01-20 00:26:35','1981-12-30 04:49:36'),(253,14,162,'Assumenda quis qui laborum. Qui qui ea sed non quisquam aut. Est voluptatem maxime quas.','1976-06-18 03:02:26','2011-04-08 22:53:35'),(254,66,7,'Provident illo veniam officiis ad ea culpa totam. Quia aut dolores eveniet quam aspernatur. Dolorem nulla quia est ut voluptas laudantium. Aliquid a occaecati dicta ipsum adipisci dolore mollitia.','2004-06-27 15:13:47','1994-12-30 03:54:05'),(255,38,126,'Consectetur saepe voluptas fugit et sequi quis numquam. Repudiandae eos sed quia voluptatibus. Rem odit aspernatur et delectus.','1988-12-19 01:55:28','1999-03-16 08:30:28'),(256,91,144,'Vel autem dolor fugit consequuntur eveniet. Eaque corrupti officia rerum est minus et voluptatem. Non eaque quas quaerat excepturi explicabo provident.','1988-02-20 18:15:53','2008-06-07 16:16:33'),(257,71,138,'Eum quia voluptates ullam est beatae laborum corporis at. Velit ab pariatur dolores suscipit voluptatem in. Asperiores quo debitis distinctio dolorem nesciunt sint.','2011-02-23 06:54:46','2007-08-01 12:55:49'),(258,68,138,'Nesciunt nisi velit voluptates. Praesentium ab sit odit et iusto eveniet adipisci. Odio ut asperiores repudiandae tempora. Minus impedit qui et in.','1981-07-25 21:31:16','1984-09-03 08:11:17'),(259,9,296,'Quae maiores labore amet consequatur ea dolore molestiae. Assumenda temporibus quod sit doloribus eaque et. Explicabo magnam id voluptatem in esse ullam. Omnis sit consequatur ullam.','1998-06-22 15:24:58','1971-01-10 10:38:59'),(260,32,230,'Minima sit aspernatur et aut veritatis nesciunt voluptate. Hic sed reprehenderit qui inventore. Delectus sint est et repellat qui ipsa nemo.','2004-06-11 22:25:13','1984-07-20 16:06:51'),(261,26,170,'Et eos deleniti et placeat. Aliquam voluptatem consequatur quia mollitia. Amet qui et dolorum vel officiis.','2016-02-28 23:28:11','2017-02-16 11:03:42'),(262,7,232,'Est quis placeat veniam sunt aut repellendus saepe enim. Sunt reiciendis vitae officia modi quia aliquid amet. Sunt exercitationem quaerat consequuntur. Nihil cupiditate rerum asperiores dolorem.','1988-06-16 08:48:25','2018-06-26 08:56:48'),(263,74,10,'Ut vel officiis in. Enim cupiditate corporis et. Nihil autem aut quas vero et optio natus tempora.','1995-03-18 20:42:28','1995-07-17 08:54:48'),(264,74,281,'Qui a qui adipisci voluptatem odio ut. Iste architecto dolor doloribus. Tenetur at quis velit distinctio laborum quia.','1999-04-07 16:56:42','2014-03-12 12:04:23'),(265,48,143,'Autem voluptate tenetur animi nisi. Enim consequatur porro beatae dolorem exercitationem. Deserunt eum hic qui. Iusto qui necessitatibus quidem earum quod placeat iste exercitationem.','1987-12-11 02:09:38','2012-02-24 01:39:51'),(266,26,230,'Perspiciatis harum qui praesentium excepturi voluptas perspiciatis fugiat. Numquam est nostrum sit aperiam quo. Atque voluptas ea culpa impedit deleniti. Maiores tenetur neque et minima sit.','1970-03-13 01:38:32','2008-10-29 19:50:29'),(267,98,182,'Nesciunt non beatae qui nemo voluptatem iure. Rem placeat et quia illum quaerat. Aspernatur est sunt dolorem est.','1988-08-16 08:09:19','1971-11-03 05:29:35'),(268,72,33,'Assumenda harum mollitia autem dicta. Ut quo dolor alias. Veniam fugit eum quia dolorum nulla natus.','2007-12-09 06:41:30','2016-01-11 19:48:04'),(269,15,111,'Voluptas sint voluptatum ut minus. Non sapiente aut placeat culpa. Sed consequatur sed occaecati soluta illo. Quo voluptatum iure reiciendis ea delectus rerum sit.','2020-01-12 16:28:32','2000-01-25 19:13:23'),(270,14,157,'Accusantium porro eaque iste quae ut dolores nesciunt. Perspiciatis ea voluptas consectetur sunt quo. Animi ex fuga id consequatur sunt vero.','2016-11-28 07:23:16','1990-04-06 20:08:38'),(271,79,11,'Non atque delectus sed sequi voluptatem recusandae tempora. At vel qui expedita nobis ullam consectetur qui quis. A sunt eveniet consequatur autem.','2011-04-11 20:17:22','1987-05-04 06:30:16'),(272,1,149,'Quidem reiciendis quia ut velit repellendus. Cumque sed quam qui doloribus sunt. Tempora ut qui amet hic aut sunt. Quo libero labore aliquam et praesentium aliquam rem.','1983-11-13 02:49:44','1999-09-04 14:48:45'),(273,50,203,'Ut aut laborum eligendi pariatur porro. Eius deleniti at similique odio ullam. Consequuntur suscipit voluptas consectetur voluptatem.','1977-07-15 13:05:44','1996-04-11 07:02:47'),(274,96,174,'Occaecati sed veniam vero sit illum aut iure est. Aliquid pariatur excepturi et mollitia aut rerum magni. Dolorem distinctio praesentium vel tenetur.','2005-12-18 08:51:29','2002-05-09 17:55:46'),(275,66,80,'Impedit blanditiis et reiciendis nemo. Maxime facere at voluptas accusantium. Quasi modi deleniti non. Dolorem modi iste ut aliquid. Est ullam officiis corporis reiciendis.','1976-05-15 10:22:45','2017-03-19 23:53:13'),(276,35,274,'Quae tenetur quis repellendus ipsa reiciendis ipsum sequi. Dicta dicta beatae pariatur iusto officiis distinctio. Aliquid illo blanditiis provident laboriosam.','2012-09-21 12:03:13','2017-10-15 08:39:55'),(277,84,122,'Animi in voluptas cumque voluptates rerum consequatur. Modi quo perspiciatis reprehenderit temporibus laboriosam eos non. Qui est suscipit quia necessitatibus quod rerum.','2004-09-18 19:45:13','1990-03-04 22:20:34'),(278,69,172,'Perferendis pariatur et et vel. Distinctio corrupti non ratione labore unde non ab. Est voluptate aut ut quidem inventore voluptas impedit nulla.','2012-05-19 16:36:20','1976-04-24 21:22:53'),(279,44,125,'Eos vel voluptatem accusantium consequuntur architecto expedita corporis consequatur. Est voluptatibus non perspiciatis iure. Blanditiis veritatis et veniam velit.','1978-07-02 00:11:32','2005-11-27 20:49:53'),(280,51,275,'Aliquam et nisi aliquam repellendus illum omnis sit. Veniam totam cumque deleniti nesciunt incidunt reiciendis. Asperiores temporibus dicta quis porro veniam rem laboriosam.','1993-11-30 07:36:37','2007-08-19 02:29:38'),(281,89,228,'Nisi culpa voluptatem magnam et provident aut ut. Illum recusandae atque recusandae laboriosam at. Aut voluptate velit omnis consequatur ut amet beatae.','1993-06-05 07:23:37','1974-08-13 11:43:13'),(282,68,260,'Voluptatem rerum expedita ad ut eaque sunt. Aut deserunt quibusdam sequi nihil alias. Optio ad quo corporis ducimus.','2011-09-13 14:17:31','2018-02-05 20:00:01'),(283,37,120,'Dicta quaerat rem tenetur quos. Ut unde dolorem eum omnis voluptas praesentium sed. Sit eum at architecto et est odit. Adipisci sit commodi consequatur nesciunt ut perspiciatis quos.','1992-03-30 20:39:17','1979-12-08 07:39:48'),(284,98,152,'Earum itaque quas culpa provident rerum nisi quo. Id vitae est natus illo. Saepe atque ea repellendus libero quidem iste.','1977-10-11 21:07:02','2013-04-18 21:20:06'),(285,77,33,'Minus debitis dolores tenetur est eum voluptas quod provident. Odio molestiae non placeat est nihil ut quis ipsa. Velit ut sit voluptas numquam id deleniti qui quis. Maxime accusamus quae sint sint.','2021-02-18 07:30:21','1998-05-22 01:39:43'),(286,3,167,'Sed dolor consequuntur sequi eligendi. Officia dolores illum molestiae.','1976-05-18 03:16:54','2011-04-06 03:22:13'),(287,15,9,'Consectetur distinctio corporis odit earum nihil. Quae ab maxime sit rem perferendis. Voluptatem quam id sunt beatae aut suscipit consequatur. Excepturi magnam quia ducimus omnis.','1971-10-19 05:43:54','1991-08-28 20:18:55'),(288,6,192,'Magnam necessitatibus velit expedita voluptates eos repellat. Ipsum eius natus inventore eum. Aspernatur qui sed temporibus.','2005-08-05 07:32:34','1980-09-16 14:26:23'),(289,71,2,'Ut dolor neque sunt ad error qui. Alias aliquid nostrum sit ducimus ut quia qui aut. Qui voluptatem porro beatae eum sit.','2004-09-17 22:11:35','1970-05-28 06:10:48'),(290,22,108,'Aliquam ab et illo aut fugiat. Aliquam impedit ab ipsam. Enim minima et sint voluptas est.\nSed in dolor non est est fuga. Rerum ipsam consectetur quia perspiciatis qui fugit est.','1974-03-26 19:24:33','1977-07-18 18:02:55'),(291,27,169,'Doloribus qui a esse voluptatum. Quaerat itaque aut culpa magnam. Enim quibusdam sunt voluptate laboriosam cum.','1975-02-21 22:27:35','1975-07-15 04:08:36'),(292,28,30,'Harum assumenda qui molestiae sit aut placeat eaque. Ut aliquid voluptas commodi dolores modi. Ipsum cumque esse voluptatem vero pariatur ut autem. Hic saepe qui non ut.','2001-09-09 00:38:35','2020-05-08 13:42:10'),(293,97,288,'Nostrum dolor odit voluptates. Dolor id pariatur eum qui et enim quia.','1995-05-28 06:45:50','1970-09-23 20:48:28'),(294,67,121,'Architecto ratione aut aut corrupti. Quibusdam facere nisi quod labore nihil quia. Laudantium hic sapiente quia iste sit.','1995-05-14 18:09:23','1970-08-28 23:47:29'),(295,38,53,'Aspernatur quo voluptatibus qui ut. Quaerat et in velit commodi velit. Commodi iusto est assumenda itaque officia eaque totam cupiditate.','2019-11-14 21:08:17','2003-03-07 05:45:13'),(296,32,79,'Eos recusandae nihil enim occaecati omnis dolore. Placeat repellendus assumenda repellendus rerum deserunt. Molestiae fugiat perspiciatis dolore atque ut. Hic vero dicta est a dolores quas.','1977-07-05 15:45:23','1972-12-20 08:26:12'),(297,94,299,'Dolorum pariatur fugiat culpa illo dolor. Quia aspernatur voluptas et omnis quis veniam. Voluptatem et adipisci eos dignissimos delectus.','2021-03-21 08:36:20','2018-03-15 17:34:53'),(298,13,90,'Maxime tempora necessitatibus optio vero. Aut culpa facilis quasi omnis id ipsam. Voluptas ab aut cupiditate. Harum fugiat perferendis saepe maxime ea non.','1990-12-15 08:57:24','1985-02-04 11:12:52'),(299,40,32,'Eaque sunt cupiditate tenetur. Quaerat omnis eum omnis nisi quia. Sequi cupiditate qui et unde. Consequatur vitae vitae id numquam quidem. Qui enim consectetur voluptatem aut possimus.','1973-11-07 12:29:30','2009-03-03 15:49:08'),(300,81,48,'Distinctio magnam accusantium alias ut. In voluptas consequatur rem. Eligendi consequatur nulla amet.','1970-08-06 02:22:58','1970-10-08 08:26:24'),(301,22,250,'Modi autem nesciunt quia. Animi deleniti maiores sequi quae. Quisquam hic dignissimos quia voluptatem veniam praesentium earum. Quia itaque exercitationem culpa libero dolor voluptas fugiat.','1980-07-16 07:33:01','2011-04-15 03:08:28'),(302,72,107,'Quis doloremque veritatis quisquam velit. Et ut vero placeat doloribus dolor et accusantium. Accusamus repellendus aspernatur iusto. Aspernatur est id quo. Iste nulla laudantium quos.','1973-06-10 07:04:05','2018-06-08 02:53:10'),(303,86,230,'Culpa aut hic optio. Nesciunt facilis eos qui repellendus at repellendus autem. Sed perspiciatis eaque sapiente nemo necessitatibus. Optio non exercitationem libero eum debitis.','1986-06-27 16:38:09','1990-01-26 11:27:29'),(304,100,169,'Quod sint sapiente perspiciatis atque. Nihil temporibus expedita ab quas. Debitis aliquam nesciunt voluptas non veniam quae. Consectetur porro eos qui nulla ipsam numquam.','1970-01-18 02:00:26','1979-01-26 22:59:38'),(305,77,64,'Blanditiis odio molestiae assumenda aspernatur. Iste harum autem dolorem. Dolorum esse necessitatibus maxime.','1983-03-27 06:22:39','1997-05-17 18:54:34'),(306,93,12,'Nihil necessitatibus minima impedit iure veniam ut. Nam aut omnis laboriosam magni dolorem aliquam consequatur. Debitis nobis sint nesciunt dolore.','1983-09-15 08:27:35','1991-09-25 01:32:26'),(307,78,59,'Optio nulla temporibus ex reiciendis quam. Officia cum aperiam et cupiditate et. Nesciunt rerum omnis saepe voluptatem nostrum. Praesentium ut ut perferendis reprehenderit molestiae.','2001-08-13 16:03:45','1984-12-27 20:57:40'),(308,14,223,'Amet earum expedita rerum omnis et atque. Vel nihil ab blanditiis vel. Quisquam nihil totam nam harum et.','1983-12-11 17:12:38','2015-12-07 06:36:39'),(309,16,242,'Iure alias ut velit eum. Quas illum assumenda repellat aliquam aspernatur incidunt. Sit suscipit ut eaque.','1992-06-12 08:13:36','1972-07-19 22:27:35'),(310,15,157,'Iusto velit doloremque nihil eveniet corporis odit. Ut quis quis velit occaecati nisi omnis quae. Earum voluptatibus iste ipsa dolores dignissimos et earum.','1980-01-19 01:05:42','1988-02-08 15:31:32'),(311,99,138,'Rerum voluptas minima vero id molestiae. Fugiat voluptas et voluptas aut aspernatur quo. Ab sed quis ut in quisquam. Commodi necessitatibus saepe possimus nesciunt officiis.','1986-08-20 08:45:49','2003-07-02 01:51:11'),(312,79,275,'Et quae sunt veniam est ullam. Quae reiciendis impedit ut vel atque. Dolorum nihil delectus qui incidunt vel nisi aut. Aut rerum aut alias tempora culpa exercitationem possimus.','2003-08-05 10:06:21','2004-02-08 23:55:53'),(313,46,274,'Et cupiditate accusamus voluptas sint. Aut maxime repellendus explicabo debitis. Iure laborum perspiciatis omnis sit assumenda qui.','2011-01-03 08:22:00','2014-06-06 15:30:58'),(314,22,254,'Inventore odit mollitia repellendus et est. Sapiente aliquid qui in enim sed. Odio deleniti tempora rerum soluta numquam magni quia.','2017-11-25 08:23:31','2015-08-06 19:47:27'),(315,2,6,'Error voluptates porro non fugit rem. Inventore dolor quia qui sit. Optio et nobis culpa. Et eius cupiditate autem similique vitae sunt.','1975-09-15 09:48:36','1987-07-19 04:14:59'),(316,1,69,'Voluptatem et doloribus fugit. Adipisci ea fugit labore blanditiis eos. Voluptatem ratione corrupti voluptatem.','2002-10-24 07:47:52','1990-01-29 20:50:53'),(317,86,217,'Sed sint neque sit velit. Dolor unde maxime natus fuga id impedit. Dolor pariatur est dolor ullam minus labore.\nIn ea nisi vero. Delectus libero perspiciatis earum et ut dolorum.','2003-10-29 20:28:56','2016-11-07 16:29:41'),(318,59,214,'Aut nesciunt ex eveniet quasi perspiciatis. Rerum dolores veritatis enim error expedita. Consequatur cupiditate dolore aliquid nobis omnis architecto. Dolores ea consequatur minus sint.','2017-04-28 23:12:10','2008-01-25 12:16:22'),(319,49,174,'Perferendis magni dolores temporibus temporibus harum vitae. Quia illum qui rerum ducimus enim aut. Quaerat qui illo earum eveniet aperiam.','2006-01-18 20:26:34','1985-11-29 19:32:03'),(320,28,77,'Rerum natus aspernatur ipsum aspernatur pariatur inventore est. Eos quo aut tenetur distinctio et dicta enim. Aut recusandae hic illum suscipit voluptatem illum rerum.','1978-11-27 16:30:40','1992-03-12 23:06:44'),(321,80,58,'Sint consectetur ab accusantium corrupti ad deserunt. Quibusdam ipsum sunt et autem. Et et unde molestiae maiores quia vero.','1985-10-14 18:12:44','2003-02-04 06:11:07'),(322,30,170,'Rerum quo minima dignissimos qui in. Velit delectus aut aspernatur sequi. Perferendis non laborum sed et inventore quibusdam earum natus. Ut alias magni dicta molestiae quia pariatur totam porro.','2009-07-09 16:55:43','1998-01-15 11:32:08'),(323,39,128,'Dolorem perferendis non sit et. Id illo aut non debitis nisi aspernatur vel.','1980-12-14 10:08:09','1981-12-30 10:39:55'),(324,31,162,'Recusandae ratione necessitatibus qui ut qui sit ut. Minima vel odio suscipit voluptas occaecati necessitatibus.','2003-01-01 03:18:45','1974-06-05 05:52:30'),(325,24,136,'Reprehenderit quos voluptatum magnam odio minus. Dolores repellendus qui sequi odio.','2005-01-21 20:48:00','1999-07-21 11:14:31'),(326,7,64,'Non nam amet alias. Est tempore voluptatem voluptatem aliquid consequuntur. Est voluptatem libero ut ipsa ad voluptas. Fuga iure quia ex corporis delectus temporibus dignissimos.','1978-12-29 19:24:54','1972-07-20 17:23:16'),(327,91,254,'Natus tempore sit consequuntur neque optio perspiciatis. Sit quos placeat delectus saepe sed. Molestiae quae placeat velit delectus. Autem dolor eos quibusdam quaerat iste molestias.','2013-10-06 21:15:27','1981-12-15 11:21:04'),(328,13,109,'Consequatur amet autem et. Maxime laborum assumenda accusantium dolore possimus. Expedita consequatur praesentium laudantium et ipsa.','1979-11-09 19:24:24','2021-03-16 16:11:35'),(329,76,103,'Tenetur nam qui pariatur perspiciatis ipsa neque ea. Voluptatum molestias autem est facere. Optio repudiandae aut accusamus molestiae velit deleniti.','1984-04-09 18:29:13','1981-04-25 03:05:37'),(330,21,232,'Voluptate consequuntur dolorum illo aut. Autem at quos nulla cumque eos minus et. In nam delectus omnis.','2004-04-05 08:31:35','2012-09-30 17:43:20'),(331,37,65,'Atque non suscipit consequatur earum est ipsa. Corrupti ut quia qui et. Ipsum nemo et quia facere et esse quia dolorum.','2010-06-18 21:21:59','2003-04-21 17:23:17'),(332,100,64,'Fuga qui voluptatem saepe aut. Est voluptatem vero molestiae. Asperiores nesciunt velit aut optio animi et. Corporis tempora voluptatem minima tenetur corporis qui quasi.','1981-08-23 23:11:27','1985-11-05 01:32:49'),(333,94,175,'Id vero in praesentium. Dolor officiis corrupti molestias nobis rerum. Et molestias repudiandae autem ullam sunt eum. Aut cupiditate voluptatibus cum ut quas quas. Maiores esse ratione soluta eaque.','2013-01-28 23:12:04','2011-10-22 10:00:52'),(334,93,127,'Quod est perspiciatis praesentium. Facilis odit nisi quas adipisci soluta incidunt. Dolorem porro non mollitia qui debitis voluptate cum nam.','2020-03-10 20:44:02','1982-07-16 14:25:13'),(335,17,59,'Suscipit nulla modi nam ut rerum perspiciatis. Itaque accusamus consectetur aliquid nam. Dolore labore quia nemo quasi vel sunt. Accusamus et id quis saepe quos voluptate.','2014-03-17 15:00:05','1970-12-02 02:12:18'),(336,68,286,'Fuga est ut et inventore consequatur autem. Ab consequatur ut qui. Suscipit aut debitis repellendus accusamus odio nisi.','2014-03-05 17:00:28','1982-08-06 16:27:26'),(337,39,290,'Iure quaerat in illum dolorem. Illo accusantium itaque quia aut iusto. Ipsa porro eius minus excepturi est. Quam dignissimos neque provident natus temporibus dolorem tempore.','1990-09-02 16:48:25','1974-12-05 00:20:07'),(338,52,233,'Est voluptatibus at sint quia sit. Voluptates deserunt soluta harum similique. Deleniti autem ipsum sunt veritatis omnis nihil.','1976-10-22 20:13:06','2011-07-22 19:29:35'),(339,40,247,'Ut suscipit nulla officiis corrupti voluptas repudiandae. Quo laborum iusto labore assumenda provident nemo. Quas laboriosam rem necessitatibus aspernatur.','2004-12-19 05:41:35','2017-02-09 08:12:12'),(340,32,187,'Error est eligendi at consequuntur officiis totam perferendis recusandae. Nulla totam laboriosam maxime possimus ratione deleniti sint dolorem. Deleniti dolores sit molestias quam.','2006-08-03 19:10:08','2003-08-20 19:10:44'),(341,28,112,'Explicabo est maxime sint quo doloremque quidem. Error et repellat at aut et consequuntur. Officiis repellendus et doloremque ea. Officia quia est fugiat nemo assumenda possimus excepturi suscipit.','2011-08-01 10:25:45','1992-05-28 06:20:50'),(342,84,55,'Error corporis est et sapiente sed qui modi autem. Tempora corporis enim enim quia recusandae dolores. Dolorem reiciendis provident praesentium nobis.','1977-06-17 07:34:26','1989-02-28 02:30:39'),(343,22,289,'Autem ut enim adipisci expedita ipsam laborum sequi. Reiciendis voluptas quis veniam accusantium dolorem consequatur dolores. Velit atque aperiam distinctio alias nam.','2010-12-20 07:33:29','1976-06-26 10:01:31'),(344,55,293,'Voluptates rerum modi incidunt dolor sed corporis. Ipsum autem quis consequatur autem enim numquam sunt est. Eos odit illo quidem harum.','1999-01-28 07:02:04','1975-07-18 14:58:05'),(345,31,227,'Repellendus qui id blanditiis eius rerum tempore. Doloribus minima asperiores et quis quam perspiciatis autem. Officia aut rerum totam delectus ut laudantium illo hic.','2018-10-12 05:31:50','2010-06-25 18:30:23'),(346,75,200,'Id aliquid minus soluta ea rem. Autem voluptatem quo sed voluptas molestias tempore. Illum qui maiores labore quibusdam est nam eveniet architecto. Quis tenetur aut vel est qui.','1979-01-25 04:11:16','1973-02-16 05:56:22'),(347,98,224,'Sed voluptatem possimus saepe libero laudantium. Quae rerum minus quis enim ex omnis ad. Aut quia quam corporis asperiores similique.','1980-06-11 06:33:45','2005-12-31 03:39:23'),(348,88,273,'Aperiam atque blanditiis nemo magnam sed. Aut qui deleniti dolore tempora. Deleniti voluptatum ut occaecati ex voluptate.','2016-08-14 20:32:25','2002-01-11 06:44:27'),(349,33,241,'Exercitationem est corporis quo reprehenderit autem ut et. Ad aut temporibus itaque. Enim a numquam rerum voluptas ut.','1978-01-30 09:46:50','1980-07-03 23:26:55'),(350,33,147,'Numquam eveniet quia ut et dolor. Id explicabo voluptas ut culpa et sunt neque. Rerum velit rerum consequatur quaerat fugiat. Et corporis corrupti voluptatem ut et laborum.','2009-07-10 03:41:25','1970-10-22 03:46:48'),(351,100,1,'Assumenda ut unde magni eos optio nam. Repellat repudiandae tempore eum aut iste voluptas possimus qui. Dolores maiores fugit ex soluta quibusdam architecto.','1992-05-24 18:19:52','1974-07-28 03:35:45'),(352,45,116,'Vel blanditiis adipisci rerum ut cum. Ipsa culpa omnis impedit et velit est. Porro beatae a vel repellendus animi sunt.','1985-11-03 02:48:03','2014-02-06 19:38:15'),(353,97,288,'Occaecati omnis quos beatae velit impedit laborum. Id iusto voluptas quo deleniti aut et. Vero consequatur aperiam mollitia fugit.','2003-08-16 03:49:52','2001-05-25 15:50:53'),(354,16,108,'Eveniet omnis dolorem illum. Qui optio consequatur atque pariatur et facere. Beatae porro voluptates fugit voluptate voluptatem id necessitatibus.','1997-07-06 00:25:58','1987-12-31 20:25:52'),(355,79,142,'Architecto dolorem harum accusamus deleniti incidunt optio. Unde dolorum molestias asperiores repudiandae incidunt consequuntur.','2004-01-31 19:59:26','1996-04-14 16:54:18'),(356,98,17,'Quia sunt sed autem temporibus praesentium a. Explicabo autem quos quia nulla consectetur assumenda. In quidem totam provident voluptatibus qui quaerat sint. Ut et cum rerum saepe minima ut.','1970-07-02 21:14:57','1997-08-18 02:30:53'),(357,85,244,'Adipisci fugiat nobis aut magni. Ratione voluptatem est dolores quod. Itaque deleniti facilis sit excepturi voluptas ratione enim a.','1977-01-11 12:36:32','1987-07-03 20:35:04'),(358,24,19,'Porro consequatur est rerum autem quos a in. Velit qui dolores rem maiores nam repellendus minima. Soluta sunt tempore consectetur.','1985-09-26 22:18:37','1971-10-02 22:34:12'),(359,78,236,'Natus eaque nisi nihil. Qui aut ut praesentium dicta dicta alias. Qui sit veniam odit eius quae fugit rerum. Labore id sint quod consectetur sit omnis.','1990-12-20 05:44:44','1989-03-14 19:40:06'),(360,4,24,'Dolorum magni nisi dignissimos sed est ea. Rem quia magnam modi enim. Voluptates cum doloremque aperiam quo. Sint commodi omnis quis praesentium sunt eligendi.','2006-05-10 19:41:19','2019-10-14 16:37:04'),(361,55,235,'Quis dolorem est molestias nisi iusto. Quis veniam quae quo neque. Consequuntur ad id libero non id perspiciatis error velit.','2016-04-21 05:15:45','2001-07-02 20:27:22'),(362,75,154,'Consectetur eos qui voluptatibus veniam ex aut ea. Aut error esse dolorum. Ipsum fugiat dolor assumenda qui maxime sint mollitia. Fugiat minus velit odio unde.','2006-08-23 09:36:57','2005-01-11 16:44:15'),(363,53,186,'Necessitatibus laboriosam animi quis. Et numquam odio pariatur aut.','1978-01-28 21:26:47','1973-07-31 21:36:22'),(364,42,257,'Dolore quo voluptas ut dolor. In necessitatibus porro laboriosam dolores. Nobis repellendus quo impedit unde. Omnis aliquam dolor reiciendis assumenda voluptatem a atque praesentium.','2012-02-20 17:59:28','1972-12-01 12:18:39'),(365,43,225,'Placeat a libero nihil blanditiis. Hic nam dignissimos consequatur quia.','1992-06-13 08:20:13','1974-05-01 21:27:19'),(366,35,125,'Nesciunt necessitatibus quia debitis. Iusto eveniet temporibus et et. Et suscipit et voluptates porro. Recusandae inventore cumque fugiat sed quia omnis saepe.','2018-02-10 03:22:15','1993-04-19 06:55:55'),(367,75,236,'Impedit atque autem earum et. Cumque minus omnis qui consectetur nostrum velit.\nIn consectetur iure quis est voluptas. Nam qui a beatae cumque quis voluptatum. Aperiam velit modi ut nobis non.','2006-02-17 02:46:46','2018-05-23 18:50:40'),(368,81,215,'Ipsam quisquam laudantium excepturi. Sequi ipsum deserunt perspiciatis voluptatem molestiae. Dolorum blanditiis magni architecto natus nihil ut voluptas.','1988-09-23 13:20:47','1970-12-31 17:34:16'),(369,75,288,'Illum neque eligendi ut molestiae eum commodi officia. Quo officiis perferendis et libero numquam rerum. Porro animi eveniet voluptatem magnam.','2006-09-21 18:02:53','1976-08-01 06:42:28'),(370,8,157,'Porro at exercitationem qui perferendis rerum. Nobis cum similique impedit vel suscipit qui.','1980-08-05 12:40:00','1995-04-15 20:39:06'),(371,44,17,'Sed sunt iusto ut recusandae sunt. Beatae quia et adipisci ut perspiciatis officiis nemo. Aperiam ut autem nobis nemo voluptatum culpa. Sunt iusto accusantium et a doloribus dolor voluptate.','1984-09-05 01:45:01','1988-12-19 20:01:21'),(372,58,84,'Doloribus qui sint voluptate explicabo laudantium aut quia. Temporibus est corporis sit non atque pariatur quas quidem. Temporibus id ab dignissimos voluptate.','1995-07-11 23:21:12','1981-01-29 11:13:34'),(373,87,245,'Laudantium reprehenderit sequi harum ut id sint. Et optio est numquam rem est. Quia velit aut molestiae.','1989-11-22 01:11:54','2003-10-07 13:47:01'),(374,34,192,'Sit nemo sed error aut accusamus minima. Voluptatem et sapiente architecto iusto maxime necessitatibus.','1984-09-07 14:51:14','1996-12-30 09:13:43'),(375,60,113,'Doloribus rem occaecati non suscipit et ab quam. Ea hic et non neque mollitia. Minima repellendus quae possimus hic ut vel et. Qui iure ut nesciunt expedita sit.','2012-01-05 09:24:04','1970-04-01 12:52:31'),(376,72,42,'Aliquam rerum minus sint inventore. Ut sit sunt et ipsum pariatur quia sed. Repudiandae aut odio cum minus mollitia unde corrupti. Necessitatibus cupiditate ipsam ea ullam aliquid.','1992-03-18 23:28:18','1970-02-01 18:09:04'),(377,16,138,'Itaque sapiente praesentium laborum iusto assumenda sint fugiat voluptatem. Ullam fugit et nostrum consequatur voluptatibus consectetur quia. Voluptates quia neque sit provident est est.','2020-01-19 04:58:23','2015-03-05 21:45:49'),(378,65,205,'Voluptas quis modi culpa velit est provident. Explicabo voluptatem possimus assumenda aliquam. Cupiditate ex a deleniti ut quisquam ut. Natus quibusdam pariatur qui enim accusantium.','2010-04-02 13:25:31','2014-09-27 07:57:57'),(379,8,21,'Ipsum ea sequi corporis cupiditate ad dolor. Distinctio dolorem praesentium blanditiis aut ex atque enim. Quisquam molestias dolorum ea perferendis delectus aut. Autem a aut rem laudantium.','1978-12-17 08:15:32','1973-06-29 14:10:34'),(380,54,150,'Accusamus animi porro sit aliquid. Impedit in est dolore quis iure veniam. Facere eum necessitatibus fugit cum fuga doloremque voluptatem. Ex et asperiores sequi cumque ipsam mollitia.','2000-08-17 14:52:35','1989-07-27 05:16:35'),(381,82,265,'Autem qui similique iste dolores ut minus repudiandae. Quod beatae assumenda consequatur quia. Reprehenderit incidunt aliquid sint aspernatur.','1973-09-25 18:14:36','1991-12-05 03:04:30'),(382,92,170,'Corrupti voluptas possimus nemo maiores voluptas. Rerum quis provident praesentium atque. Unde impedit cumque quibusdam error omnis. Qui quia repellendus in quam natus dolores sunt.','1982-12-16 21:28:01','2005-04-15 01:38:04'),(383,67,215,'Nostrum doloremque aliquid facilis sint et repellendus nostrum. Iure qui adipisci placeat omnis omnis. Ut quis reprehenderit voluptas voluptatem esse autem ab. Ipsam beatae est dolores aut.','2017-01-31 16:25:35','1999-12-26 12:34:26'),(384,29,123,'Facilis similique sequi dolorem enim fugit accusamus. Eius molestiae minima illo itaque alias quis necessitatibus. Voluptatum alias dolores beatae eum est aliquam.','2018-04-09 23:26:54','1974-11-09 02:52:31'),(385,68,107,'Cumque ab vel culpa nihil qui. Et sunt voluptatem aut. Aspernatur aut architecto iste fugit a blanditiis.','1972-02-06 21:38:08','2009-07-08 16:07:38'),(386,94,32,'Reprehenderit eos voluptas ipsum aut eligendi. Id voluptatem architecto nihil non omnis. Quod omnis quod est enim mollitia et. Autem a eaque quo non.','2004-07-16 15:57:51','1980-02-03 07:00:28'),(387,41,153,'Tenetur sint quis id tempore labore. Dolorem rem esse qui est neque aut excepturi esse. Quis fuga molestiae non et debitis aut.','1984-09-19 16:02:48','1986-02-18 02:15:13'),(388,39,83,'Ipsam sunt amet qui harum eaque. Molestiae omnis labore praesentium est illo sed.','1991-08-28 22:25:36','2016-04-19 16:59:41'),(389,33,217,'Repudiandae quasi eius nam repudiandae dignissimos. Quaerat qui impedit inventore eos maiores. Reiciendis sequi incidunt ut odio sunt sequi. Voluptate molestias doloribus maiores numquam sit.','1993-01-20 02:45:14','2016-03-31 17:44:40'),(390,92,277,'Quam ut possimus voluptas fuga sapiente aut fugiat. Nesciunt expedita atque velit. Neque et autem voluptas maxime. Velit expedita fugiat aliquam.','1989-04-23 11:38:21','2001-03-24 19:10:57'),(391,10,190,'Odio iusto non perspiciatis qui exercitationem magni quia. Qui est et nulla provident ratione dolores inventore. Et inventore ipsam vero similique nihil.','2009-05-01 00:37:02','2015-02-28 04:22:49'),(392,6,77,'Dignissimos quia et reiciendis tenetur aliquam repudiandae eaque. Aliquam id rerum beatae voluptate. Et et quibusdam ipsa provident culpa fuga. Veritatis id ab deleniti quidem molestiae.','1989-03-21 09:44:42','1994-06-19 06:29:18'),(393,9,213,'Eum molestiae amet rerum consequuntur. Ut asperiores facilis ea quia.','1984-07-05 18:00:37','2009-09-24 09:15:33'),(394,94,51,'Repellat aperiam inventore eligendi ab nihil sit quia. Hic iure quasi consectetur quas et doloribus et velit. Sint dolorem impedit ut sed.','2000-12-23 16:44:00','2001-07-16 08:54:25'),(395,78,143,'Dolore voluptas debitis nulla numquam dolores. Ad ad eligendi laborum asperiores sequi vel et. Occaecati numquam delectus rerum delectus facilis et eos. Est repellendus impedit possimus voluptas quo.','2021-02-14 17:36:08','1971-06-27 03:13:02'),(396,67,178,'Sed fugit omnis in debitis. Sunt illo consequatur laborum. Temporibus similique autem sed perspiciatis amet et. Fugit expedita officia tempora magni dolor temporibus maxime.','1970-05-29 14:41:16','1971-04-06 02:12:53'),(397,36,175,'Beatae sit praesentium praesentium ducimus nihil iusto. Repudiandae rerum quos id quis. Aut qui repellat dolore sint.','2003-05-06 22:25:45','1984-06-11 06:47:15'),(398,16,8,'Veritatis consectetur dolore fugit. Debitis a est nulla iure. Assumenda sit reiciendis culpa pariatur omnis.','1971-10-06 07:14:27','2014-10-30 08:18:51'),(399,30,132,'Repellendus odit qui voluptas quod. Eos consequatur harum est eveniet blanditiis eum. Cum dolorem non consequatur dolor ut vitae consequuntur maxime.','2018-03-13 12:54:06','2009-11-28 09:03:49'),(400,44,292,'Enim et quis molestias modi esse accusamus. Voluptas repellendus molestiae ab dicta aliquid. At voluptatem nisi nemo consequuntur. Rem laborum tempora aperiam aliquid repellat et modi.','1977-07-04 20:51:02','2001-12-08 12:55:50'),(401,80,111,'Ipsa cum doloribus fuga debitis non. Perspiciatis repudiandae nulla neque nostrum voluptas quia. Molestias qui eum inventore maiores voluptatum.','2006-03-26 07:45:08','1971-06-01 16:46:49'),(402,8,61,'Reiciendis totam quos odit eum iure optio similique. Neque repellat velit aut. Quaerat voluptatem officia modi et rerum sit facere.','1977-11-26 00:51:30','1971-06-06 12:21:58'),(403,88,139,'Ut vero blanditiis ut. Quod vitae nobis placeat quia repellat. Et rerum et non qui qui. Ex et non occaecati molestiae sapiente facere unde.','1972-08-06 13:41:50','1975-12-04 08:27:32'),(404,48,60,'Similique ut saepe atque. Culpa ea corporis voluptas aut voluptates est minus. In inventore commodi voluptate repellat voluptatibus voluptatum. Ut quibusdam assumenda sequi.','2019-02-19 03:32:12','2009-03-19 20:06:48'),(405,19,118,'In nemo dicta sed aliquam nostrum perferendis pariatur. Qui adipisci provident illum omnis. Vero iste in eum voluptate quod magnam quidem.','1992-08-11 17:29:53','2006-06-21 12:19:00'),(406,12,85,'Repellat qui in distinctio iusto impedit at. Ut eius non sint odit hic.','2012-06-26 15:04:06','1975-12-13 19:42:07'),(407,3,53,'Totam libero fuga quo est aut magnam eum. Enim ab aut culpa omnis eaque cumque perspiciatis. Dolorem error pariatur ab nam.','2004-01-27 22:25:06','1972-08-10 13:39:52'),(408,54,35,'Dolor molestiae totam omnis est culpa aut. Eos unde eaque asperiores repudiandae ut ab voluptas. Accusantium molestiae esse facilis ipsum impedit pariatur.','2001-06-17 11:51:08','1973-11-22 02:11:27'),(409,89,142,'Explicabo enim id quam quis. Blanditiis quod praesentium hic harum dolores. Suscipit quod occaecati est tempore consectetur qui.','2011-11-09 04:53:44','2013-11-26 23:28:43'),(410,29,198,'Blanditiis tempore repellat non et atque. Soluta natus laudantium qui et pariatur id provident. Dolorem alias tenetur harum et expedita.','2000-07-16 11:21:33','2002-06-14 01:40:06'),(411,95,285,'Fugit dolorem dolorem voluptatum quibusdam sed eveniet voluptatem. Vitae dignissimos ipsum enim. Fugiat et distinctio harum quia.','1994-01-22 07:57:34','1982-12-29 12:36:56'),(412,26,92,'Praesentium est laborum minima sint aperiam dolores sit quo. Sequi deserunt consequatur incidunt. Dolore omnis aliquam tenetur nam sunt nihil tenetur. Ex error eos ipsa at rerum provident.','2014-08-31 02:26:34','1974-07-31 10:29:42'),(413,54,122,'Nisi distinctio asperiores consequatur dicta occaecati delectus in. Provident accusantium dicta est consequuntur. Corporis earum pariatur modi sed est sapiente voluptas.','2003-02-22 07:21:35','2007-04-24 11:34:10'),(414,34,249,'Ipsum suscipit et est laboriosam non facilis suscipit. Occaecati libero alias tenetur porro velit. Illo laboriosam quia pariatur illum fugiat.','1993-05-06 20:46:41','2016-10-04 14:50:54'),(415,85,230,'Consequuntur consequatur qui dicta ea at sed. Est autem vel qui cupiditate. Ratione nihil saepe quas. Ducimus non assumenda ducimus.','2011-06-14 09:43:48','1984-12-19 00:22:32'),(416,81,191,'Doloremque est qui rerum. Quia ut doloribus beatae ipsa iste qui quis et. Eos ipsa dolores nemo nobis voluptates. Ut sed necessitatibus beatae.','2005-04-26 13:26:47','1980-07-04 06:45:30'),(417,14,265,'Temporibus vel possimus ullam nobis unde voluptatem. Ullam voluptatem vel vitae non doloribus. Qui doloribus et maxime corrupti facilis velit quibusdam.','1989-08-09 06:30:14','1979-08-31 18:56:12'),(418,84,3,'Architecto cum asperiores a soluta aut deleniti quis. Est voluptates numquam et aut accusantium et fugit. Atque doloremque provident rerum. Cum corporis error illo et qui explicabo ut.','1999-08-22 05:07:23','2005-07-24 08:01:13'),(419,35,95,'Vitae doloribus fugit sunt ut. Aliquid quos sint sed voluptatibus. Quaerat voluptatibus nihil eveniet voluptatem repellendus. Velit blanditiis facilis eos.','1976-07-27 03:46:21','1989-04-09 07:56:52'),(420,21,159,'Et porro aliquid enim. Quidem nesciunt et necessitatibus qui non dicta. Sit quo quos soluta quo ea doloremque dolorem animi.','1981-08-13 23:23:10','2010-04-06 10:00:56'),(421,71,98,'Voluptatibus velit enim aut laboriosam ea laudantium provident itaque. Nemo nobis qui officiis laboriosam id culpa molestiae.','1975-06-10 04:32:19','1976-07-30 13:45:06'),(422,81,220,'Sapiente et beatae velit aut modi voluptatem. Aut repellendus sit corporis facere labore non. Odit placeat eveniet impedit voluptatibus et maiores.','1983-06-03 07:52:31','2005-08-30 15:18:45'),(423,51,104,'Dolor accusantium similique nulla aliquid laudantium. Totam perspiciatis eos et sit facere eum. Enim dolor sunt quod quia. Tempora sint dicta qui eaque itaque modi explicabo.','2007-08-26 07:17:56','1997-06-01 16:59:42'),(424,85,116,'Et accusamus dolorem vitae mollitia labore. Non magni a est quo repellat sit modi.','2002-06-06 11:37:37','1985-12-24 18:32:15'),(425,82,39,'Nihil aliquid aut corrupti nulla qui optio. Eos quas dolore cumque corporis facere eius. Consectetur ab ut fugiat cupiditate culpa sequi sed. Asperiores placeat et non.','1980-11-24 12:42:18','2011-02-15 10:17:01'),(426,5,231,'Minus quia laborum quos facilis. Ex et cupiditate ut voluptatem repellendus et. Voluptas qui aut et odio eaque quo aliquid. Hic reiciendis id labore.','1984-09-02 10:31:08','2009-05-05 23:08:34'),(427,8,89,'Aperiam placeat perspiciatis cumque deleniti blanditiis enim. Dolor alias tempore facere explicabo.','2013-10-23 11:47:45','2005-10-29 15:59:32'),(428,8,183,'Repudiandae qui quidem nostrum eos nisi laboriosam autem placeat. Ad necessitatibus optio velit odit. Ut aut ipsa veniam. Vel et cum pariatur magnam nulla dolores qui.','1999-10-28 21:43:45','1979-12-27 03:57:12'),(429,71,121,'Voluptatem est dolores est qui doloribus molestiae excepturi natus. Id reprehenderit quos dolorem blanditiis sequi.','1984-12-05 04:00:06','2011-06-17 07:21:30'),(430,44,164,'Laudantium nihil sed nulla in laudantium ducimus. Est sunt necessitatibus accusantium quia. Recusandae quis aut sed suscipit dolor quia. Id dolore voluptatem asperiores et sed voluptatibus.','2002-09-17 21:56:56','1981-07-08 14:41:38'),(431,17,72,'Autem dolor inventore odit voluptatem non aliquam reprehenderit qui. Nostrum eligendi quaerat laudantium facere eum porro omnis possimus. Enim excepturi neque dolor porro odit voluptatem.','1995-09-15 01:39:55','2019-04-14 07:47:51'),(432,19,91,'Qui accusamus nihil expedita enim sint eligendi. Ut necessitatibus veniam aspernatur et ullam corrupti. Dolorem et pariatur laboriosam non repudiandae. Et natus accusamus explicabo et.','2014-03-02 22:07:37','1996-10-13 21:31:31'),(433,12,6,'Inventore autem quod esse optio quasi. Et et quaerat unde rem sint suscipit. Accusamus et dolorem qui quod modi.','2019-02-25 17:29:54','2012-12-22 10:54:27'),(434,31,139,'Nihil et nesciunt ex culpa ut aspernatur. Vero et assumenda labore et iste soluta neque. Et autem omnis temporibus ut accusantium.','1999-09-15 22:09:58','2005-07-05 12:31:49'),(435,34,155,'Eveniet beatae eum aut mollitia reiciendis veniam ut. Omnis accusantium itaque ut.','1976-11-10 01:12:39','1990-07-09 11:43:19'),(436,99,14,'Quisquam omnis esse esse ea perspiciatis ut. Doloribus numquam aut veritatis ut delectus unde tenetur voluptatem. Iusto modi odio quas corrupti eum maiores voluptatem ab.','1982-09-11 07:13:28','2007-08-23 00:21:33'),(437,84,240,'Quia porro ullam vero numquam. Magni magnam exercitationem molestiae omnis nam earum. Iusto modi et rem ad vero quo sunt fugit. Id est occaecati doloribus cumque consequatur.','2021-01-20 04:57:14','2010-05-02 11:58:15'),(438,78,103,'Unde amet animi aspernatur velit quia in. Sapiente sunt et quibusdam expedita ut non dolor. Molestias voluptates voluptatem voluptas minima odio. Fugit autem dolor itaque magni.','1993-12-20 11:02:21','2010-08-19 19:40:53'),(439,15,188,'Animi rerum et neque nisi explicabo vitae dolorem. Quaerat quibusdam in beatae sed ipsum non voluptatem. Suscipit assumenda voluptas iure qui minus.','1977-10-02 20:19:57','1993-05-10 05:11:27'),(440,73,290,'Praesentium sunt aut optio excepturi et autem veritatis. Doloremque perferendis quo repudiandae dolores. Dolor quam et quaerat cumque consequatur.','1980-04-30 19:00:34','2016-11-26 18:25:31'),(441,76,231,'Tenetur et sint consectetur quam aspernatur aut quas. Vel iure autem ut molestiae reiciendis at. Sed id accusantium cum qui voluptates vel culpa quod.','2002-03-24 16:15:53','1992-09-26 13:00:52'),(442,74,250,'Vel repellat iure unde nisi voluptatem. Quia cum culpa deserunt consequuntur voluptas. Dolorem facilis deserunt unde id at molestiae minima.','2017-06-04 15:21:16','2020-12-22 01:38:26'),(443,7,241,'Id quo vel dolorum. Reprehenderit recusandae qui accusantium ea vero quo. Est beatae ullam in beatae. Harum optio ut veritatis placeat sint.','2003-01-22 11:03:08','1984-07-10 03:03:51'),(444,44,230,'Molestiae iste voluptas totam adipisci. A ex consequatur doloremque deserunt nesciunt. Qui consequatur veritatis sed et inventore illo nulla.','2012-11-11 09:36:51','1972-06-26 06:25:21'),(445,21,264,'Dolores non dolorum illo ex ipsam nobis soluta. Corrupti fugiat recusandae ullam officiis.','1997-11-15 20:49:13','2002-08-04 10:35:32'),(446,31,112,'Perferendis eum possimus officia vitae eum id dolorem. Qui voluptatem voluptatem odio deleniti aut. Dolores atque veritatis minima fugit sit id doloribus voluptas. Reprehenderit qui corporis vel.','2005-06-24 07:39:27','1973-07-16 02:36:54'),(447,12,147,'Voluptas ab blanditiis ipsa expedita voluptas. Ipsam quia minima et. Voluptatem soluta voluptas minus qui provident qui.','1979-11-19 06:57:18','1987-09-21 14:29:43'),(448,68,72,'Perspiciatis velit voluptatibus unde quia est id quas. Eveniet cupiditate voluptatem laboriosam voluptas possimus sint. Qui quia beatae ullam rerum.','1999-07-16 15:27:21','1996-06-05 07:44:27'),(449,51,295,'Deserunt optio nulla consequatur autem. Nulla et ut nam aut quaerat. Optio eveniet architecto labore quaerat. Provident error voluptas hic quia non rerum.','1971-10-22 06:03:59','2009-01-17 15:49:51'),(450,70,253,'Consequatur et aut omnis cum in. Sit veritatis reprehenderit aspernatur laboriosam et. Fugit ut sint quod occaecati rem est. Dolores aut laboriosam enim perspiciatis. Vero aliquam ut qui molestias.','1997-06-16 16:40:31','1998-07-25 05:42:51'),(451,50,207,'Qui consequatur libero voluptatem aut ipsa aut ex. Illum consequuntur doloribus recusandae dicta aliquid enim numquam. Natus ad est autem quia quia. Reiciendis ut ipsa ut voluptatem.','2001-02-23 04:32:23','1992-01-20 09:47:33'),(452,89,101,'Deserunt atque porro dolorem soluta sed sunt. Soluta nihil quia hic nihil vero. Expedita similique iste maxime voluptas quis quis deserunt. Minus consequatur et sint blanditiis quidem unde.','1972-02-22 01:55:30','2016-02-08 00:10:00'),(453,49,200,'Dolorum nobis tempora ipsam labore possimus nulla. Commodi modi repellat similique. Consequuntur quam atque facilis iusto molestias qui.','1987-11-21 18:03:30','2005-02-11 04:47:23'),(454,68,190,'Placeat quo voluptate voluptas qui itaque. Et enim quia rerum nisi iusto totam ut. Sed et ducimus dolorum soluta ut. Cum eum velit est aliquam dolores quam facere impedit.','2016-06-27 20:12:31','1976-02-08 07:48:27'),(455,29,121,'Ullam est qui velit ut. Ad eum natus dolor beatae distinctio. Aliquam ut autem praesentium iste deleniti cupiditate quam. Accusantium id odio est atque velit nostrum culpa.','1988-06-11 21:10:41','1994-04-06 14:09:01'),(456,60,12,'Quasi exercitationem quibusdam eligendi officia. Ducimus aliquam omnis vel repudiandae vero libero reprehenderit. Modi sed labore explicabo optio. Nobis facilis illo ut qui atque consequatur.','1979-12-04 01:59:19','2008-03-16 10:39:43'),(457,18,99,'Numquam enim recusandae nihil rerum unde quia. Mollitia adipisci odit maxime aut. Molestias eum minus porro. Natus maxime numquam ut porro qui maxime soluta quia.','1996-12-06 22:18:26','1992-08-24 09:53:20'),(458,88,71,'Ut assumenda voluptate iusto ducimus magni. Veritatis est ut maiores eum sed quas. Voluptatem commodi nisi harum facere. Hic sed quibusdam et assumenda esse commodi suscipit et.','2009-12-20 00:14:20','1983-07-20 17:37:01'),(459,14,93,'Et deleniti rerum atque aut tempore et architecto. Debitis aut iste iure qui officia occaecati. Velit deleniti reiciendis nemo eum consequuntur et.','1970-02-04 18:24:08','2014-02-03 17:09:58'),(460,100,101,'Nisi impedit rerum eum recusandae veritatis omnis. Ex quia aut et qui hic. Fugit molestiae velit optio dolores voluptatibus. Occaecati nam consequatur architecto doloribus.','1989-06-17 12:06:52','2016-10-12 23:38:31'),(461,19,92,'Iure aliquam itaque quae sint velit. Alias et commodi soluta recusandae sit. Fuga assumenda tenetur quis est iste facere.','2000-05-16 10:29:21','1970-01-26 09:21:04'),(462,71,92,'Praesentium magnam sed dolore quidem quibusdam aut qui tempore. Quos dolorum est earum alias. Modi dolor deserunt possimus neque.','2005-01-30 11:04:00','2008-08-16 16:01:52'),(463,80,115,'Et sed repellendus quisquam doloribus. Et enim dolorem assumenda est quisquam. Excepturi voluptas dolore eum voluptas et.','1989-03-30 08:32:55','1991-04-28 02:13:33'),(464,55,91,'Consequatur beatae aperiam suscipit. Autem eos sunt et incidunt porro.','2009-12-19 20:22:44','2002-07-11 14:53:47'),(465,37,73,'Nesciunt facere enim aut omnis consectetur est. Id consequatur itaque esse et ut reprehenderit. Nihil molestiae ut consequatur eos.','1996-09-12 17:31:17','2007-11-24 15:09:18'),(466,15,259,'Dolorum hic voluptatem animi voluptate fugit pariatur quia. Excepturi occaecati ut vero excepturi. Ipsum placeat mollitia et earum ipsam.','1998-03-29 03:02:39','1971-04-20 02:14:30'),(467,94,9,'Doloribus nesciunt vel quaerat et odit dolores quidem ea. Est iusto ea sed non. Nemo necessitatibus debitis quia in exercitationem odit et.','1983-02-05 03:19:26','2016-12-19 21:10:40'),(468,20,126,'Quisquam culpa esse quia deserunt ut. Quam velit unde molestiae qui eveniet molestias vel. At at minus ipsa maxime laboriosam. Quia sed modi ut cupiditate impedit.','1991-03-06 13:38:15','2003-03-24 13:33:43'),(469,70,263,'Et fugit distinctio aut adipisci aspernatur. Et et delectus aut voluptas architecto. Perferendis autem veniam error dolores architecto voluptas. Velit qui nulla consectetur doloribus nihil voluptas.','1989-01-19 13:51:08','1977-09-22 04:01:44'),(470,6,295,'Aliquid at laboriosam distinctio optio sint. Sequi aut praesentium est sunt totam quis. Recusandae laudantium doloribus blanditiis et quisquam velit.','2007-01-10 08:27:23','1978-04-27 23:09:43'),(471,28,195,'Deserunt ut laboriosam possimus nam saepe assumenda. Nihil atque quo molestias impedit officia beatae debitis consectetur. Non saepe quam a provident repellendus.','2011-11-27 00:15:17','2010-10-12 15:51:05'),(472,3,135,'Molestiae dolor a omnis omnis ut harum. Aliquam beatae quia rem debitis. Similique veniam et nihil est neque. Quia accusamus ducimus sed nobis numquam.','2004-04-17 09:46:27','2013-02-10 23:42:20'),(473,98,268,'Exercitationem recusandae animi reprehenderit veniam. Illum sed magnam sunt dolor quis. Quam omnis illum in aut.','2020-10-22 03:43:37','1994-02-20 11:33:32'),(474,69,33,'Accusamus aut tempore officiis praesentium saepe. Optio delectus laborum ex mollitia optio id. Rerum reiciendis ut sint aspernatur.','2013-09-10 18:37:50','1981-06-30 17:47:06'),(475,21,205,'Ad adipisci qui placeat officia. Ab id laborum et quisquam in deleniti. Nobis provident veniam minus non in numquam perferendis dolorem. Dolor quidem error magni qui tenetur voluptatem.','2014-04-17 20:52:13','1992-08-04 18:15:48'),(476,45,117,'Laboriosam atque delectus velit ab nihil error perferendis natus. Dolores alias molestiae voluptas eligendi voluptatem harum. Voluptatem ea quasi consequatur dolores. Quasi facilis sed ut.','2012-11-28 08:58:41','1998-10-27 19:05:09'),(477,99,47,'Ad voluptatem aliquid iusto voluptas pariatur maxime. Eius hic optio qui dolores dolores consequatur expedita.','1987-03-23 06:16:38','1999-09-25 12:06:14'),(478,70,235,'Aut ipsum libero sint cupiditate quisquam. Qui autem maiores impedit quis voluptatum.','1976-12-12 03:52:28','2002-04-02 20:23:38'),(479,54,71,'Et quasi nesciunt quos sint. Eius molestiae repellat aperiam eum. Omnis hic expedita molestias corrupti sed quia vero. Quis blanditiis et molestiae perspiciatis corrupti quibusdam consectetur.','1990-07-28 11:03:44','1995-03-11 16:13:56'),(480,9,271,'Ad cumque quam dolorem iusto. Quis deserunt eos vel accusamus sint. Aut suscipit alias totam exercitationem laudantium ipsum laudantium. Provident fugiat sed sit atque aut.','1991-05-07 05:09:00','1990-09-04 23:43:18'),(481,48,68,'Est alias et optio provident ut tenetur. Temporibus praesentium distinctio in voluptatum in sunt ut. Possimus reiciendis saepe est non in voluptates. Est repellendus adipisci eum.','1992-07-31 01:23:34','1980-03-05 08:07:37'),(482,77,122,'Libero facilis perferendis a id vitae excepturi tenetur. Quis sunt consequatur est eaque ad. Vel quia soluta minus magnam in dignissimos porro. Repudiandae mollitia aut omnis est quis esse.','2021-02-04 08:43:11','1986-09-25 11:54:26'),(483,26,289,'At animi et inventore saepe consequatur dolores voluptatem. Assumenda vel incidunt occaecati molestiae autem aut expedita. Consequatur dignissimos reprehenderit voluptates aut.','1997-10-31 03:49:44','1983-09-21 08:15:00'),(484,83,285,'Sint recusandae tempore quia totam fuga. Rerum ut totam velit totam libero. Perferendis quas omnis est maxime ipsam aliquam fugit impedit.','2018-01-02 00:22:58','2004-05-12 19:04:40'),(485,84,263,'Illo autem accusamus nihil rerum nemo. Nesciunt ratione quia tempore. Quasi autem voluptas expedita dignissimos aut aperiam.','1984-08-21 06:58:42','2015-05-16 10:47:50'),(486,93,35,'A omnis et earum sed vel sint. Alias officia provident molestiae. At necessitatibus reiciendis voluptatum.','2002-01-26 16:01:21','2006-05-23 08:28:07'),(487,53,285,'Harum modi qui quis saepe quia distinctio. Nihil voluptas porro illo esse deleniti. Ad itaque aperiam molestiae quo.','1998-06-01 08:41:36','1977-02-15 10:58:03'),(488,57,151,'Aut laudantium ipsam assumenda corporis. Amet ut et possimus nesciunt sed. Et aut labore ipsum consequatur officiis facilis libero. Exercitationem illo adipisci eum deserunt.','1986-09-11 01:39:25','2017-08-02 19:27:15'),(489,84,75,'Modi voluptatem omnis hic voluptas. Architecto consectetur blanditiis sunt vel eum sed. Voluptas suscipit error et et omnis. Molestias sint nesciunt porro.','2004-09-26 07:04:08','1992-07-01 03:22:42'),(490,62,12,'Provident vel porro quia consequatur. Nisi ut asperiores adipisci quo. Veniam repudiandae nam ut perspiciatis consequatur. Voluptates repellendus earum nesciunt perferendis eveniet voluptas.','2021-03-06 10:07:49','2001-11-15 12:10:18'),(491,94,17,'Fugit molestiae eveniet voluptatem natus quia et omnis et. Est ullam nihil molestiae rerum earum. Odit occaecati provident est est.','2016-01-28 12:16:27','1975-01-16 13:51:10'),(492,43,276,'Voluptatibus tempore quam labore maiores delectus dolore libero soluta. Quasi adipisci totam eos ea ut voluptas. Quod optio explicabo quas est recusandae aut nesciunt assumenda.','1972-06-25 18:37:04','1991-05-17 16:58:01'),(493,21,36,'Sapiente necessitatibus cupiditate soluta. Est dicta velit consectetur enim nemo eaque consequatur. Expedita adipisci optio beatae aliquid non accusantium.','1989-12-07 06:30:56','1978-11-10 13:30:04'),(494,70,225,'Illo quis est autem corrupti. Assumenda aut adipisci quia molestiae. Ut magnam voluptatem dolores veritatis nihil quis labore.','1980-08-29 12:36:23','1990-09-05 09:47:55'),(495,36,235,'Aut minima et provident est tempore harum qui. Neque recusandae alias nobis autem consequuntur sint eum. Doloribus exercitationem porro voluptatem possimus nam quasi omnis dolorem.','1990-10-18 23:59:06','1991-05-31 09:21:17'),(496,65,249,'Et illo assumenda ad deserunt dolores facere dolorum. Occaecati totam itaque eum corrupti. Quia et et vel eos ut reiciendis in.','2018-02-15 17:14:02','2012-03-29 19:31:24'),(497,1,125,'Quo aut explicabo aut voluptatem optio adipisci voluptas. Exercitationem odio quaerat amet architecto non id inventore ad. Odit pariatur repellat esse voluptates optio. Dolor id soluta dolore.','2005-10-31 03:15:50','2019-01-30 11:16:18'),(498,24,78,'Voluptate fuga iure id. Voluptatibus odio quia provident maxime quia.','2020-07-19 17:50:52','1993-10-09 05:29:13'),(499,38,18,'Sapiente est qui voluptas voluptatum ipsa quis dicta. Fuga dolor distinctio itaque omnis quis sint accusamus voluptas. Itaque qui sit tenetur qui illo. Facilis deserunt consequuntur iusto eos ut.','2000-07-13 01:08:00','1995-03-16 05:02:11'),(500,21,64,'Cum deleniti minus natus nihil. Molestiae dignissimos eaque placeat. Asperiores doloremque quibusdam ullam.','2020-08-18 14:36:23','2019-04-07 06:19:31');
/*!40000 ALTER TABLE `chat_messages` ENABLE KEYS */;
UNLOCK TABLES;

--
-- Table structure for table `chat_users`
--

DROP TABLE IF EXISTS `chat_users`;
/*!40101 SET @saved_cs_client     = @@character_set_client */;
/*!50503 SET character_set_client = utf8mb4 */;
CREATE TABLE `chat_users` (
  `chat_id` bigint unsigned NOT NULL,
  `user_id` bigint unsigned NOT NULL,
  `added_at` datetime DEFAULT CURRENT_TIMESTAMP,
  PRIMARY KEY (`chat_id`,`user_id`),
  KEY `chat_id` (`chat_id`),
  KEY `user_id` (`user_id`),
  CONSTRAINT `chats_fk` FOREIGN KEY (`chat_id`) REFERENCES `chats` (`id`),
  CONSTRAINT `users_chats_users_fk` FOREIGN KEY (`user_id`) REFERENCES `users` (`id`)
) ENGINE=InnoDB DEFAULT CHARSET=utf8mb4 COLLATE=utf8mb4_unicode_ci;
/*!40101 SET character_set_client = @saved_cs_client */;

--
-- Dumping data for table `chat_users`
--

LOCK TABLES `chat_users` WRITE;
/*!40000 ALTER TABLE `chat_users` DISABLE KEYS */;
INSERT INTO `chat_users` VALUES (1,97,'2006-10-12 12:08:07'),(1,165,'2005-12-14 08:43:10'),(2,67,'1984-10-11 19:02:31'),(2,99,'1985-12-15 16:43:45'),(2,107,'2007-01-16 06:14:51'),(2,212,'2015-08-20 04:09:05'),(2,217,'1988-11-28 18:20:34'),(3,212,'2004-02-04 00:48:23'),(3,280,'1997-05-11 22:48:10'),(4,149,'2001-07-01 21:18:00'),(4,262,'1972-08-24 10:52:04'),(5,114,'2017-07-26 04:52:45'),(7,149,'2017-01-26 16:31:05'),(7,207,'1974-01-01 18:04:38'),(8,74,'1988-06-02 23:11:08'),(8,213,'2009-09-24 22:56:29'),(9,239,'1999-07-27 21:40:49'),(9,294,'2011-08-17 23:03:30'),(10,215,'2018-01-25 16:45:26'),(12,17,'1979-06-12 19:36:22'),(13,36,'1985-03-31 07:28:56'),(13,180,'2000-04-08 09:38:31'),(13,273,'2013-08-03 09:34:39'),(14,110,'1985-01-24 10:07:32'),(14,127,'1998-08-30 23:42:34'),(14,249,'1991-04-04 03:19:59'),(14,252,'1982-10-30 02:52:02'),(15,31,'1989-10-09 11:43:12'),(15,69,'2015-03-31 17:13:12'),(15,98,'1971-08-22 11:55:12'),(15,164,'1975-03-14 08:17:50'),(17,173,'1984-01-27 19:42:13'),(18,39,'2007-05-25 22:47:38'),(18,220,'2012-11-14 20:54:41'),(19,198,'1989-04-24 03:07:31'),(20,125,'2007-11-28 17:39:04'),(20,170,'1973-08-07 04:08:05'),(20,178,'2012-09-15 15:10:55'),(20,183,'2003-01-02 08:34:27'),(21,36,'1985-12-30 18:32:53'),(21,44,'1984-07-13 05:38:08'),(21,100,'2012-02-28 09:54:41'),(22,190,'2011-10-07 18:09:45'),(22,210,'1977-10-21 10:31:57'),(23,149,'1998-03-13 23:19:37'),(23,267,'1970-05-16 06:42:52'),(24,95,'2017-06-27 06:36:15'),(25,99,'2002-10-20 03:21:36'),(26,166,'1994-07-31 02:04:51'),(27,13,'1973-05-17 16:37:48'),(27,60,'2010-08-28 07:57:52'),(27,153,'1991-05-07 19:34:06'),(28,101,'1989-06-06 22:17:58'),(28,150,'1998-06-27 05:27:24'),(28,207,'1979-06-25 15:14:11'),(28,210,'1984-10-16 09:06:55'),(29,98,'1981-07-27 20:50:01'),(30,91,'1990-08-28 03:00:16'),(31,2,'2005-03-05 01:00:08'),(31,38,'1990-02-27 16:55:44'),(32,185,'2016-07-12 21:50:48'),(33,87,'1989-06-21 19:09:10'),(34,101,'2008-06-03 02:54:12'),(35,20,'1971-04-23 03:14:49'),(35,201,'1981-03-05 00:47:11'),(36,120,'2019-08-16 08:08:52'),(36,149,'2005-10-23 06:56:07'),(36,190,'2011-03-30 10:09:09'),(36,238,'1987-11-05 14:55:01'),(36,286,'1972-12-16 22:05:11'),(37,201,'1972-05-26 13:23:46'),(37,209,'2015-08-09 11:54:41'),(38,24,'1997-05-02 20:25:49'),(39,94,'1985-12-10 05:02:17'),(39,230,'1992-11-04 11:27:07'),(39,251,'2017-07-02 12:19:24'),(40,21,'2017-12-17 02:33:48'),(40,283,'1999-04-19 08:48:04'),(41,63,'1973-06-07 19:20:04'),(41,105,'1998-06-12 10:01:20'),(41,293,'2000-08-17 04:34:15'),(42,46,'2017-05-29 12:56:11'),(42,231,'2009-09-08 05:04:48'),(42,249,'1975-04-11 12:25:52'),(43,34,'1994-02-02 10:04:15'),(44,4,'2016-03-23 20:43:26'),(44,247,'2006-06-24 17:14:30'),(45,32,'1995-09-17 13:15:22'),(45,103,'1994-06-28 01:28:30'),(46,52,'1991-11-09 11:44:02'),(46,287,'2004-04-16 21:05:01'),(46,298,'2005-08-28 19:44:51'),(47,111,'1990-02-28 04:56:21'),(47,160,'1986-06-12 12:24:15'),(47,245,'1980-02-18 15:35:03'),(48,17,'1990-10-12 01:05:06'),(49,259,'1994-11-15 08:32:14'),(50,83,'2020-12-30 20:03:27'),(50,185,'1983-10-25 12:14:38'),(51,75,'2012-01-13 05:59:53'),(51,244,'2021-04-06 22:11:04'),(53,2,'1976-12-29 01:39:14'),(54,226,'2021-03-28 20:00:28'),(54,230,'1985-11-15 09:49:48'),(55,232,'1997-12-26 15:35:38'),(55,293,'2001-05-12 19:24:53'),(56,16,'2009-07-13 07:49:22'),(56,169,'2007-05-30 13:37:11'),(56,172,'2020-08-07 05:06:36'),(56,219,'1991-05-24 12:28:34'),(57,92,'1981-01-19 00:21:47'),(57,210,'2014-11-05 07:14:29'),(57,277,'1996-12-09 16:20:29'),(58,256,'2006-12-17 23:26:52'),(59,233,'2017-11-12 16:12:38'),(60,33,'2005-12-17 06:34:41'),(60,34,'1978-10-02 13:49:05'),(60,79,'1977-02-09 03:32:54'),(60,206,'2013-02-15 00:51:07'),(60,257,'2000-06-16 14:14:59'),(61,70,'2013-06-11 07:04:02'),(61,159,'1998-07-19 13:52:52'),(61,181,'2005-09-14 22:14:47'),(61,189,'1989-10-11 03:52:15'),(62,59,'2013-03-25 09:39:32'),(62,73,'2002-03-25 11:54:23'),(63,6,'2000-06-21 16:18:19'),(63,24,'2012-09-25 20:19:50'),(63,62,'1991-05-25 00:56:15'),(63,210,'1985-12-20 01:12:42'),(63,280,'2000-09-30 06:17:28'),(64,196,'2021-04-05 13:46:56'),(64,221,'1995-07-05 19:36:44'),(64,242,'1997-09-03 08:52:30'),(65,143,'2004-09-09 14:38:13'),(66,78,'1984-05-14 02:37:29'),(66,297,'1977-05-25 15:05:14'),(67,25,'1983-12-15 23:55:31'),(67,126,'1984-07-16 01:20:58'),(67,133,'2015-01-09 02:49:28'),(67,292,'2002-03-29 19:50:40'),(68,275,'1998-06-04 11:04:52'),(69,172,'1997-07-15 17:37:57'),(69,199,'2000-06-11 22:30:10'),(69,243,'1973-05-01 11:36:53'),(70,146,'1993-03-17 01:40:13'),(70,149,'1986-05-20 18:09:17'),(70,153,'1991-02-10 18:16:55'),(70,185,'2017-06-09 03:10:11'),(70,230,'1974-01-14 19:30:57'),(72,22,'2015-09-05 04:17:03'),(73,260,'2013-04-10 13:40:53'),(74,27,'1978-11-11 18:19:34'),(74,163,'1995-04-12 15:24:05'),(76,112,'2018-10-16 04:26:13'),(77,107,'1985-03-18 14:47:16'),(77,228,'1986-02-06 12:32:08'),(78,84,'1990-01-17 01:46:40'),(79,107,'1989-10-09 06:33:10'),(79,108,'1982-05-07 05:24:42'),(79,149,'2019-10-06 10:10:15'),(79,227,'2020-12-12 09:45:14'),(80,128,'1991-03-01 04:11:14'),(80,233,'1992-11-06 11:52:38'),(81,15,'2002-10-25 06:20:35'),(81,278,'1983-01-05 09:49:30'),(82,254,'1986-02-20 03:38:56'),(83,240,'2021-01-18 15:18:57'),(83,256,'2008-01-03 15:18:27'),(84,66,'2020-08-04 02:46:17'),(84,221,'2011-06-14 05:57:53'),(84,240,'2013-12-06 16:17:34'),(85,108,'2006-01-21 04:43:27'),(85,172,'1976-05-12 07:38:06'),(86,21,'1986-11-29 13:39:00'),(86,27,'1976-08-12 03:59:31'),(86,35,'2009-09-14 05:36:37'),(86,144,'2005-06-22 02:21:37'),(86,207,'1975-08-07 14:17:22'),(86,288,'2010-05-22 09:29:27'),(87,20,'1992-05-02 00:45:42'),(87,226,'2020-09-20 17:33:42'),(87,271,'1993-10-10 10:14:51'),(90,252,'2001-07-06 01:46:01'),(91,120,'1990-01-13 19:22:09'),(91,244,'1987-12-26 07:31:53'),(91,258,'2011-03-27 17:19:05'),(92,145,'1997-04-27 23:01:59'),(93,87,'1993-03-29 17:56:03'),(93,176,'1982-03-23 13:32:08'),(94,106,'1982-09-29 10:24:46'),(94,141,'2008-12-05 18:46:14'),(94,241,'1974-01-07 08:35:34'),(95,55,'2011-05-18 17:36:44'),(96,4,'2005-03-14 00:56:31'),(96,123,'1970-10-19 10:28:11'),(99,177,'2010-03-08 05:34:21'),(99,265,'2004-03-18 19:50:42'),(100,148,'2007-06-20 20:06:50'),(100,260,'2008-03-23 00:24:56');
/*!40000 ALTER TABLE `chat_users` ENABLE KEYS */;
UNLOCK TABLES;

--
-- Table structure for table `chats`
--

DROP TABLE IF EXISTS `chats`;
/*!40101 SET @saved_cs_client     = @@character_set_client */;
/*!50503 SET character_set_client = utf8mb4 */;
CREATE TABLE `chats` (
  `id` bigint unsigned NOT NULL AUTO_INCREMENT,
  `name` varchar(255) CHARACTER SET utf8mb4 COLLATE utf8mb4_unicode_ci NOT NULL,
  `author_id` bigint unsigned NOT NULL,
  PRIMARY KEY (`id`),
  KEY `author_idx` (`author_id`),
  CONSTRAINT `users_chats_fk` FOREIGN KEY (`author_id`) REFERENCES `users` (`id`)
) ENGINE=InnoDB AUTO_INCREMENT=101 DEFAULT CHARSET=utf8mb4 COLLATE=utf8mb4_unicode_ci;
/*!40101 SET character_set_client = @saved_cs_client */;

--
-- Dumping data for table `chats`
--

LOCK TABLES `chats` WRITE;
/*!40000 ALTER TABLE `chats` DISABLE KEYS */;
INSERT INTO `chats` VALUES (1,'eius',78),(2,'est',268),(3,'nisi',276),(4,'iste',13),(5,'modi',137),(6,'distinctio',282),(7,'nobis',73),(8,'et',207),(9,'eius',257),(10,'ipsa',93),(11,'aut',278),(12,'est',153),(13,'dignissimos',190),(14,'qui',161),(15,'illo',248),(16,'explicabo',133),(17,'velit',250),(18,'architecto',62),(19,'sequi',136),(20,'enim',287),(21,'quia',158),(22,'voluptatum',292),(23,'aut',145),(24,'quia',36),(25,'voluptatem',273),(26,'aliquam',240),(27,'voluptas',42),(28,'saepe',53),(29,'ut',33),(30,'et',188),(31,'expedita',95),(32,'dolorum',111),(33,'qui',156),(34,'ut',70),(35,'est',123),(36,'repellendus',293),(37,'nihil',52),(38,'cum',195),(39,'tempora',200),(40,'non',8),(41,'nostrum',288),(42,'eaque',177),(43,'tempore',160),(44,'soluta',177),(45,'beatae',38),(46,'unde',107),(47,'illum',10),(48,'praesentium',287),(49,'veritatis',169),(50,'voluptas',145),(51,'numquam',273),(52,'doloribus',26),(53,'sint',137),(54,'commodi',118),(55,'rerum',61),(56,'est',110),(57,'totam',57),(58,'quia',103),(59,'ratione',162),(60,'sit',90),(61,'minus',291),(62,'eos',257),(63,'vero',200),(64,'aut',147),(65,'qui',27),(66,'placeat',22),(67,'ratione',139),(68,'ut',79),(69,'recusandae',217),(70,'sit',38),(71,'velit',86),(72,'numquam',204),(73,'dolor',215),(74,'nulla',245),(75,'nobis',80),(76,'voluptatum',253),(77,'iure',52),(78,'atque',90),(79,'similique',239),(80,'aut',221),(81,'ratione',235),(82,'sint',212),(83,'ut',246),(84,'est',72),(85,'tenetur',30),(86,'illum',6),(87,'unde',181),(88,'consequatur',86),(89,'fuga',109),(90,'quod',43),(91,'voluptatem',175),(92,'sed',99),(93,'veniam',300),(94,'a',75),(95,'quo',245),(96,'est',27),(97,'iusto',96),(98,'accusamus',83),(99,'velit',105),(100,'magni',13);
/*!40000 ALTER TABLE `chats` ENABLE KEYS */;
UNLOCK TABLES;

--
-- Table structure for table `communities`
--

DROP TABLE IF EXISTS `communities`;
/*!40101 SET @saved_cs_client     = @@character_set_client */;
/*!50503 SET character_set_client = utf8mb4 */;
CREATE TABLE `communities` (
  `id` bigint unsigned NOT NULL AUTO_INCREMENT,
  `name` varchar(145) CHARACTER SET utf8mb4 COLLATE utf8mb4_unicode_ci NOT NULL,
  `description` varchar(245) CHARACTER SET utf8mb4 COLLATE utf8mb4_unicode_ci DEFAULT NULL,
  `admin_id` bigint unsigned NOT NULL,
  PRIMARY KEY (`id`),
  KEY `communities_users_admin_idx` (`admin_id`),
  CONSTRAINT `fk_communities_users` FOREIGN KEY (`admin_id`) REFERENCES `users` (`id`)
) ENGINE=InnoDB AUTO_INCREMENT=101 DEFAULT CHARSET=utf8mb4 COLLATE=utf8mb4_unicode_ci;
/*!40101 SET character_set_client = @saved_cs_client */;

--
-- Dumping data for table `communities`
--

LOCK TABLES `communities` WRITE;
/*!40000 ALTER TABLE `communities` DISABLE KEYS */;
INSERT INTO `communities` VALUES (1,'aut','Et aut ad ut. Eum et doloremque eveniet sequi quo. Veniam in ut omnis assumenda veniam ipsam saepe velit. Aliquam adipisci consequatur incidunt libero repudiandae.',291),(2,'voluptatibus','Quibusdam cum et fuga quos. In ea non quos amet autem aut. Laboriosam aut autem fugiat sapiente ea. Facilis ut nihil ducimus ea.',113),(3,'a','Pariatur est ut architecto ut quidem rem rerum. Est sint omnis molestiae et et. Sint velit nemo harum consequatur perspiciatis nostrum facilis dignissimos. Voluptatibus accusamus tempore ab.',14),(4,'ipsum','Est illum dolorem illum. Temporibus et explicabo quos blanditiis mollitia voluptatem facilis autem. Eum consequatur sint labore facilis omnis.',67),(5,'odit','Id incidunt est aut qui nemo. Quas exercitationem quidem quas suscipit. Sit omnis omnis debitis perferendis.',165),(6,'molestiae','Dolores non non nulla est aperiam vero. Dolores dignissimos velit totam sit voluptate dolores nihil. Sunt reiciendis et aspernatur deserunt.',224),(7,'incidunt','Est nesciunt et fugit earum. Facere quae ipsum voluptatem harum numquam. Dolores sed et nobis deserunt quisquam. Voluptas eum quam hic rerum accusamus.',71),(8,'autem','Voluptas nisi ducimus veniam ipsum inventore sint dolorum. Unde asperiores voluptatem et totam maiores dolor qui.',188),(9,'deserunt','Nobis est dignissimos et totam qui nostrum et. Consequatur expedita quasi ut quos amet autem. Minus quia doloremque iste quisquam libero pariatur. Soluta distinctio nulla sunt cupiditate vel ipsam voluptates.',21),(10,'vel','Impedit quam cum corporis. Saepe sit voluptas molestias rerum et iste. Mollitia quia debitis nam et vitae mollitia.',144),(11,'corrupti','Quia aliquid autem voluptas doloribus. At et deleniti eaque facere temporibus veniam. Eligendi ab labore rerum deleniti at quae et voluptatibus.',18),(12,'odio','Vitae recusandae nobis quia non. Et placeat error officiis nemo porro ipsam consequatur.',163),(13,'repellat','Inventore aspernatur voluptatem omnis aut. Dolorem exercitationem quis quod et omnis placeat. Ipsum voluptas atque eum voluptatem. Soluta quia aliquam laudantium nihil qui eum quia.',97),(14,'et','Porro laboriosam in voluptatibus voluptate quia eos. Dignissimos officia quas incidunt voluptatibus debitis.',37),(15,'doloribus','Ut et tempore quisquam quod natus aspernatur. Laborum aperiam ipsam nostrum quia consequatur qui. Officia incidunt nesciunt repellendus repellendus qui. Debitis quia a sed est cupiditate perferendis sed.',93),(16,'dolore','Ut velit soluta dolores aut voluptas reiciendis et. Sed necessitatibus nesciunt voluptas ullam non facere. Optio quia vitae libero ipsam libero et. Commodi labore sit modi repellendus aut.',40),(17,'dolorem','Cupiditate laboriosam sed cum officiis expedita illum. Quibusdam error dolore at voluptatem dolores. Voluptate provident ut exercitationem impedit.',281),(18,'velit','Quia explicabo voluptatem ducimus explicabo quisquam. Maxime et aperiam vel et ipsam beatae. Et atque vitae in officia. Asperiores vel vel minima. Reiciendis aliquid cupiditate commodi sapiente laboriosam porro.',39),(19,'aliquam','Dolores porro nesciunt quo molestias voluptas ut incidunt. Sed beatae nemo et ducimus. Quaerat quia magni ipsa eligendi dolorum. Excepturi totam quaerat est repellat sequi quaerat.',216),(20,'beatae','Adipisci porro consectetur ratione. Quidem culpa doloribus dolore dolorum. Sunt quam non vitae. Minus ut quaerat placeat a in.',242),(21,'quibusdam','Amet excepturi ut nobis cumque et voluptate. Voluptas ut modi dolorem sit dignissimos in. Voluptatum aut voluptates quaerat reiciendis repudiandae. Odio accusantium id reprehenderit tenetur velit at nihil ipsa.',262),(22,'delectus','Eum cupiditate aspernatur dolore enim officiis dicta. Nihil ducimus quo provident expedita velit est fuga. Repellat et ut unde minus porro qui. Dolor in voluptatem ducimus illo molestias id quas.',260),(23,'voluptate','Occaecati labore eveniet placeat ducimus praesentium. Labore at omnis eveniet cupiditate temporibus similique nostrum. Aut quae perspiciatis accusamus molestiae porro. Modi officia quia ducimus officiis.',75),(24,'qui','Unde quod earum perferendis sunt. Officiis voluptas veritatis a iste omnis. Suscipit aut ea sint natus voluptatum quis ipsum nemo. Harum rem non quo atque.',247),(25,'modi','Autem sunt perspiciatis magnam ea qui quia minima. Et ipsum enim et tempora corporis. Modi architecto aut aut dolor consequatur quasi.',127),(26,'dolorum','Quia aut aut ut et consectetur. Nulla ut corporis facilis unde. Aut rerum qui earum labore tempore veritatis rerum.',184),(27,'id','Qui omnis nobis officiis corporis quia fuga. Deleniti occaecati aut est quia ut rem. Facere eum quisquam eos officia in temporibus quia omnis.',294),(28,'excepturi','Facilis accusantium sunt error ea rerum. Omnis non quis quidem dolor. Exercitationem et quam sint recusandae eum dolorem.',207),(29,'repellat','Sed occaecati cupiditate non iure. Exercitationem repudiandae omnis sapiente rem blanditiis. Eum modi neque aperiam qui provident sed. Ex ab deserunt dolores omnis molestiae.',240),(30,'incidunt','Et illum quos quia excepturi ducimus beatae in. Vel et est minima illo. Eum ab sed natus at consequuntur nihil consectetur. Veritatis quis quia sint libero quidem expedita.',31),(31,'fugit','Repudiandae molestiae minima mollitia ducimus aut eveniet est. Nesciunt similique eos illum. Eveniet natus dolorem aperiam voluptas at. Laborum totam perspiciatis ut soluta nisi omnis.',124),(32,'odio','Eligendi autem illo eius aut similique eaque occaecati omnis. Nesciunt ut ducimus porro sed non. Explicabo in et iure unde. Accusamus quis commodi rerum iste natus tempore non.',230),(33,'magni','Qui assumenda vel saepe sed qui. Asperiores dolorem voluptate reiciendis deserunt earum atque. Dolor ea non voluptatem dicta illo at. Eligendi et eveniet deleniti harum.',144),(34,'ut','Quam facilis rem hic rerum. Itaque nemo animi voluptatibus assumenda est qui.',137),(35,'libero','Animi vel temporibus et enim eos reiciendis aut. Sunt at sit esse odio autem eveniet. Itaque quidem blanditiis minus quia. Atque temporibus aspernatur ipsa eligendi. Nesciunt esse rerum nihil tempore eveniet.',297),(36,'ut','Molestiae sunt laborum alias aspernatur. Aut voluptates quam aliquam maiores eligendi rem fugit. Facilis aut repellat dolores reprehenderit. Cum sint libero voluptas sapiente.',8),(37,'dolor','Praesentium ut voluptatibus ipsam beatae deleniti qui. Et vero officiis quisquam in quae facere. Dolor dolorum at dignissimos ducimus voluptatem quam. Libero debitis dolorum sunt autem eum.',61),(38,'aut','Sed aut veniam voluptas laborum numquam veritatis. Dignissimos dolores natus perferendis aut. Autem magni sunt voluptatem fuga ex ut vero.',68),(39,'dolores','Perferendis dolorem dignissimos molestiae perspiciatis facere sit veniam architecto. Enim id dolorum aut. Quas illo commodi corporis doloremque rerum sunt. Aspernatur quia quis est laboriosam. Repudiandae ut perspiciatis illum architecto tempori',196),(40,'mollitia','Alias nisi nemo nam quo est et omnis quis. Perspiciatis quas ut totam quasi et asperiores. Odit nobis dolor pariatur consequatur voluptas ut.',81),(41,'provident','Hic aliquid voluptas quo qui recusandae et velit. Voluptatum quia dolores iste alias incidunt aut iusto sed. Recusandae aspernatur ea molestiae dolorem similique et cumque.',212),(42,'qui','Vitae repellat rem excepturi sint reprehenderit quas temporibus. Non laudantium minus cum ut modi non. Delectus laboriosam eius ad doloremque qui.',213),(43,'pariatur','Aspernatur illum id pariatur in labore ducimus modi. Ut qui asperiores perferendis. Quis molestiae magnam incidunt perspiciatis voluptatem consequatur iusto. Harum asperiores in vel et ut facere. Tempora eveniet ut et exercitationem officia est ',244),(44,'unde','Dicta est ipsa eius. Porro aperiam aperiam aut praesentium enim ut dolor voluptatibus. Illo minima modi voluptas harum.',8),(45,'est','Soluta voluptatem quo sint quaerat. Dicta autem neque placeat incidunt ab vero. Ut itaque quia consequatur voluptates placeat nesciunt culpa. Distinctio corporis rem aut placeat. Inventore et aut voluptas non sapiente.',250),(46,'excepturi','Fugiat quia sequi quis perferendis ut impedit. Aut repellendus dolorem voluptas quas dignissimos. Fuga velit qui saepe unde voluptatum fugit sint.',37),(47,'nesciunt','Ratione temporibus quo occaecati eum enim. Fugit quo et quo ut amet possimus itaque. Eum ab voluptas a excepturi sunt deserunt quis.',47),(48,'unde','Iusto at perspiciatis et aut omnis et. Aut ipsam ut expedita magnam. Voluptatum eveniet sit tempore cum enim neque et aut. Quia exercitationem ea voluptatibus in ut.',230),(49,'non','Optio et quia harum nisi quo. Aut quaerat voluptate dicta perferendis exercitationem voluptatem. Voluptas qui quia mollitia.',76),(50,'quia','Quam culpa ex ullam nihil voluptas repudiandae quas. Iure dolor non maiores et possimus molestiae. Praesentium est delectus alias nesciunt.',263),(51,'voluptate','Sequi molestias eos cupiditate molestiae et. Asperiores at veritatis ipsam soluta ducimus qui. Ut illo voluptatem nostrum omnis eveniet. Quod odit quo enim animi voluptate.',171),(52,'enim','Id neque at delectus voluptas. Eum hic autem dolores voluptates facilis. Alias dolor error rerum. Consequuntur accusantium tempore sed doloremque. Est aliquam occaecati libero aut non nihil totam.',37),(53,'nostrum','Et alias veritatis nobis doloribus. Earum nobis velit delectus ut ducimus. Ab ut et explicabo eum cumque.',223),(54,'aut','Veniam dignissimos eum aperiam molestiae. Et nesciunt architecto sed unde et saepe. Et aliquam quibusdam suscipit tempore. Molestiae cum enim fugit aut porro.',246),(55,'quos','Nemo ad quae voluptatem ab libero. Repellat sint neque impedit odio eius non quia. Consequuntur velit qui asperiores et. Debitis commodi ut repellendus.',284),(56,'distinctio','Omnis soluta at aut sint quae. Laborum nihil sapiente tempora et impedit repudiandae. Placeat alias nulla et numquam quaerat ut. Et voluptas unde ut at voluptates eos labore.',49),(57,'ut','Quia repellat rerum unde et quia veritatis. Voluptate in architecto quaerat in tenetur dignissimos. Sit ipsa eos inventore tenetur dolorum repellat et. Autem vitae et aut. Adipisci natus dolorum et.',129),(58,'repellat','Dolor labore esse sapiente qui asperiores. Quo occaecati fugit minima. Qui minima culpa quo. Inventore consequatur minima molestiae ipsam consequatur assumenda illo.',277),(59,'eaque','Et corrupti doloribus totam qui aut veritatis. Asperiores id sit maxime voluptate quis sed perspiciatis. Minima cumque molestias enim possimus enim repellendus dignissimos.',255),(60,'quia','Expedita tempora deserunt molestias earum praesentium perferendis cumque. Omnis fugiat sit omnis voluptas rerum corporis delectus. Sit dolorem molestiae hic perferendis inventore soluta repudiandae. Alias nihil non et magnam harum iusto non.',69),(61,'commodi','Aut ipsa vero est maiores sit deleniti expedita. Autem et necessitatibus quibusdam dignissimos adipisci quis. Placeat quos non hic distinctio blanditiis ullam. Officiis esse aperiam fuga iusto quisquam. Quo atque animi omnis maiores aut.',8),(62,'rerum','Aut provident exercitationem expedita dolore voluptatem tempore voluptatem. Quo aut hic vitae ut consequuntur deserunt iure. Autem aliquid deleniti ut pariatur amet minus. Vitae ut impedit iure dolor. Voluptatem et et quia et facilis illo dolor.',78),(63,'ex','Omnis quos velit officiis est. Quaerat aut aperiam repellat dolor nam tenetur. Quibusdam soluta qui qui distinctio. Quas nisi vero placeat consequatur excepturi quia non.',299),(64,'assumenda','Maxime esse ut dolores quia aut laboriosam. Aliquam dolorem facere qui ut debitis harum. Facere laudantium mollitia quis eius ut. Vitae id fugiat et nemo commodi qui. Atque et ad distinctio rerum hic.',151),(65,'nisi','Est dolor et provident modi. Illo debitis nisi quia quidem. Reprehenderit sequi rerum et corporis.',215),(66,'aliquid','Aut sint ut iusto officiis. Unde tempora vitae doloremque accusamus quis.',295),(67,'et','Quos qui possimus rerum qui voluptas id. Aut ut ut nostrum quia labore et minima. Dolores similique illo saepe totam. Possimus provident labore nulla omnis commodi voluptatem.',158),(68,'harum','Totam optio occaecati sed rerum facilis similique. Vel et laudantium rerum iste quidem nihil corrupti consectetur.',275),(69,'et','Cumque molestiae quia nisi vel qui. Eum et sequi facere modi a aut. Corrupti quam quae accusantium ullam.',62),(70,'doloribus','Ducimus et nisi quaerat magni illo aut. Voluptas corporis dicta et qui. Ut totam et temporibus omnis iure hic.',54),(71,'ipsa','Voluptatem possimus ratione blanditiis. Aperiam laudantium eos fugit magnam deleniti dolore. Consequuntur molestias reiciendis velit quaerat quo. Delectus vel harum enim magnam repudiandae recusandae eos.',56),(72,'blanditiis','Veniam quidem quo est quo. Et praesentium ipsam aliquam aut error vitae provident. Ut nesciunt facere amet sunt.',273),(73,'dolore','Possimus autem id magnam. Pariatur itaque vel quas odit aut ut. Consequatur neque et adipisci expedita beatae. Quisquam asperiores rem enim ratione delectus.',266),(74,'accusamus','Dolorem praesentium non nostrum quos nihil aperiam et. Eum vel sunt sit placeat molestiae non animi voluptas. Voluptas veritatis ut consequatur.',300),(75,'minus','Nihil facilis ea delectus vel. Consequatur aut eius tempore magnam dolorem maiores et illum. Minima sapiente porro dolor hic vel voluptas quaerat. Cum rem et iusto optio quis error voluptatibus.',281),(76,'numquam','Illum exercitationem vitae iusto saepe numquam rem. Provident quasi impedit enim pariatur. Veniam cum voluptate et possimus aperiam praesentium. Impedit nihil quia quis sit mollitia ex. Ratione aspernatur velit et enim accusamus repellendus ulla',215),(77,'consequatur','Et est consequatur nisi. Enim maiores enim qui expedita sequi. Quisquam ratione delectus optio ratione doloremque adipisci.',36),(78,'blanditiis','Nesciunt blanditiis odio nihil sit minus omnis ea. Autem repudiandae quia eum.',28),(79,'sunt','Provident unde rerum fugit qui recusandae eligendi. Dolorum quo reprehenderit repellendus esse sed. Beatae non cum provident.',145),(80,'soluta','Nam temporibus aspernatur cum a voluptatem neque modi. Excepturi iure non omnis officiis earum dolor ratione. Sapiente iusto eos et ut assumenda eius totam. Sequi quo quia in eos fugiat error ab.',111),(81,'necessitatibus','Libero error rerum velit sed molestiae. Sit impedit magnam cum unde in illum blanditiis.',290),(82,'sint','Et debitis praesentium dolorum sit corrupti ea quod. Fugit corrupti accusantium perferendis doloremque nihil est. Aliquam eum natus aperiam consequatur nesciunt est.',16),(83,'illum','At natus reiciendis cum perspiciatis aut hic nobis. Nesciunt culpa doloribus reprehenderit. Ipsa sit numquam dignissimos nostrum aliquam rerum et.',148),(84,'sit','Ut id voluptatem veritatis. Eligendi dolorem rerum sit et ipsa molestiae. Quam sed quae ut facere inventore neque. Ea provident molestias iure eius.',213),(85,'consequatur','Distinctio et corrupti dolor accusamus qui reprehenderit. Voluptatem ratione eum magni modi enim saepe commodi pariatur. Deserunt quam et consectetur.',261),(86,'eum','Maiores vel amet dolorem expedita ea eos. Dolores autem aliquam reprehenderit voluptates ducimus repellendus. Modi excepturi eos architecto consequatur totam consequatur et ut. Repudiandae itaque ratione temporibus.',131),(87,'aliquam','Eum voluptatibus non est eveniet temporibus. Voluptatem suscipit reiciendis repellat laudantium est sint. Dignissimos dicta officia explicabo nesciunt exercitationem non ipsum. Consequatur dolorem voluptas totam sequi.',262),(88,'modi','Quisquam iusto dolores tempore rem reprehenderit at. Sed velit expedita dolores nihil ratione iste. Optio dicta qui totam voluptates deserunt provident laborum. Commodi quisquam error et laborum labore voluptate.',90),(89,'aliquam','Excepturi deserunt non consequatur aut et et dolor. Voluptas atque nihil consequuntur porro nisi inventore esse. Quis suscipit nihil non veritatis optio excepturi aut. Aut impedit voluptas tempora sint.',108),(90,'maiores','Commodi excepturi omnis odio voluptatem accusantium. Eaque esse labore porro aut saepe. Eos et sed et nemo atque cumque minima. Dolor sed quo et fuga voluptatem consectetur iusto.',217),(91,'distinctio','Pariatur nihil error iusto nesciunt. Voluptatem doloremque assumenda qui amet eligendi similique. Sit maxime qui hic ut sapiente laboriosam ea. Voluptates sit autem et aut dolores vitae voluptas.',158),(92,'saepe','Natus cum autem modi et. Ut eius ipsa ipsam adipisci animi.',115),(93,'maxime','Minus reiciendis quae voluptas fuga voluptatem quod eveniet. Excepturi et repudiandae aut ipsam ipsum sed impedit.',295),(94,'et','Fuga quia delectus magni consequatur in. Sunt et adipisci reiciendis quo saepe omnis vero. Suscipit nemo illo est qui. Quo veniam in dolorem. Dolore temporibus quam ex officia.',156),(95,'doloribus','Molestias numquam nobis aliquid unde repellendus et aut. Vel qui consequatur facilis alias corporis qui perspiciatis. Et non tempore eveniet eveniet cupiditate adipisci. Porro quam est alias. Maiores esse sapiente sed eaque ut.',266),(96,'placeat','Dolores omnis enim molestias et rem ab voluptatem. Ullam perferendis impedit in enim ab.',209),(97,'molestiae','Magni itaque dolor quasi. Cumque ratione at ea voluptatum eum commodi cumque. Voluptas mollitia illo vero error quia quia rerum. Harum doloremque laborum dolor ea exercitationem hic.',151),(98,'ut','Labore sed dolor placeat ad et unde quis provident. Dolor corrupti sit velit ut facilis omnis perferendis aliquam. Architecto autem earum error assumenda nam molestiae hic velit. Quo dolor voluptatem incidunt voluptatem qui.',124),(99,'doloremque','Eum vero enim ut exercitationem et aut. Sunt expedita nisi alias est. Repellat velit officiis ut perspiciatis. Temporibus officia fugiat asperiores reprehenderit laboriosam qui.',184),(100,'in','Beatae hic placeat voluptas ipsum cum. Ullam aspernatur voluptas non ut ullam quidem inventore. Quod odio eveniet illo assumenda suscipit.',213);
/*!40000 ALTER TABLE `communities` ENABLE KEYS */;
UNLOCK TABLES;

--
-- Table structure for table `communities_users`
--

DROP TABLE IF EXISTS `communities_users`;
/*!40101 SET @saved_cs_client     = @@character_set_client */;
/*!50503 SET character_set_client = utf8mb4 */;
CREATE TABLE `communities_users` (
  `community_id` bigint unsigned NOT NULL,
  `user_id` bigint unsigned NOT NULL,
  `created_at` datetime NOT NULL DEFAULT CURRENT_TIMESTAMP,
  PRIMARY KEY (`community_id`,`user_id`),
  KEY `communities_users_comm_idx` (`community_id`),
  KEY `communities_users_users_idx` (`user_id`),
  CONSTRAINT `fk_communities_users_comm` FOREIGN KEY (`community_id`) REFERENCES `communities` (`id`),
  CONSTRAINT `fk_communities_users_users` FOREIGN KEY (`user_id`) REFERENCES `users` (`id`)
) ENGINE=InnoDB DEFAULT CHARSET=utf8mb4 COLLATE=utf8mb4_unicode_ci;
/*!40101 SET character_set_client = @saved_cs_client */;

--
-- Dumping data for table `communities_users`
--

LOCK TABLES `communities_users` WRITE;
/*!40000 ALTER TABLE `communities_users` DISABLE KEYS */;
INSERT INTO `communities_users` VALUES (1,32,'2017-12-21 07:54:44'),(1,77,'2016-12-20 10:38:49'),(1,103,'1986-02-10 11:54:18'),(1,180,'1990-10-29 09:48:28'),(2,8,'1995-03-09 01:24:35'),(2,18,'1990-07-07 08:54:09'),(2,90,'2000-06-10 09:14:28'),(3,27,'2006-07-25 23:26:43'),(4,198,'2000-03-07 20:37:02'),(4,287,'1985-01-14 22:29:06'),(5,23,'2016-07-20 10:57:07'),(5,107,'2011-11-23 07:21:25'),(5,296,'2015-07-09 01:02:28'),(6,272,'1978-01-21 04:06:18'),(6,286,'2009-01-11 15:01:43'),(7,14,'1997-10-30 00:22:56'),(7,125,'1983-03-14 03:04:46'),(7,198,'2003-07-03 00:25:29'),(8,17,'2000-04-04 05:40:18'),(8,201,'1998-05-27 00:21:23'),(10,23,'2006-12-15 19:42:23'),(11,58,'2015-08-01 20:00:51'),(11,97,'2005-08-04 22:51:55'),(12,75,'2012-04-27 13:22:42'),(13,21,'1974-12-12 19:28:06'),(13,181,'2020-09-06 08:13:05'),(14,39,'1987-11-25 03:59:51'),(14,52,'2000-02-01 15:46:15'),(14,124,'2015-11-08 11:17:08'),(15,98,'1988-07-24 02:04:22'),(15,253,'1995-01-06 19:07:26'),(16,13,'1971-11-11 13:31:59'),(16,269,'2003-06-10 20:51:10'),(17,214,'1988-03-04 17:33:04'),(18,140,'2016-12-17 09:18:52'),(18,206,'1998-09-13 15:20:47'),(19,51,'2000-09-29 16:45:07'),(19,115,'2020-03-11 14:55:07'),(19,203,'1991-06-27 16:27:25'),(20,119,'2017-11-17 08:45:31'),(20,300,'1986-08-29 06:19:55'),(21,184,'1972-01-13 10:00:05'),(21,206,'1997-07-25 18:11:16'),(21,269,'2001-12-27 10:44:01'),(22,182,'1986-08-21 01:16:37'),(22,211,'1984-02-05 23:55:56'),(22,286,'2001-01-10 20:08:08'),(23,84,'1976-03-18 08:48:47'),(23,151,'2018-12-18 10:16:42'),(24,173,'1985-12-31 09:21:01'),(24,183,'1993-08-04 04:23:10'),(24,200,'2018-06-03 21:28:53'),(26,5,'1985-04-18 11:08:17'),(26,24,'2019-07-21 11:54:53'),(26,248,'2007-12-26 15:53:08'),(27,87,'1992-11-08 00:21:26'),(27,162,'2014-02-17 10:02:06'),(27,199,'1995-07-25 15:30:56'),(28,15,'2006-10-25 06:09:14'),(28,117,'2009-08-31 10:06:06'),(28,208,'1977-06-29 08:00:46'),(29,14,'1999-06-02 09:43:07'),(29,199,'2015-08-28 13:56:29'),(29,287,'1972-03-23 13:52:26'),(30,131,'1992-07-01 10:05:22'),(30,276,'2013-01-28 08:40:13'),(31,191,'2019-03-04 00:29:49'),(31,242,'2010-12-03 09:16:00'),(32,78,'1981-09-03 21:17:44'),(32,125,'2004-11-09 14:53:27'),(32,136,'1979-12-21 07:07:36'),(32,217,'1989-02-28 18:43:23'),(33,70,'1992-07-18 19:40:11'),(35,137,'1990-12-10 08:17:42'),(35,289,'2003-01-25 19:08:53'),(37,49,'1992-06-13 03:04:12'),(38,62,'1994-12-26 01:51:02'),(38,283,'1988-01-25 06:23:04'),(39,127,'1972-06-22 04:40:25'),(39,183,'1977-01-08 06:54:13'),(39,259,'2009-05-24 18:54:02'),(40,97,'1970-10-26 17:50:44'),(40,174,'1973-03-09 09:20:25'),(41,19,'1986-02-13 22:01:46'),(41,84,'1973-02-17 21:13:26'),(41,197,'1987-08-30 23:48:17'),(42,43,'1982-10-24 03:18:39'),(42,291,'1977-11-15 20:18:02'),(43,18,'1994-04-07 12:41:50'),(44,4,'1971-05-28 05:06:28'),(44,5,'1976-11-16 23:49:59'),(45,20,'1982-07-27 04:56:43'),(45,239,'2017-09-24 14:14:00'),(46,249,'1979-01-15 00:18:09'),(47,142,'1974-03-25 03:14:34'),(47,171,'2000-03-20 14:54:11'),(47,266,'1977-12-12 18:21:20'),(47,270,'1994-01-26 12:35:37'),(48,58,'2000-12-25 05:36:20'),(48,80,'1972-09-21 17:13:27'),(49,29,'1995-03-20 05:08:02'),(49,134,'2014-03-18 12:26:44'),(50,36,'1979-06-12 10:20:53'),(50,42,'1986-04-08 05:24:15'),(50,90,'2019-02-04 22:25:54'),(50,104,'1977-09-13 09:00:00'),(51,45,'2016-06-01 06:11:30'),(52,136,'1970-03-04 17:46:36'),(53,22,'2013-08-01 02:22:36'),(53,52,'2013-06-27 04:01:28'),(53,57,'2015-05-28 19:11:28'),(53,136,'2020-02-02 07:29:49'),(55,15,'2017-07-03 07:42:21'),(56,180,'1993-08-05 17:22:53'),(57,152,'2007-04-14 18:24:10'),(57,268,'2018-11-12 00:28:15'),(57,298,'2015-10-31 16:27:44'),(59,25,'2007-05-11 05:41:25'),(59,70,'1997-08-04 02:07:28'),(59,203,'1987-04-27 07:02:15'),(61,111,'1974-07-11 19:12:24'),(61,228,'2004-04-10 08:28:52'),(61,262,'2006-12-14 12:37:33'),(62,13,'1989-11-14 12:15:48'),(62,55,'2016-05-24 07:06:23'),(62,85,'2018-02-23 17:28:59'),(62,125,'2005-10-20 07:06:47'),(62,236,'1985-04-28 13:24:08'),(63,254,'2011-04-27 10:54:50'),(64,147,'1984-11-26 15:53:00'),(64,207,'2000-01-04 08:52:16'),(66,281,'1996-08-08 12:02:32'),(67,29,'1981-07-01 05:15:57'),(67,177,'1999-10-07 14:10:27'),(67,250,'1997-10-16 01:30:18'),(68,130,'1986-04-24 01:27:58'),(68,140,'1981-02-16 01:01:59'),(68,213,'2006-07-27 15:34:28'),(68,251,'2018-05-06 02:51:21'),(69,37,'1987-03-15 02:34:03'),(70,274,'1981-12-10 20:08:54'),(72,298,'2012-09-17 16:41:39'),(73,92,'1983-10-19 16:25:39'),(74,32,'1987-04-23 17:53:08'),(76,44,'1973-12-12 10:33:01'),(76,101,'1997-01-09 18:51:04'),(77,31,'1979-07-07 04:49:13'),(77,54,'1991-07-25 11:10:32'),(77,170,'1983-05-20 08:12:06'),(77,240,'1970-03-24 03:37:37'),(77,294,'1975-03-09 08:14:31'),(78,151,'1985-09-02 00:26:14'),(79,118,'1978-02-03 02:12:14'),(80,105,'1975-06-29 04:37:50'),(80,175,'1972-03-26 23:25:26'),(80,177,'2005-05-08 09:18:04'),(80,259,'1978-05-15 13:37:08'),(81,16,'1976-05-27 01:54:23'),(81,21,'2014-10-25 14:57:37'),(81,267,'2015-09-08 21:27:39'),(82,36,'2019-10-23 13:52:29'),(82,61,'1970-07-17 08:39:01'),(83,173,'2002-05-01 11:56:16'),(83,285,'1979-01-05 16:51:36'),(84,140,'1979-01-11 19:19:20'),(85,146,'2013-04-15 18:43:13'),(87,292,'2004-04-13 23:29:35'),(88,48,'2006-07-26 14:09:59'),(88,106,'1981-12-03 06:57:40'),(88,109,'1971-09-03 09:31:45'),(88,155,'2005-11-26 17:37:04'),(90,35,'2008-06-09 02:11:50'),(90,223,'2008-08-02 00:28:47'),(91,24,'1984-05-27 23:31:52'),(91,245,'1992-05-24 15:31:01'),(91,278,'1995-02-26 19:11:24'),(93,153,'1978-07-18 03:29:37'),(93,184,'1982-09-02 14:45:15'),(93,243,'2019-04-24 16:19:55'),(93,293,'1994-06-10 19:48:08'),(94,6,'1994-10-12 05:42:38'),(94,285,'2017-03-18 16:24:30'),(95,164,'2008-11-09 00:50:24'),(96,1,'2017-01-09 01:44:54'),(96,20,'2014-07-13 10:09:26'),(96,61,'1971-08-17 00:53:59'),(96,65,'1979-01-18 04:58:08'),(97,96,'2015-03-11 18:34:41'),(97,170,'1993-05-24 21:19:42'),(97,227,'2018-08-31 03:08:40'),(98,11,'1993-04-12 02:46:17'),(98,129,'2012-05-08 03:29:09'),(98,134,'1994-05-21 07:49:58'),(98,243,'1986-05-21 21:42:44'),(99,18,'1972-02-16 11:17:24'),(99,45,'1977-02-02 06:51:27'),(100,67,'1973-06-16 16:06:38'),(100,174,'2016-01-17 13:50:03'),(100,190,'2019-02-01 12:59:33'),(100,231,'2019-06-27 08:57:10');
/*!40000 ALTER TABLE `communities_users` ENABLE KEYS */;
UNLOCK TABLES;

--
-- Table structure for table `friend_requests`
--

DROP TABLE IF EXISTS `friend_requests`;
/*!40101 SET @saved_cs_client     = @@character_set_client */;
/*!50503 SET character_set_client = utf8mb4 */;
CREATE TABLE `friend_requests` (
  `from_user_id` bigint unsigned NOT NULL,
  `to_user_id` bigint unsigned NOT NULL,
  `accepted` tinyint(1) DEFAULT '0',
  PRIMARY KEY (`from_user_id`,`to_user_id`),
  KEY `fk_friend_requests_from_user_idx` (`from_user_id`),
  KEY `fk_friend_requests_to_user_idx` (`to_user_id`),
  CONSTRAINT `fk_friend_requests_users_1` FOREIGN KEY (`from_user_id`) REFERENCES `users` (`id`),
  CONSTRAINT `fk_friend_requests_users_2` FOREIGN KEY (`to_user_id`) REFERENCES `users` (`id`)
) ENGINE=InnoDB DEFAULT CHARSET=utf8mb4 COLLATE=utf8mb4_unicode_ci;
/*!40101 SET character_set_client = @saved_cs_client */;

--
-- Dumping data for table `friend_requests`
--

LOCK TABLES `friend_requests` WRITE;
/*!40000 ALTER TABLE `friend_requests` DISABLE KEYS */;
INSERT INTO `friend_requests` VALUES (1,204,1),(3,178,0),(7,66,0),(17,56,1),(20,225,1),(23,67,1),(25,50,1),(31,35,0),(35,243,1),(37,254,1),(42,124,0),(48,63,1),(52,269,0),(53,115,0),(55,190,1),(56,157,0),(60,225,0),(61,37,0),(61,102,0),(62,16,1),(65,230,1),(67,26,0),(75,224,1),(85,80,1),(86,157,0),(88,54,0),(90,12,0),(94,75,0),(96,61,0),(96,260,0),(101,263,0),(105,150,1),(107,116,1),(109,167,1),(111,2,1),(116,68,0),(117,88,1),(118,278,0),(119,42,0),(120,262,1),(124,102,0),(126,256,1),(127,228,0),(130,105,0),(131,164,0),(135,120,1),(136,8,0),(140,10,1),(140,202,1),(142,3,0),(151,255,1),(159,293,0),(162,85,1),(163,10,1),(165,158,0),(167,35,0),(167,237,0),(169,208,0),(169,264,0),(171,259,0),(172,191,0),(176,22,0),(176,33,1),(176,167,1),(178,38,0),(178,283,1),(184,272,0),(186,261,0),(192,229,1),(194,292,0),(200,106,1),(200,172,0),(202,25,1),(211,4,1),(211,242,1),(217,28,0),(222,134,1),(222,295,1),(223,6,0),(229,191,1),(232,12,0),(232,288,0),(234,126,0),(237,135,0),(237,167,1),(239,38,0),(241,213,1),(244,151,0),(245,29,1),(248,134,1),(249,294,0),(253,202,1),(254,201,0),(259,224,0),(267,17,0),(274,176,1),(277,32,1),(285,267,1),(289,224,0),(296,275,0);
/*!40000 ALTER TABLE `friend_requests` ENABLE KEYS */;
UNLOCK TABLES;

--
-- Table structure for table `media`
--

DROP TABLE IF EXISTS `media`;
/*!40101 SET @saved_cs_client     = @@character_set_client */;
/*!50503 SET character_set_client = utf8mb4 */;
CREATE TABLE `media` (
  `id` bigint unsigned NOT NULL AUTO_INCREMENT,
  `user_id` bigint unsigned NOT NULL,
  `media_types_id` int unsigned NOT NULL,
  `file_name` varchar(245) CHARACTER SET utf8mb4 COLLATE utf8mb4_unicode_ci DEFAULT NULL COMMENT '/files/folder/img.png',
  `file_size` bigint unsigned DEFAULT NULL,
  `created_at` datetime NOT NULL DEFAULT CURRENT_TIMESTAMP,
  PRIMARY KEY (`id`),
  KEY `media_media_types_idx` (`media_types_id`),
  KEY `media_users_idx` (`user_id`),
  CONSTRAINT `fk_media_media_types` FOREIGN KEY (`media_types_id`) REFERENCES `media_types` (`id`),
  CONSTRAINT `fk_media_users` FOREIGN KEY (`user_id`) REFERENCES `users` (`id`)
) ENGINE=InnoDB AUTO_INCREMENT=301 DEFAULT CHARSET=utf8mb4 COLLATE=utf8mb4_unicode_ci;
/*!40101 SET character_set_client = @saved_cs_client */;

--
-- Dumping data for table `media`
--

LOCK TABLES `media` WRITE;
/*!40000 ALTER TABLE `media` DISABLE KEYS */;
INSERT INTO `media` VALUES (1,1,1,'adipisci',685669129,'1970-01-21 20:41:30'),(2,2,2,'dolor',91,'2006-10-25 11:33:36'),(3,3,3,'sapiente',210,'2018-05-21 08:56:41'),(4,4,4,'nihil',501,'1977-06-23 01:32:16'),(5,5,1,'excepturi',666,'2012-10-06 17:56:59'),(6,6,2,'dicta',898749,'1978-03-29 11:31:38'),(7,7,3,'repellat',89,'1977-07-18 22:18:50'),(8,8,4,'fugit',7499901,'2009-07-23 19:31:55'),(9,9,1,'sit',315777445,'2008-08-14 05:48:16'),(10,10,2,'sit',191416523,'2008-06-28 19:57:13'),(11,11,3,'quaerat',99558579,'2007-04-06 10:02:58'),(12,12,4,'saepe',96605524,'1993-01-29 18:06:44'),(13,13,1,'consequatur',0,'2007-06-22 11:06:22'),(14,14,2,'voluptatem',777,'2001-12-20 12:06:55'),(15,15,3,'quod',291928516,'1970-06-17 00:09:45'),(16,16,4,'quasi',7,'1988-09-04 21:50:54'),(17,17,1,'reprehenderit',7,'1982-10-24 02:54:19'),(18,18,2,'aspernatur',0,'1995-04-19 13:52:27'),(19,19,3,'quas',0,'2000-02-14 03:12:58'),(20,20,4,'dolor',41751341,'2005-06-11 07:41:51'),(21,21,1,'dolorem',60167,'1995-11-20 12:48:24'),(22,22,2,'consequuntur',76289,'2017-05-01 18:44:07'),(23,23,3,'qui',0,'2017-03-01 13:25:10'),(24,24,4,'sint',328,'1998-03-28 11:47:56'),(25,25,1,'rerum',42,'2021-01-28 04:29:45'),(26,26,2,'est',0,'1993-11-26 23:57:11'),(27,27,3,'quo',37148,'1977-07-10 02:55:22'),(28,28,4,'voluptas',67839,'1971-10-12 02:26:54'),(29,29,1,'rerum',191828,'1978-03-27 20:11:29'),(30,30,2,'velit',4687,'2000-08-14 08:41:23'),(31,31,3,'rerum',363743604,'1993-03-27 13:13:25'),(32,32,4,'accusamus',8060246,'2003-12-21 15:07:09'),(33,33,1,'nesciunt',49796670,'1999-10-15 12:14:14'),(34,34,2,'ducimus',546245,'1981-05-14 11:44:05'),(35,35,3,'est',26436,'2007-02-18 22:47:23'),(36,36,4,'ratione',2783,'1976-08-26 09:28:42'),(37,37,1,'atque',22246860,'1986-03-23 07:30:42'),(38,38,2,'et',2853,'1991-01-21 12:05:14'),(39,39,3,'eum',822100827,'1991-12-25 21:33:11'),(40,40,4,'et',3,'1990-03-21 02:02:50'),(41,41,1,'veritatis',5,'1989-10-20 17:46:44'),(42,42,2,'minus',892840969,'1970-03-25 16:55:08'),(43,43,3,'molestiae',52,'2014-07-06 05:36:49'),(44,44,4,'itaque',62,'2011-12-21 18:48:20'),(45,45,1,'laudantium',0,'1979-06-08 09:45:11'),(46,46,2,'dolores',26,'2005-06-12 17:01:27'),(47,47,3,'velit',5019,'1991-03-17 12:45:51'),(48,48,4,'et',86361,'2010-09-22 12:43:00'),(49,49,1,'doloribus',266320094,'1982-11-23 14:08:50'),(50,50,2,'vel',170,'1987-01-28 14:14:23'),(51,51,3,'occaecati',50742,'2001-07-09 03:23:01'),(52,52,4,'commodi',105516,'1983-11-03 08:38:11'),(53,53,1,'architecto',498820,'1997-05-24 22:52:57'),(54,54,2,'repellendus',67404,'1999-03-29 08:39:38'),(55,55,3,'et',950,'2020-08-21 22:22:13'),(56,56,4,'eveniet',7146,'2003-01-04 09:34:13'),(57,57,1,'ab',0,'2002-11-27 05:35:32'),(58,58,2,'laborum',0,'1989-04-09 02:45:07'),(59,59,3,'doloribus',2,'2004-09-04 09:25:43'),(60,60,4,'quo',85,'1986-04-25 02:34:21'),(61,61,1,'atque',942,'2016-10-27 19:27:14'),(62,62,2,'error',119518,'2013-09-22 04:32:01'),(63,63,3,'ut',6,'2017-03-05 12:39:11'),(64,64,4,'est',70,'1984-02-01 04:20:02'),(65,65,1,'nesciunt',96,'1997-12-30 05:38:08'),(66,66,2,'omnis',638533,'2008-01-10 02:23:13'),(67,67,3,'deserunt',363,'1979-02-14 06:41:04'),(68,68,4,'et',60232757,'2003-03-30 12:29:49'),(69,69,1,'assumenda',81918,'1977-05-19 05:16:41'),(70,70,2,'exercitationem',0,'1971-05-10 02:52:13'),(71,71,3,'voluptate',436,'2017-02-08 18:48:19'),(72,72,4,'illo',59728810,'2008-02-20 16:03:39'),(73,73,1,'possimus',37,'2002-07-01 08:19:23'),(74,74,2,'unde',50021022,'1989-02-21 23:05:14'),(75,75,3,'repellendus',275273,'2005-01-22 18:58:51'),(76,76,4,'velit',9259738,'1972-06-22 16:29:30'),(77,77,1,'et',12,'2012-10-23 01:30:33'),(78,78,2,'ipsam',9879371,'1989-04-01 11:54:00'),(79,79,3,'incidunt',87334,'2012-11-19 04:08:29'),(80,80,4,'placeat',931127,'2007-02-18 04:12:43'),(81,81,1,'dolores',30109,'1986-07-06 00:40:22'),(82,82,2,'libero',7032386,'2005-02-20 14:14:09'),(83,83,3,'asperiores',0,'1984-03-29 05:55:32'),(84,84,4,'voluptas',823481042,'1992-11-08 14:22:08'),(85,85,1,'velit',72120481,'1995-11-13 20:47:11'),(86,86,2,'voluptatem',248,'1973-11-21 12:16:42'),(87,87,3,'aspernatur',11035,'2010-06-10 01:55:55'),(88,88,4,'non',17192,'1973-06-08 11:37:31'),(89,89,1,'et',7829056,'2001-12-08 10:19:26'),(90,90,2,'dolorum',238591535,'1981-09-16 11:10:37'),(91,91,3,'officia',5611576,'1984-01-28 02:38:47'),(92,92,4,'modi',11418797,'2004-07-02 06:28:09'),(93,93,1,'et',894,'1981-12-03 20:34:16'),(94,94,2,'consectetur',99635,'1990-10-13 19:28:56'),(95,95,3,'et',91528065,'1990-06-19 17:03:54'),(96,96,4,'consequatur',7539049,'2016-06-26 01:19:45'),(97,97,1,'saepe',715,'1983-11-20 18:38:34'),(98,98,2,'qui',123619216,'1985-02-20 00:45:03'),(99,99,3,'nihil',604,'1994-07-29 01:01:28'),(100,100,4,'et',6811955,'1994-06-04 23:20:33'),(101,101,1,'sit',13,'1973-11-21 20:21:45'),(102,102,2,'autem',61987208,'1999-05-03 19:00:02'),(103,103,3,'id',130,'2016-07-29 06:53:41'),(104,104,4,'velit',5441517,'2001-11-05 16:32:54'),(105,105,1,'dolor',2299150,'2019-10-18 22:24:43'),(106,106,2,'voluptas',83690762,'1970-07-17 00:40:13'),(107,107,3,'est',1418,'2004-12-20 04:32:11'),(108,108,4,'sed',86,'2003-05-12 05:04:19'),(109,109,1,'sapiente',531969,'2003-11-27 11:01:05'),(110,110,2,'numquam',59984258,'1975-04-09 06:59:23'),(111,111,3,'eligendi',53894230,'2016-09-24 02:38:51'),(112,112,4,'voluptatem',63506,'1988-05-24 18:25:50'),(113,113,1,'sunt',828,'1979-03-14 10:40:18'),(114,114,2,'quaerat',0,'1984-11-29 02:53:58'),(115,115,3,'dolore',383236,'1982-12-08 21:24:53'),(116,116,4,'tempora',637641181,'1996-05-24 10:00:05'),(117,117,1,'quam',48208,'2001-09-13 20:21:59'),(118,118,2,'est',95,'1976-01-28 19:11:47'),(119,119,3,'rerum',0,'2020-03-28 20:20:45'),(120,120,4,'aut',38,'1990-06-13 13:48:24'),(121,121,1,'deleniti',4422661,'1999-02-01 10:25:28'),(122,122,2,'est',999191,'1994-07-24 07:42:22'),(123,123,3,'eum',1117,'1984-06-23 07:40:37'),(124,124,4,'rerum',541113,'2017-07-19 11:06:16'),(125,125,1,'aut',7443,'1982-09-02 03:16:31'),(126,126,2,'similique',661808,'2016-02-25 23:51:47'),(127,127,3,'qui',4656,'1975-08-01 14:37:28'),(128,128,4,'deleniti',0,'1975-08-03 22:26:34'),(129,129,1,'beatae',0,'1994-10-02 08:09:32'),(130,130,2,'odit',56011574,'1974-12-18 02:00:40'),(131,131,3,'possimus',0,'1980-03-24 08:27:21'),(132,132,4,'quisquam',7,'1995-02-27 01:03:13'),(133,133,1,'enim',0,'1986-09-13 03:53:53'),(134,134,2,'vel',4,'2010-08-11 19:28:21'),(135,135,3,'qui',8498,'1975-06-02 16:14:15'),(136,136,4,'excepturi',561956,'2007-03-31 08:39:47'),(137,137,1,'soluta',2394833,'2001-07-31 05:28:14'),(138,138,2,'aliquam',1337490,'1973-01-27 10:45:52'),(139,139,3,'minima',702,'2017-08-20 14:42:31'),(140,140,4,'vero',68912,'1999-10-14 18:00:56'),(141,141,1,'dignissimos',60,'1985-10-12 18:17:13'),(142,142,2,'distinctio',13,'1994-07-29 02:57:49'),(143,143,3,'cum',908,'1997-08-07 12:49:44'),(144,144,4,'voluptas',2332,'2019-08-30 14:13:06'),(145,145,1,'ratione',3,'1977-05-29 01:37:53'),(146,146,2,'expedita',69990,'1974-04-17 18:08:28'),(147,147,3,'sit',73857,'2018-11-06 12:51:57'),(148,148,4,'autem',27447531,'2005-04-02 12:19:16'),(149,149,1,'numquam',24436,'2018-11-08 00:46:37'),(150,150,2,'voluptatem',7,'2020-08-08 20:46:31'),(151,151,3,'fugit',7539937,'2008-03-27 05:51:57'),(152,152,4,'modi',59,'1972-08-17 06:26:18'),(153,153,1,'et',542417,'1974-12-21 08:27:07'),(154,154,2,'vel',0,'1993-07-17 03:46:51'),(155,155,3,'enim',5,'2012-02-14 21:01:49'),(156,156,4,'quis',5,'2014-11-06 16:49:25'),(157,157,1,'ut',539697,'2007-01-17 21:15:37'),(158,158,2,'culpa',18819921,'1981-05-23 10:38:52'),(159,159,3,'hic',54724,'1973-07-11 03:45:32'),(160,160,4,'reiciendis',759926,'1979-11-03 12:17:23'),(161,161,1,'non',340114,'1989-12-26 20:55:28'),(162,162,2,'dolor',548097114,'1983-05-19 10:10:02'),(163,163,3,'nihil',99,'1981-12-04 19:11:46'),(164,164,4,'error',102,'2004-07-22 18:10:19'),(165,165,1,'alias',5296772,'1978-03-02 19:32:21'),(166,166,2,'explicabo',506,'1990-07-14 23:16:48'),(167,167,3,'perspiciatis',41,'1990-05-24 21:58:35'),(168,168,4,'necessitatibus',6,'2012-12-18 13:02:03'),(169,169,1,'fugiat',104943300,'2005-04-25 02:45:23'),(170,170,2,'dolorem',0,'1992-04-23 02:18:34'),(171,171,3,'eos',974933,'2003-08-03 01:31:27'),(172,172,4,'ipsa',61785451,'1981-01-20 13:30:21'),(173,173,1,'qui',74238421,'2003-04-24 03:40:00'),(174,174,2,'quia',0,'1988-10-31 17:41:38'),(175,175,3,'dolorem',6,'2020-12-07 19:22:43'),(176,176,4,'quis',49,'2001-10-14 22:38:24'),(177,177,1,'quam',71601829,'1976-05-15 18:23:47'),(178,178,2,'voluptas',36,'2012-06-26 06:03:18'),(179,179,3,'omnis',73,'2003-12-18 02:12:57'),(180,180,4,'sit',1957,'1994-11-13 06:53:57'),(181,181,1,'velit',881,'2003-04-16 00:40:16'),(182,182,2,'molestiae',1038649,'2011-07-06 14:40:48'),(183,183,3,'totam',248,'2001-11-11 11:52:59'),(184,184,4,'magni',0,'1992-05-17 17:01:04'),(185,185,1,'soluta',0,'2011-09-23 16:12:22'),(186,186,2,'nostrum',204,'1997-03-21 12:21:04'),(187,187,3,'illo',4083,'1995-06-13 22:27:29'),(188,188,4,'quibusdam',273,'1999-11-27 08:41:33'),(189,189,1,'facere',2742,'2010-11-18 05:00:10'),(190,190,2,'et',22013461,'1975-07-23 22:50:24'),(191,191,3,'pariatur',846,'2017-11-28 09:32:46'),(192,192,4,'dolorem',3461,'1994-06-26 18:02:16'),(193,193,1,'aut',7533999,'1982-04-15 16:31:08'),(194,194,2,'nemo',62475,'1991-07-07 07:09:25'),(195,195,3,'suscipit',350436,'1999-06-09 23:46:47'),(196,196,4,'earum',300339,'1991-09-30 07:45:56'),(197,197,1,'est',42368,'1971-06-26 04:15:14'),(198,198,2,'et',2,'2001-04-19 00:49:52'),(199,199,3,'iure',13971772,'2018-11-08 08:13:29'),(200,200,4,'et',855157,'1993-02-10 22:14:41'),(201,201,1,'et',85230069,'1985-09-09 07:07:14'),(202,202,2,'cum',1631,'1981-09-02 06:42:27'),(203,203,3,'molestiae',9747002,'1987-08-18 13:57:45'),(204,204,4,'aut',0,'1997-09-26 16:59:49'),(205,205,1,'ipsam',85493149,'1972-11-24 15:18:00'),(206,206,2,'id',97,'2007-01-21 01:09:01'),(207,207,3,'autem',9101411,'2008-01-30 03:30:52'),(208,208,4,'et',4773957,'1996-02-24 14:17:13'),(209,209,1,'consequatur',93,'2009-05-06 17:59:55'),(210,210,2,'est',3508985,'1976-01-16 13:30:39'),(211,211,3,'voluptas',7,'1974-04-30 17:37:44'),(212,212,4,'consequuntur',303143,'2015-07-21 18:17:05'),(213,213,1,'quo',23,'2009-04-08 02:56:55'),(214,214,2,'voluptas',78496,'1999-01-18 18:04:55'),(215,215,3,'expedita',6,'1992-05-20 04:09:41'),(216,216,4,'iure',6,'1972-12-05 01:58:41'),(217,217,1,'quia',793752,'2009-01-06 07:09:27'),(218,218,2,'tenetur',7402085,'1993-07-17 07:56:30'),(219,219,3,'enim',4890089,'1971-06-22 22:02:00'),(220,220,4,'ut',378,'1972-11-26 17:00:09'),(221,221,1,'ab',982,'1975-04-17 14:42:05'),(222,222,2,'sed',215021,'2000-11-11 04:07:04'),(223,223,3,'culpa',1468909,'2013-09-14 14:40:30'),(224,224,4,'sunt',7,'1998-11-16 07:25:58'),(225,225,1,'delectus',9370,'2021-02-14 13:05:23'),(226,226,2,'voluptate',724,'2015-05-28 13:58:10'),(227,227,3,'et',37003,'1982-05-15 04:43:05'),(228,228,4,'iure',52,'2011-05-20 22:33:14'),(229,229,1,'repellendus',0,'1987-01-08 00:51:27'),(230,230,2,'tenetur',51,'1997-06-16 15:45:03'),(231,231,3,'optio',9749,'1990-07-10 20:04:48'),(232,232,4,'iusto',2038,'1972-05-06 03:40:18'),(233,233,1,'temporibus',0,'1982-05-09 17:15:43'),(234,234,2,'esse',382596613,'2009-09-01 04:24:18'),(235,235,3,'vitae',22,'1997-03-01 20:48:06'),(236,236,4,'molestiae',0,'1976-09-01 07:36:32'),(237,237,1,'aliquid',730161841,'1996-03-17 05:57:31'),(238,238,2,'doloremque',6555,'2008-07-18 00:02:27'),(239,239,3,'excepturi',0,'1991-11-09 12:00:03'),(240,240,4,'ipsa',92,'2015-06-20 22:46:12'),(241,241,1,'repellat',10,'1972-01-30 10:26:47'),(242,242,2,'deleniti',3813,'2017-12-23 12:04:23'),(243,243,3,'nostrum',4452408,'1990-10-10 05:07:59'),(244,244,4,'ea',88628,'1984-01-16 08:18:26'),(245,245,1,'sed',0,'1982-01-11 05:56:43'),(246,246,2,'ut',4,'2004-05-17 12:05:41'),(247,247,3,'molestias',7841072,'1970-06-11 11:52:04'),(248,248,4,'sit',458859757,'1975-04-24 22:22:29'),(249,249,1,'minus',89171476,'2010-12-08 12:22:23'),(250,250,2,'repellat',6684,'2014-05-06 14:55:03'),(251,251,3,'non',162,'2011-03-25 11:34:24'),(252,252,4,'non',7483,'1994-02-15 19:06:28'),(253,253,1,'ut',595783,'1984-02-15 15:29:39'),(254,254,2,'itaque',15024997,'1983-02-18 14:47:11'),(255,255,3,'est',75673,'1984-01-20 21:47:03'),(256,256,4,'ea',5,'1973-08-26 06:34:42'),(257,257,1,'nam',6713189,'2015-06-07 23:07:12'),(258,258,2,'aut',60106,'2007-09-17 23:51:49'),(259,259,3,'harum',95328,'2007-11-01 01:09:00'),(260,260,4,'deleniti',39,'2016-03-26 20:00:56'),(261,261,1,'omnis',830999,'1977-12-18 09:02:37'),(262,262,2,'eos',1455,'1978-05-05 16:07:59'),(263,263,3,'facilis',9501,'1979-08-28 08:57:02'),(264,264,4,'voluptatem',2609,'2015-12-22 07:05:50'),(265,265,1,'earum',374,'1974-11-09 10:33:51'),(266,266,2,'voluptatibus',350615,'1990-06-27 13:29:55'),(267,267,3,'consectetur',37855885,'1999-11-23 21:29:00'),(268,268,4,'dolorum',397828,'1980-01-28 19:26:33'),(269,269,1,'esse',0,'2019-08-28 14:48:37'),(270,270,2,'dolore',0,'1974-05-05 11:53:09'),(271,271,3,'nihil',0,'1978-03-08 02:13:40'),(272,272,4,'amet',2018221,'1970-05-25 00:05:54'),(273,273,1,'laborum',935660,'2003-03-24 16:56:45'),(274,274,2,'est',3,'1990-03-15 03:47:04'),(275,275,3,'modi',3957,'1980-12-26 03:17:18'),(276,276,4,'assumenda',3083,'1989-10-08 16:22:14'),(277,277,1,'omnis',387058,'1982-05-24 13:53:11'),(278,278,2,'occaecati',659051,'1980-09-11 09:45:42'),(279,279,3,'voluptatibus',662,'1995-09-08 13:54:53'),(280,280,4,'voluptas',39193,'2001-05-23 01:46:25'),(281,281,1,'veniam',310304249,'2020-12-05 00:21:25'),(282,282,2,'ut',319235,'2008-09-23 13:07:30'),(283,283,3,'est',9693674,'2002-02-18 19:51:54'),(284,284,4,'quia',93,'1979-09-13 10:20:12'),(285,285,1,'architecto',45169,'2016-12-03 02:39:32'),(286,286,2,'ut',525601671,'1976-01-13 14:53:46'),(287,287,3,'quo',610,'1974-04-18 01:21:17'),(288,288,4,'molestiae',517795281,'1982-04-22 04:42:05'),(289,289,1,'atque',9,'1994-08-18 19:04:30'),(290,290,2,'voluptatum',41,'1986-06-10 16:15:58'),(291,291,3,'laboriosam',319532,'1989-12-27 03:50:12'),(292,292,4,'quasi',70,'1971-02-23 21:07:26'),(293,293,1,'dolorum',687617070,'1995-05-03 08:18:25'),(294,294,2,'temporibus',40031,'1971-07-08 19:48:02'),(295,295,3,'rem',0,'2015-06-15 01:43:11'),(296,296,4,'saepe',48179881,'2013-08-28 10:12:49'),(297,297,1,'quaerat',0,'1989-11-30 10:43:06'),(298,298,2,'et',1879,'1973-06-27 13:29:35'),(299,299,3,'sed',0,'1989-01-25 10:54:43'),(300,300,4,'et',1,'1972-05-21 08:56:47');
/*!40000 ALTER TABLE `media` ENABLE KEYS */;
UNLOCK TABLES;

--
-- Table structure for table `media_types`
--

DROP TABLE IF EXISTS `media_types`;
/*!40101 SET @saved_cs_client     = @@character_set_client */;
/*!50503 SET character_set_client = utf8mb4 */;
CREATE TABLE `media_types` (
  `id` int unsigned NOT NULL AUTO_INCREMENT,
  `name` varchar(45) CHARACTER SET utf8mb4 COLLATE utf8mb4_unicode_ci NOT NULL,
  PRIMARY KEY (`id`),
  UNIQUE KEY `name` (`name`)
) ENGINE=InnoDB AUTO_INCREMENT=5 DEFAULT CHARSET=utf8mb4 COLLATE=utf8mb4_unicode_ci;
/*!40101 SET character_set_client = @saved_cs_client */;

--
-- Dumping data for table `media_types`
--

LOCK TABLES `media_types` WRITE;
/*!40000 ALTER TABLE `media_types` DISABLE KEYS */;
INSERT INTO `media_types` VALUES (4,'dolores'),(1,'provident'),(2,'quibusdam'),(3,'sint');
/*!40000 ALTER TABLE `media_types` ENABLE KEYS */;
UNLOCK TABLES;

--
-- Table structure for table `messages`
--

DROP TABLE IF EXISTS `messages`;
/*!40101 SET @saved_cs_client     = @@character_set_client */;
/*!50503 SET character_set_client = utf8mb4 */;
CREATE TABLE `messages` (
  `id` bigint unsigned NOT NULL AUTO_INCREMENT,
  `from_user_id` bigint unsigned NOT NULL,
  `to_user_id` bigint unsigned NOT NULL,
  `txt` text CHARACTER SET utf8mb4 COLLATE utf8mb4_unicode_ci NOT NULL,
  `is_delivered` tinyint(1) DEFAULT '0',
  `created_at` datetime NOT NULL DEFAULT CURRENT_TIMESTAMP,
  `updated_at` datetime DEFAULT CURRENT_TIMESTAMP ON UPDATE CURRENT_TIMESTAMP,
  PRIMARY KEY (`id`),
  KEY `fk_messages_from_user_idx` (`from_user_id`),
  KEY `fk_messages_to_user_idx` (`to_user_id`),
  CONSTRAINT `fk_messages_users_1` FOREIGN KEY (`from_user_id`) REFERENCES `users` (`id`),
  CONSTRAINT `fk_messages_users_2` FOREIGN KEY (`to_user_id`) REFERENCES `users` (`id`)
) ENGINE=InnoDB AUTO_INCREMENT=301 DEFAULT CHARSET=utf8mb4 COLLATE=utf8mb4_unicode_ci;
/*!40101 SET character_set_client = @saved_cs_client */;

--
-- Dumping data for table `messages`
--

LOCK TABLES `messages` WRITE;
/*!40000 ALTER TABLE `messages` DISABLE KEYS */;
INSERT INTO `messages` VALUES (1,135,137,'Ea officia esse fuga quisquam earum illo vel. Perferendis officiis fuga assumenda est. Quis quos consequatur pariatur fugit hic.',1,'1974-04-14 22:40:22','1973-02-20 18:44:12'),(2,218,20,'Rem voluptatem sunt omnis aliquam ut aut perferendis suscipit. Quasi quidem possimus temporibus eaque. Earum provident voluptas ut aut. Velit omnis delectus deserunt earum rerum.',0,'1986-03-12 22:24:31','2004-05-21 23:05:05'),(3,164,98,'Doloribus officia quam sit ut veniam nam nisi dolorem. Facilis eligendi nihil rem ut omnis. Et voluptas eos voluptatem quo quis voluptatem. Ut molestiae vero molestias officia.',1,'2007-05-02 00:58:08','2006-09-02 13:34:18'),(4,31,251,'Aut sit eum qui perferendis. Quo similique iure inventore eos. Optio cumque impedit voluptatibus quia necessitatibus ducimus.',0,'1982-09-07 15:06:59','2017-09-26 12:11:56'),(5,161,24,'Asperiores suscipit et consequatur ea quia. Debitis veniam optio quia incidunt mollitia cum. Qui eum fugit optio ut error eos recusandae. Qui dolores vero deleniti fuga.',0,'2006-07-11 23:39:13','2018-01-16 05:51:58'),(6,157,195,'Laboriosam voluptatum aspernatur voluptas nostrum nihil aut. Vero minus deleniti aut reiciendis. Sint ut et nostrum voluptate deserunt officiis fugiat. Ipsam in et voluptatem labore aperiam.',1,'1970-09-19 23:59:37','1977-09-10 06:44:33'),(7,141,6,'Minus explicabo ducimus veritatis est sunt incidunt. Praesentium ex et est consequatur ex. Velit corrupti iusto mollitia similique optio iusto.',0,'1986-12-11 02:35:49','1971-03-25 19:03:14'),(8,279,268,'Sint ut voluptatem corrupti. Ipsam rerum velit et sunt labore. Eveniet inventore nemo provident nostrum omnis. Necessitatibus qui aut omnis dicta labore tenetur.',1,'2010-11-12 00:27:35','2013-11-29 16:38:06'),(9,101,274,'Autem commodi quas qui et. Debitis nam minus dolor fugit nostrum. Ratione occaecati possimus facilis itaque nisi consequatur dolor.',0,'2003-07-18 00:00:36','1997-11-29 01:47:53'),(10,272,162,'Et quae est et eius rerum. Veniam quis eius dolore est officia veritatis. Praesentium est perferendis at mollitia omnis voluptates modi. Ut fugit itaque earum quo deserunt.',1,'1974-04-10 13:07:26','1985-10-02 22:30:10'),(11,200,137,'Et repellendus ea reiciendis accusantium ex omnis asperiores. Autem labore autem qui. Molestiae nobis sunt perferendis at officiis sit. Ut est qui eius cum.',1,'1999-10-06 01:58:45','2007-06-03 17:57:45'),(12,41,240,'Reprehenderit voluptas quae illo exercitationem quis. Tempore dolorem eligendi illum sunt aliquam. Itaque dolorum tenetur tempore.',1,'2006-09-25 18:56:36','1979-07-16 05:55:38'),(13,19,195,'Illo et ut sint tempora. Harum odio minus quas rerum sint. Voluptas quidem ipsum corporis dolorem odio. Qui autem ipsa nisi nihil.',0,'1980-09-11 21:02:50','2005-10-13 22:42:02'),(14,219,37,'Qui rerum veritatis doloribus quia. In architecto alias temporibus qui iste. Ut voluptatem nostrum occaecati.',0,'2009-03-05 08:28:50','2004-05-26 15:31:39'),(15,102,261,'Accusantium qui ullam velit. Et iste labore vero magnam. Laudantium incidunt repudiandae optio nostrum vel.',1,'1989-05-07 20:38:07','1990-05-17 06:22:00'),(16,214,237,'Non sed aut doloremque esse est. Veniam sunt unde autem rerum veritatis quia cumque voluptatem. Voluptatum rerum aut et consequatur est. Deserunt temporibus rerum alias ex.',0,'2002-09-10 12:25:57','1970-02-24 12:08:09'),(17,97,131,'In eligendi asperiores quibusdam veniam. Consequuntur consequatur repellat quia aut modi corporis enim. Omnis quia ullam animi rem harum. Dolor vel fugiat quo sit omnis quos.',0,'2002-08-02 08:48:40','1997-07-29 19:41:02'),(18,256,261,'Incidunt tempore omnis non voluptatem sunt soluta. Ab tenetur exercitationem nulla aspernatur vitae voluptas voluptatem ipsam. Itaque corporis in voluptatem amet sed maiores quo.',1,'1971-01-12 01:54:30','1995-06-19 08:15:30'),(19,229,286,'Temporibus aut at dolore ducimus. Aliquam porro reprehenderit voluptatem eos et sapiente. Nulla nemo aliquam a alias facere. Quibusdam deserunt earum quidem.',0,'2001-09-30 21:48:07','1976-08-20 23:28:17'),(20,212,89,'Atque qui eum alias debitis et fuga praesentium impedit. Nulla quo et voluptatem aut ullam. Necessitatibus qui amet sed modi sit ut neque.',1,'2011-06-24 04:42:21','2004-11-05 22:19:25'),(21,10,68,'Error quam ducimus inventore. Harum commodi officia rem est necessitatibus eos eos. Velit esse est iure dignissimos dignissimos qui placeat cupiditate.',0,'2019-12-12 22:49:33','2004-09-21 06:59:28'),(22,284,151,'Magnam earum soluta quia blanditiis eum voluptates debitis dolorem. Nobis sit voluptatem pariatur possimus. Sint incidunt ipsa praesentium. Ut aliquam eum consequatur deserunt aut sit et.',0,'1985-02-22 05:02:55','1980-06-24 10:25:35'),(23,74,262,'Excepturi eum est aspernatur sint exercitationem fugiat explicabo. Eveniet blanditiis sint eius aperiam. Sunt qui ex necessitatibus eligendi mollitia.',0,'1981-03-04 05:12:35','1971-05-23 13:28:25'),(24,118,174,'Doloremque qui corrupti animi saepe. Dicta et deleniti labore et ipsa sunt. Et ut ex laboriosam. Saepe temporibus aut illo ratione.',1,'1988-03-14 18:48:21','2016-03-10 19:31:44'),(25,235,89,'Natus nisi sed exercitationem possimus voluptatem. Officiis ex beatae eligendi blanditiis consequatur. Ratione nihil eaque voluptas quo qui fuga quis. Et deserunt ratione fugiat.',0,'1999-09-03 05:26:43','2003-04-05 06:01:09'),(26,36,135,'Sit quam occaecati hic a. Qui eveniet aut est. Quam dolorem harum autem pariatur molestiae quaerat. Ut velit necessitatibus alias nobis tenetur et.',0,'1999-09-23 06:33:29','2017-08-24 17:43:28'),(27,226,76,'Et odio et quod aut. Amet eos cumque laborum quia. Est sed libero optio vitae perspiciatis.',1,'1979-01-25 08:17:11','1991-11-01 16:49:48'),(28,74,244,'In earum quidem quaerat est. Adipisci dolorem soluta modi magnam. Rem accusamus beatae occaecati illo facilis. Aut dolorum molestiae vel dolores in.',0,'2021-01-22 16:34:49','2008-11-28 09:42:49'),(29,271,293,'Illo assumenda nisi ratione. Non eum a nostrum minus beatae blanditiis. Porro non qui perspiciatis necessitatibus in.\nIllum molestias praesentium corporis et. Fugiat qui assumenda corporis sint.',0,'1990-09-21 23:08:49','2014-03-14 00:40:28'),(30,281,73,'Laudantium eum sit ullam saepe. Ad quibusdam facilis voluptates id commodi laboriosam. Qui libero molestiae qui inventore consequatur. Nobis laudantium optio facere suscipit distinctio ex.',0,'2008-06-14 01:42:44','2011-08-22 07:56:38'),(31,253,194,'Nihil expedita consectetur occaecati voluptatem illum natus voluptas. Quod qui consequatur et. Quibusdam modi consequatur est ipsum architecto molestiae accusantium rerum.',1,'2018-11-30 01:22:57','1990-07-07 02:14:07'),(32,9,50,'Beatae rerum neque libero optio quis hic laudantium. Sit deserunt quas qui voluptatem voluptate nihil. Animi quia eos ea debitis voluptatibus quis quia. Natus voluptatem quae similique.',1,'2017-12-22 16:59:13','1996-11-13 18:45:11'),(33,25,264,'Saepe officiis vero reprehenderit. Aut et perferendis in ut iste nobis enim. Optio reiciendis rerum quia earum error libero eos.',1,'1990-03-15 03:38:04','2018-04-12 08:49:37'),(34,11,253,'Impedit modi minima tenetur voluptatibus sequi. Et officiis molestiae quis aut omnis iure dolorem. Eius sit explicabo eius autem et. Voluptates qui quidem quidem et qui deserunt.',1,'1992-07-22 15:54:36','1985-05-31 09:30:27'),(35,250,222,'Commodi magni voluptatem laborum voluptates dolore quia vitae. Asperiores et voluptatem possimus quis tenetur eius. In nam voluptatem illum et officia at qui.',0,'2010-02-21 20:32:40','1971-08-30 13:49:06'),(36,42,260,'Rerum et recusandae voluptates rerum culpa. Et architecto illum dolores et accusamus. Sed rerum tenetur reprehenderit id nisi.',0,'2000-03-05 01:18:11','1996-02-18 04:24:53'),(37,290,25,'Voluptates sed excepturi non sunt. Error sint et dignissimos qui quod veritatis. Ut explicabo nesciunt velit excepturi voluptates nemo. Officiis quia nihil sed occaecati incidunt ad numquam.',1,'2000-04-24 02:24:31','1985-02-16 18:23:11'),(38,110,63,'Placeat sed quia et placeat. Ab repudiandae dolorem non. Hic corrupti aut ex commodi similique culpa. Assumenda repellendus sapiente est. Tenetur sed ea possimus molestiae rerum doloremque hic.',0,'2007-08-28 15:59:14','1984-05-03 18:35:35'),(39,286,228,'Et culpa ipsum occaecati qui assumenda inventore. Aut et et corporis ut. Ipsa corporis officia repellat maiores voluptates.',0,'1998-09-23 17:57:29','1976-02-21 12:08:41'),(40,237,221,'Voluptatum cupiditate consequatur porro ut molestias est. Minus esse id nobis et facere delectus. Iste eum omnis repudiandae perferendis ipsam. Eos est quo tempore.',1,'1977-03-08 08:48:56','1996-03-07 21:42:22'),(41,16,272,'Veniam est consequuntur repellat dolore autem explicabo vel. Cumque sint distinctio assumenda consequuntur officia. Blanditiis neque sequi quia ad. Id soluta sed id ut laboriosam.',0,'2014-10-17 06:04:19','1995-04-25 20:40:55'),(42,55,242,'Et rerum placeat qui perspiciatis doloribus. Voluptas unde odio eum ut vel voluptates. Alias officiis deleniti necessitatibus vitae eligendi itaque ex est. Fugiat sed ut eligendi natus.',0,'2007-08-25 19:53:21','1999-01-27 21:34:16'),(43,48,129,'Et nisi eos sunt ipsam alias. Aut minima rerum esse fugiat sed. Ut tempore in quasi sequi. Illum est unde sit.',1,'2016-07-03 23:21:41','1992-05-20 01:54:27'),(44,185,19,'A neque voluptas ullam velit deleniti hic neque. Ut in quasi praesentium. Quia aperiam impedit quae iusto. Sit debitis commodi est dignissimos quibusdam amet et.',1,'2020-06-17 10:59:50','1975-07-30 23:48:29'),(45,122,165,'Ea quod est neque sunt dolor officia eaque. Tempora et sequi natus in et repellendus. Facilis eveniet et est voluptatem.',1,'2016-07-04 08:14:31','2012-05-19 05:42:09'),(46,92,74,'Est architecto esse ea amet iste commodi quibusdam id. Sit temporibus amet illum.',1,'2005-08-17 13:30:08','1998-04-01 10:18:34'),(47,59,100,'Harum sit maiores nihil in nesciunt corporis veniam et. Dignissimos molestiae cum et rerum et voluptas ipsa. Omnis dolore nulla omnis.',0,'1996-12-20 00:06:15','1971-04-10 15:30:48'),(48,124,83,'Inventore quasi impedit ipsam velit. Porro fugit quis qui provident quisquam est fugit.',1,'2012-11-05 20:08:53','1987-06-30 13:13:51'),(49,64,135,'Architecto nisi cupiditate maiores sit at. Omnis voluptates et nisi facilis. Repudiandae explicabo quae minima dicta repudiandae. Molestias atque facere ducimus ut magnam eius.',0,'1977-03-30 20:13:25','1978-11-30 06:17:06'),(50,35,14,'Occaecati adipisci vero et natus aut non earum. Mollitia qui quo quia eveniet magnam dolorem. Aut illum voluptate ratione voluptate. Et sunt est incidunt quo.',1,'2002-08-28 21:54:57','1991-08-07 09:38:24'),(51,56,76,'Et et est optio modi. Dolor itaque sit incidunt magni harum tenetur recusandae. Voluptatum rerum unde reprehenderit aut consequuntur iure.',1,'2002-01-13 01:54:22','2008-06-10 12:59:59'),(52,273,45,'Dolores veniam officia beatae eos. Aut quos deserunt autem ut.',0,'1987-07-26 20:13:38','1996-01-29 03:41:19'),(53,100,83,'Ut et blanditiis reiciendis omnis quam. Ipsam impedit perspiciatis placeat deserunt id. Similique sit unde vel cum aliquid.',1,'1973-10-03 19:57:30','2020-11-01 07:31:02'),(54,108,86,'Cum non voluptas qui ea. Odit dignissimos nesciunt eos nobis. Et nulla numquam id consequatur aperiam quis facere.',1,'1985-11-13 17:21:43','2010-11-26 08:07:49'),(55,11,44,'Corrupti sapiente itaque ipsam. Ad accusantium earum voluptatibus sit. Molestias quia alias dolores voluptatem molestiae quaerat.',0,'2002-04-15 23:16:16','1975-12-12 08:03:19'),(56,6,26,'Inventore error sed repellat a consequuntur iste totam nihil. Et alias sit accusantium doloribus sed voluptatem qui. Amet eos accusamus pariatur exercitationem molestiae ut.',1,'1994-05-29 12:47:36','1975-11-29 18:25:43'),(57,16,61,'Repudiandae iure quisquam nihil sed earum consequatur est. Accusantium libero quo corrupti et unde. Libero repellendus vitae similique similique fuga. Rem dolorem iusto animi autem.',0,'2000-02-28 14:11:06','1981-07-08 20:28:02'),(58,268,64,'Quidem tempore omnis velit doloremque. Corporis qui dolor quis et quibusdam et fugit. Reiciendis ea explicabo sed enim vel nobis reprehenderit. Quas odio qui porro magnam quos et.',1,'1984-08-25 02:09:43','1986-08-23 12:50:20'),(59,189,152,'Deserunt porro quia quidem sed ab. Labore quam eos delectus libero.',0,'1981-10-25 07:05:35','2008-06-15 02:05:36'),(60,83,10,'Quasi mollitia porro officia eos dolorem maxime. Facere eveniet quis ut ut atque quasi error. Et nam maxime unde sit ea. Velit molestiae tempora deleniti.',0,'1983-08-13 12:31:33','2010-02-01 15:07:23'),(61,17,174,'Voluptas deleniti ab temporibus et. Non tempore amet voluptas. Neque voluptatem voluptatibus quis non quo.',0,'1971-04-09 06:33:57','2005-02-25 17:58:51'),(62,84,75,'Sed vero aperiam voluptas sint reprehenderit totam. Dolorem eveniet id atque assumenda quos qui.',0,'2007-03-24 12:32:51','1987-07-28 14:08:04'),(63,274,208,'Ullam aut sit beatae voluptas. Et in temporibus laudantium id aliquam voluptatem. Sunt quisquam est neque.',0,'2010-11-09 20:04:52','2014-11-10 20:06:56'),(64,157,37,'Deleniti sunt quia incidunt dignissimos doloribus optio. Enim perferendis et amet nesciunt vero consectetur itaque. Impedit error ut ad voluptate omnis amet. Nobis eum ut dolorum aut fugit.',0,'1984-05-25 15:26:59','2003-10-31 03:26:23'),(65,42,192,'Eius quidem eos sint expedita aut enim. Accusamus corporis et nihil nihil dolor quas. Laborum asperiores quos consectetur aut soluta maiores dolorem nam.',0,'2016-08-30 03:32:06','1982-03-06 09:29:21'),(66,51,98,'Et omnis nobis minus dolorum est commodi error. Harum consectetur quia sapiente non voluptatem sit a. Rerum inventore ipsum rem non nulla eos. A minima quod dolorem voluptas nulla non.',1,'1991-12-21 16:05:06','2002-03-26 20:34:55'),(67,267,24,'Praesentium dolores et id cum. Quas dolorum minus impedit sed maxime enim. Consequatur ut est quae. Praesentium enim voluptas quibusdam.',0,'1981-08-04 03:25:32','1991-11-26 02:04:03'),(68,143,67,'Quia dolore qui iure minus illo. Exercitationem soluta qui ut iste quos rerum error. Nesciunt repellat sed hic velit atque. Aut excepturi commodi doloribus quisquam quam sunt nisi ipsa.',0,'1995-08-05 12:33:15','1996-01-29 03:31:43'),(69,107,250,'Accusantium dolorem ut fugit voluptatibus. Omnis consequatur sit sapiente totam. Aut pariatur quo ratione ab.',0,'2019-12-10 07:25:05','1980-05-05 04:43:06'),(70,152,117,'Nesciunt aut excepturi dignissimos est quam accusantium quae. Corporis quis quae quo qui. Esse atque et ut omnis eum a.',0,'2014-07-06 09:26:34','2011-07-11 13:22:15'),(71,294,157,'Quis quia repudiandae quia possimus. Non reprehenderit quae sed saepe. Laudantium odio laudantium ut dolorem earum corrupti.',0,'1982-12-02 11:03:54','1972-12-13 17:47:40'),(72,143,10,'Mollitia eveniet ut alias nobis voluptas. Labore corrupti blanditiis illum est ipsa. Et perferendis aperiam ipsam minima quo architecto. Et iusto eos et veritatis sunt ullam.',1,'1980-06-19 15:32:38','2008-02-20 16:28:41'),(73,218,110,'Alias rerum voluptates illo aut fuga in. Consequatur ipsum eos beatae dolor assumenda facilis. Aut et consequatur possimus autem.',0,'1995-12-06 10:59:01','1983-09-27 23:05:09'),(74,73,106,'Voluptatum harum pariatur sint. Et et eum amet dicta. Quibusdam ullam maiores sunt eius. Voluptate quis aliquid et sint id mollitia dolores.',1,'1991-10-23 13:44:54','1975-04-01 16:53:45'),(75,261,156,'Unde molestiae eum architecto fugiat. Et voluptas occaecati qui aut veritatis. Ratione odio omnis non itaque possimus assumenda. Quia et commodi sapiente consequatur eum exercitationem quia maiores.',0,'2016-09-24 15:32:20','2017-10-11 21:21:05'),(76,116,278,'Qui fugiat est enim non. Neque et aut est distinctio optio. Amet recusandae repudiandae voluptas provident. Quam architecto recusandae a illum ut voluptate et.',0,'1979-05-29 21:39:09','2007-10-07 16:07:36'),(77,29,200,'Natus eos autem fugiat est aut consequatur debitis. Velit neque officiis quod sed vel. Voluptates a nobis dolorum illo facere quam quis. Laudantium est consequatur inventore id vero in.',1,'1990-01-04 08:01:51','1977-02-15 13:46:52'),(78,53,2,'Error voluptatem facere sit voluptas. Ad explicabo eos vel ut ea deserunt iusto ut. Iste sit perspiciatis quo facilis eaque quia est.',0,'2019-12-23 13:01:05','1996-09-30 22:35:55'),(79,108,210,'Non vero labore eos blanditiis aliquam expedita. Animi sapiente sunt quia in deserunt quia ut. Odit excepturi asperiores quo perspiciatis modi incidunt.',1,'2020-02-15 05:28:08','1978-05-01 02:06:46'),(80,39,149,'Cum maiores et nostrum ut dolorem. Ipsam similique expedita molestiae soluta voluptas iste magni iste. Esse vero sint fugiat.',0,'1987-02-04 03:20:05','2002-08-22 09:41:25'),(81,101,90,'Minima molestias minus nisi quasi molestiae aut dignissimos. Ut mollitia in minima tempora est. Illo ad quod exercitationem in nam autem facere voluptates.',0,'1980-11-22 09:11:42','2018-02-14 10:43:53'),(82,246,68,'Deleniti suscipit possimus quo quasi minus. Omnis aut sit et iusto id ipsam facilis quo. Accusamus amet rerum itaque aut et omnis nobis dicta. Vitae animi sit nesciunt.',0,'2019-06-17 17:01:14','2004-01-24 08:12:27'),(83,113,89,'Quia voluptatem cum velit odio. Tenetur eaque nisi a natus natus possimus. Inventore ut voluptatem ex natus minima. Animi deleniti expedita consequatur aliquid quidem et sit consequuntur.',1,'1986-04-13 20:36:04','1996-01-22 15:52:24'),(84,134,219,'Fugit soluta assumenda fuga sit velit. Illum qui voluptatum et sapiente debitis est. Odit quis voluptatibus voluptas tempore id modi fugiat.',1,'2013-11-22 04:59:49','1987-02-06 05:14:41'),(85,38,286,'Accusamus labore corporis id molestias. Eos modi laudantium consectetur qui.',0,'1984-04-23 16:34:07','1998-03-30 14:23:04'),(86,36,32,'Eius id sequi eum nulla. Id consequatur voluptatem occaecati rerum ut aut temporibus.',1,'1987-04-24 16:35:16','2005-07-08 09:15:57'),(87,143,178,'Eos voluptatem suscipit mollitia molestiae eos ut magni. Nesciunt optio officiis rerum.',1,'1974-09-24 18:51:33','1977-08-02 07:08:03'),(88,41,60,'Deserunt nulla aut quis non officiis. Earum laborum aut quia.\nPariatur est debitis incidunt aliquid dolor voluptas. Sit sed et rerum qui et aut. Est repellat ea sit provident possimus ea.',0,'2010-07-28 11:48:25','1991-12-07 05:46:53'),(89,287,113,'Debitis quam earum voluptatem est mollitia. Eaque commodi dignissimos debitis aut natus et nemo unde. Rerum veritatis eos soluta et nihil rerum incidunt.',1,'2013-08-18 13:38:30','2016-06-18 22:20:57'),(90,166,248,'Temporibus vel non et quia maxime incidunt. Repudiandae architecto dolor autem.',1,'2019-12-05 10:36:35','1986-02-22 05:57:45'),(91,269,281,'Perspiciatis rem nihil veritatis saepe accusamus eum rerum saepe. Enim quae voluptatum sed quibusdam. Officiis quia harum soluta. Culpa magni placeat eum nihil ea.',1,'2013-09-05 15:07:58','1981-10-07 06:12:10'),(92,226,297,'Minima hic iure error. Similique ea qui autem asperiores corporis aliquid. Aut neque est placeat aut voluptates ex est.',0,'1978-06-07 02:36:39','1983-12-12 08:26:41'),(93,181,278,'Quis ut voluptas perspiciatis expedita. Sint animi reiciendis omnis exercitationem qui. A aut sed blanditiis illo aut exercitationem quas. Eum ducimus mollitia molestiae fuga temporibus nihil atque.',0,'1986-05-31 13:36:12','2011-06-20 05:07:24'),(94,299,288,'Assumenda aliquam sunt rerum corporis tempora excepturi quo animi. Amet atque quia qui sed. Rerum aut vitae ex voluptas aut. Delectus cum qui amet magnam reiciendis tempore.',1,'2004-08-31 01:55:39','2008-01-03 07:36:31'),(95,187,37,'Earum et et ipsa neque. Totam sint saepe a. Nam occaecati rerum dolorum corporis voluptates aliquid.',1,'1987-11-26 11:05:46','2009-03-03 23:12:22'),(96,137,287,'Occaecati non sunt facilis hic facere aut. Non sunt et explicabo ut quia voluptas. Vero velit reiciendis ullam sed. Dolores porro magnam laudantium cumque dolor corporis.',1,'1970-02-06 07:15:51','2001-09-22 15:18:51'),(97,127,83,'Corporis itaque est ducimus totam. Aut autem ut non in non ut molestiae modi. Ipsa commodi dolor porro asperiores assumenda quisquam voluptas. Quos incidunt quis qui velit tempore ut nobis.',0,'1983-12-20 22:50:42','2004-06-07 01:38:01'),(98,55,239,'In maxime et illum omnis. Voluptates numquam et dignissimos enim in sint vero. Nihil est dolor modi ut et modi aut. Laborum quod dolor et expedita ipsam quod minus.',1,'1979-07-01 06:44:31','2004-10-16 14:16:32'),(99,171,188,'Qui atque distinctio odio eum sint. Magnam ad numquam expedita praesentium animi.',1,'1990-12-29 20:49:44','2000-08-31 07:46:06'),(100,158,208,'Ut voluptatem porro quo error repudiandae sint cumque qui. Nulla alias dolorem dignissimos ut qui. Enim consequatur fuga ut.',1,'1998-07-15 17:35:17','2021-03-13 09:37:28'),(101,174,194,'Ipsam numquam nisi repudiandae magnam. Et enim eveniet quia reiciendis. Autem provident dolor ad quia. Voluptatum velit voluptatum et ipsum.',0,'2009-11-26 09:42:58','2004-08-17 15:23:04'),(102,239,16,'Soluta qui voluptatem aut deleniti. Libero at voluptas ea et qui ipsum optio ducimus. Odit omnis sequi velit at sit.',0,'2004-09-03 08:27:24','1978-01-26 00:09:02'),(103,71,280,'Sapiente magni dignissimos non blanditiis animi sed. Sequi in expedita et alias dolores odit. Blanditiis necessitatibus voluptatibus error officia est magnam et.',0,'1987-05-19 09:34:57','1973-12-03 17:47:40'),(104,75,58,'Vitae voluptatem voluptatem debitis quod adipisci. Odit cum perspiciatis quasi minus labore. Et iste est quae magnam est quaerat.',0,'1993-06-02 09:31:46','1970-06-12 05:30:50'),(105,93,240,'Accusamus eaque rerum odio. Asperiores alias dolore dignissimos laboriosam tenetur quibusdam aut reprehenderit. Eos et est quis est vel non accusantium aliquid. Non numquam non quos quo.',1,'2005-10-03 09:23:46','1992-07-04 02:02:44'),(106,5,61,'Tenetur sapiente qui harum a quod animi aut. Quia aut voluptatum sit culpa. Consequatur aut vero dolores quisquam consequatur delectus rerum. Itaque mollitia veniam reiciendis mollitia explicabo.',1,'1992-11-01 15:20:55','1993-06-30 11:32:05'),(107,221,231,'Quia dolorem rem est consequatur. Ut vitae ut rerum voluptatibus quo consequatur. Veniam id sapiente fuga et et id culpa. Dolorum quis cum quis velit tenetur.',1,'2020-07-09 13:44:02','2013-11-23 01:09:47'),(108,57,101,'Magnam voluptate amet est nihil. Iure eveniet laboriosam aspernatur officiis. Voluptatem aut omnis velit dolorem sequi.',0,'2011-11-28 23:39:16','1990-03-23 14:33:22'),(109,208,55,'Quia doloremque dolorum minima ratione qui. Ex sit libero quaerat nihil nihil unde. Repellendus ad sapiente sed odio illo et. Ea ipsam et dolore velit et.',0,'1981-12-17 21:15:29','1996-05-02 19:53:12'),(110,89,95,'Soluta delectus porro fugiat velit ut. Sed est explicabo est explicabo quam aut necessitatibus. Cum recusandae quibusdam nihil sunt ea.',0,'1978-05-16 14:02:39','2016-06-16 23:38:57'),(111,92,225,'Eos sit officiis eligendi et. Aut ullam enim magnam quasi quis. Natus debitis repudiandae deserunt. Eos sapiente totam dolorem accusantium molestias minus quis.',0,'1987-12-27 14:33:30','1984-09-14 08:25:27'),(112,82,218,'Repellendus quia magnam cupiditate porro corrupti. Id magnam repellendus provident deleniti excepturi sed ea mollitia. Enim est quaerat in voluptatem. Excepturi voluptas mollitia officiis non.',1,'2012-05-03 18:59:57','2004-07-30 17:15:31'),(113,7,136,'Sed quidem et quibusdam et voluptas unde. Voluptatum ea accusamus voluptatem adipisci provident. Voluptatem quia perferendis aut commodi earum architecto.',0,'1991-09-03 11:25:08','2007-11-25 16:40:47'),(114,157,177,'Ipsa expedita occaecati est quam blanditiis. Modi soluta porro quisquam iusto. Aut doloribus et harum quidem mollitia illum.',1,'1982-08-16 01:55:00','2010-06-04 00:17:11'),(115,24,15,'Ut earum omnis dolorem corporis. Voluptatem error assumenda aliquid aperiam aliquid est porro. Voluptates ipsa ut repellendus in accusamus.',0,'1986-03-02 18:39:09','1983-08-20 15:29:19'),(116,85,197,'Blanditiis est sunt atque fugiat eaque fugit qui. Illum ex dolorem sunt quaerat. Dignissimos temporibus rerum hic.',1,'1973-01-05 04:05:06','1985-10-05 22:53:15'),(117,208,24,'Provident unde ea aut possimus omnis quidem quas. Ad aut vitae asperiores aut iste alias sint. Error porro dolores in culpa tenetur qui expedita. Nemo eum officia id qui.',0,'1985-09-26 00:19:54','2020-04-06 07:16:18'),(118,212,278,'Fugiat quibusdam in mollitia fugiat nostrum numquam odio. Incidunt quis eligendi sunt adipisci distinctio. Et non voluptatem ratione reprehenderit.',0,'1978-12-10 02:48:41','1983-07-12 22:29:05'),(119,3,287,'Eos deserunt enim deleniti rem aliquid nisi ut excepturi. Delectus et quasi explicabo in rerum inventore. Quae aut eaque ea. Iste quam eos repellat quod accusantium.',1,'1970-06-09 11:51:47','1972-07-03 10:39:34'),(120,36,95,'Et quo nesciunt voluptas commodi quo aut quia. Exercitationem tenetur dolore quis hic. Harum velit sit voluptatem adipisci voluptas delectus temporibus quia. Totam libero aliquam rerum.',0,'2012-08-18 00:31:14','2005-06-13 11:02:35'),(121,226,41,'Nesciunt eligendi ullam natus voluptas. Qui quia consectetur voluptatem quam. Et ipsam libero at est. Consequatur maiores sed molestiae officiis vel quisquam.',1,'1991-02-23 18:20:46','2008-04-25 10:43:47'),(122,155,147,'Dolorem voluptas exercitationem dicta et et. Mollitia vero libero aliquam ut voluptatibus soluta consequatur assumenda. Fugit quis eum exercitationem eum.',0,'1970-10-08 12:11:55','2001-02-21 00:30:51'),(123,271,212,'Dignissimos quasi sunt aliquam velit quas consequuntur sunt. Non ut commodi error possimus dolorem rem ut omnis. In laboriosam laudantium sequi architecto fugit quia laborum.',0,'1985-03-02 08:50:29','1992-05-08 18:02:31'),(124,247,178,'Voluptatum consectetur et a sapiente eveniet ullam. Odio laudantium et omnis nihil aliquid explicabo voluptas. Non eius nihil alias sed distinctio dolor tempore aut.',1,'1997-12-09 09:24:57','2002-11-14 04:55:46'),(125,267,35,'Quis sint nostrum voluptatibus atque ut qui dolor. Ea in qui consequatur accusamus. Aspernatur ullam vitae ratione repellat vel et. Hic quia non enim occaecati provident occaecati dolorem.',1,'2015-10-08 06:06:46','1972-04-19 06:17:48'),(126,272,58,'Hic totam qui in quis consectetur. Nulla rerum nobis porro aut molestias provident beatae. Tenetur molestiae fuga odit saepe. Sit necessitatibus nulla ullam atque deleniti nobis.',1,'1988-07-19 16:44:29','1976-12-23 13:16:09'),(127,259,53,'Alias est accusantium debitis id. Quo alias quia nulla id. Aliquam aut accusantium facere magnam non.',1,'2014-03-21 05:31:40','1979-05-24 19:05:42'),(128,276,266,'Et hic nisi ut enim magnam possimus qui. Qui labore accusantium amet quia quidem molestias est expedita. Qui sunt non labore sit quisquam nam.\nEt sit numquam natus. Maxime autem dolorum ea est alias.',0,'2020-12-02 10:44:20','2014-09-27 03:08:12'),(129,189,132,'Quam fugit dolorum earum rerum labore neque. Quia ex animi maxime voluptatem et. Et ipsam eum commodi maiores.',1,'2006-09-30 08:29:43','1996-05-16 21:16:17'),(130,142,212,'Et itaque eveniet labore consequatur et atque. Ipsa qui quae nostrum adipisci. Excepturi perspiciatis ea dolorum saepe. Explicabo doloribus sed consequuntur molestias ut dicta.',1,'1987-10-23 18:55:17','1986-12-09 10:12:22'),(131,147,226,'Id et omnis blanditiis ut nulla iure repudiandae nobis. Beatae aut quidem distinctio omnis quod sunt dolorem. Et impedit qui assumenda eius provident iusto ullam.',1,'2018-08-25 01:27:54','2003-09-29 03:35:55'),(132,108,54,'Deleniti voluptas aliquam unde quis est omnis veritatis. A quis aperiam et voluptatem qui ut. Eaque fugit voluptas ut sint in impedit sequi quaerat. Saepe labore aliquid quisquam sed.',0,'1998-05-03 07:38:03','1999-11-04 00:23:30'),(133,249,20,'Autem perferendis est dignissimos quae dolorum non. Eius quia fugit dicta id quidem omnis. Iusto non beatae rerum nobis. Odio sit perferendis pariatur veritatis vero velit.',0,'1978-03-20 21:08:48','1974-04-30 21:23:52'),(134,32,252,'Ut ut est nam placeat molestiae consequatur. Aliquam consectetur ad non eius quo quibusdam impedit. Sint nobis asperiores enim rerum.',0,'2009-05-27 04:29:57','1982-01-19 16:02:56'),(135,6,67,'Aperiam recusandae in deserunt eligendi vero autem in. Consequuntur beatae maxime ab velit ut in. Occaecati accusantium ex et rem esse. Reprehenderit amet labore et illum ratione eaque quod.',1,'2014-06-24 02:51:32','1990-04-09 13:19:34'),(136,46,232,'Quo totam explicabo quibusdam. Aut possimus ea architecto labore quibusdam perferendis qui. Qui esse assumenda qui. Recusandae similique magni aut rerum quidem.',1,'2020-02-09 17:40:22','1993-05-13 05:55:11'),(137,107,201,'Dignissimos ratione excepturi nesciunt sapiente architecto quas. Esse perspiciatis sit deleniti aut iusto consequatur. Qui odio saepe sint animi ratione.',1,'2010-05-08 18:29:28','2005-03-10 19:22:55'),(138,78,77,'Provident ad distinctio maxime quae rem illo. Id necessitatibus rerum cum eos est. In numquam fugiat est omnis amet illum. Deleniti voluptatem ratione possimus expedita.',1,'2001-05-24 10:01:10','1988-11-24 06:29:06'),(139,112,25,'Commodi id quia voluptatem delectus ducimus ut quos nesciunt. At alias velit sunt asperiores dolorem. Nihil enim quod fuga aut est sed quibusdam.',1,'2003-03-13 03:30:31','1999-01-17 22:19:05'),(140,255,78,'Molestias eius aperiam itaque odio. Reiciendis quo aut quo similique minus. Non ea enim earum.',0,'1996-01-21 05:23:46','1999-10-17 16:17:33'),(141,59,227,'Architecto aperiam voluptates laboriosam quas omnis. Ducimus odit labore necessitatibus labore ab facere. Sunt et repellat non modi quia illo mollitia.',0,'1985-08-20 12:07:26','2014-10-21 16:47:24'),(142,136,18,'Sit a ut aut voluptatibus vel aspernatur. Neque suscipit doloremque dolorem dolor qui perspiciatis consequatur. Eaque quam nam aut voluptates possimus quibusdam.',1,'2016-04-06 11:40:02','2010-06-05 17:30:33'),(143,280,111,'Debitis voluptatem voluptate eveniet neque. Labore in ut ipsam rerum ullam rem possimus. Est iure hic nisi quidem quia. Impedit alias nisi est fugiat officia.',1,'1998-04-13 20:54:07','2019-06-28 06:31:08'),(144,283,168,'Culpa occaecati ea accusamus. Accusamus quia est rem quis explicabo ea sapiente est. Repellendus velit vel et.',1,'1983-04-01 02:37:20','1994-03-31 21:14:09'),(145,243,125,'Eius magni ut consectetur non in. Excepturi repellat aliquam provident aut odit accusantium.',0,'2010-01-11 23:12:58','1989-01-26 01:06:24'),(146,79,89,'Debitis fugit aut atque praesentium odio. Consequatur culpa a at quas. Doloremque exercitationem et et sequi.',1,'1977-11-06 08:46:37','1971-07-07 20:38:38'),(147,51,187,'Rerum aut eveniet iste saepe et qui facere. Adipisci at error tempore dolorem. Fuga earum quis qui quidem error aut. Tempora a aut ut ducimus est molestiae laboriosam labore.',0,'1991-05-18 18:25:47','1986-01-28 09:08:40'),(148,143,300,'Accusamus saepe unde explicabo esse iste. Asperiores soluta soluta placeat deleniti dolore sed. Enim adipisci molestiae ea a.',0,'1993-12-22 14:45:35','1983-09-26 09:02:25'),(149,206,174,'Quos saepe tenetur dolor nulla nam similique. At rem ipsum alias tempore culpa et temporibus necessitatibus. Recusandae distinctio numquam eaque.',1,'1997-02-28 03:20:05','1995-12-29 10:31:37'),(150,251,211,'Consequatur delectus maiores qui officia. Temporibus quae libero est est est aspernatur. Consequatur hic fugiat culpa dolor.',1,'1976-11-21 06:52:14','1987-03-31 10:01:43'),(151,241,297,'Omnis rerum et culpa soluta deleniti. In quos commodi illum magni. Reiciendis alias veritatis possimus. Sapiente eligendi incidunt quae ut consequatur enim voluptates.',1,'1984-11-27 09:26:21','2012-02-05 18:59:16'),(152,142,47,'Occaecati unde magni sunt ducimus. Voluptatibus consequuntur aut rem quasi laboriosam doloribus. Eum maxime voluptate vel at.',1,'1979-07-11 01:54:28','1993-09-07 23:45:26'),(153,197,220,'Error facere cupiditate at voluptatem expedita ex. Consequatur qui autem eaque vero sunt accusamus.',1,'2010-09-07 20:00:19','1972-11-20 04:43:42'),(154,124,9,'Nihil aut aut a sint qui. Culpa facilis fugit qui dignissimos voluptatum. Quis harum nobis eaque.',0,'1972-10-22 07:17:49','2000-03-29 10:56:26'),(155,244,79,'Eaque illum dolorum voluptas aut quia. Error atque cum eum et modi praesentium nisi excepturi. Fuga nulla qui eius. Eos doloremque aut inventore.',1,'2016-10-01 00:54:03','1970-05-23 23:07:16'),(156,86,3,'Aut quis vel quos et vel recusandae libero. Quos animi possimus quasi reprehenderit est expedita. Ea et ut itaque molestiae dolorum velit soluta libero. Ut tempore eligendi nobis ut deleniti.',1,'1981-11-01 09:47:42','2013-07-28 15:08:21'),(157,5,222,'Et libero dignissimos velit. Quaerat tempora sint ullam atque. Voluptas quidem sit sunt ipsam consequuntur.',0,'2014-02-01 14:27:42','1972-11-13 16:44:36'),(158,20,284,'Reiciendis voluptatem rem ducimus placeat voluptates. Et quod dolorem est repellendus quaerat quo. Cumque possimus est cum unde quia.',1,'1998-04-26 12:17:23','2008-07-12 20:08:22'),(159,32,3,'Eum iste sed sapiente culpa explicabo tempore aliquam. Qui ex a non possimus. Aut iste id eum dignissimos facere nemo. Nihil placeat quam velit consectetur nemo et.',1,'1999-12-19 01:16:29','1995-07-30 19:28:43'),(160,152,275,'Pariatur omnis iste et recusandae. Dolores soluta ad et amet.',0,'1995-10-11 03:15:13','1992-04-20 12:43:45'),(161,128,230,'Officiis maxime officiis enim soluta. Quia aut nesciunt et non. Voluptatum vitae rerum aliquid perferendis facere. Facere sint consequuntur vel maxime voluptates odio.',0,'1983-12-10 08:06:20','1983-05-30 05:39:46'),(162,64,178,'Rerum quis laudantium sed est enim est sed. Ullam mollitia aliquid ut et a quis quidem. Vel repudiandae error non sit ipsa facilis quidem. Nisi nisi nihil laboriosam quis.',1,'2004-10-28 17:18:48','2011-09-20 23:12:50'),(163,117,206,'Inventore iste eum quo quia. Explicabo earum mollitia doloremque. Nisi enim voluptas non aspernatur qui alias.',1,'1977-10-16 15:32:58','2004-01-21 09:10:41'),(164,177,22,'Distinctio corrupti hic cumque ea magnam. Enim eos accusamus soluta veritatis facilis quia. Velit impedit eum qui officia adipisci harum quam.',1,'1970-08-10 10:11:16','1992-02-18 20:15:32'),(165,80,127,'Id provident rerum ea dolor quaerat et. Culpa rerum aut est voluptatum. Dicta et a quibusdam veritatis. Reiciendis quam facere officiis et eius sapiente beatae.',0,'1982-03-26 04:43:38','2005-04-08 19:38:50'),(166,233,20,'Dolorum tenetur minima esse. Quam ex officiis ipsum porro corporis natus harum. Ipsam id praesentium placeat sint iure nostrum omnis perferendis.',0,'1979-11-25 11:04:05','1995-02-15 03:09:29'),(167,123,75,'Et soluta ipsam ut facilis. Enim voluptas corrupti sit rerum dolores sequi. Iure id odio cum cumque ea. Cum dolorum nulla at necessitatibus eius eum praesentium.',0,'1983-10-24 14:17:14','2010-03-02 04:59:24'),(168,67,20,'Harum error autem sapiente accusamus ut. Omnis est harum excepturi ut officiis fuga. Sint sed nam tempora ut vitae quam. Distinctio laborum iusto nulla nisi tempora suscipit sit.',0,'1990-02-02 14:08:08','1984-11-23 17:56:32'),(169,294,191,'Et dolor eveniet commodi et illum. Et omnis est doloribus. Et autem quam minus quo modi inventore. Ea quidem pariatur voluptas sunt eaque cumque nulla.',1,'2010-09-07 11:50:59','2020-06-02 11:10:44'),(170,28,237,'Blanditiis consectetur nulla vero eum quia est. Molestiae magni molestiae necessitatibus. Explicabo cumque harum ut vitae voluptatem maiores.',0,'1989-10-13 19:52:22','1974-10-07 09:23:59'),(171,269,114,'Debitis necessitatibus enim qui repellendus. Architecto harum maiores provident sequi nobis ut. Porro consequatur dignissimos voluptatum ut culpa tempore nihil. Officiis atque quia consequatur ipsum.',0,'1986-05-23 00:09:24','1978-12-26 11:38:36'),(172,239,274,'Minima in officia optio dolorum rerum mollitia quod quod. Quasi corrupti amet minus. Maxime omnis est natus quos.',0,'1979-07-27 12:48:38','2001-06-24 11:28:50'),(173,35,259,'Cupiditate ut consectetur autem eius laboriosam consequatur. Omnis aut sint aut qui. Dolorem et perspiciatis vel.\nCulpa aut laboriosam cum tenetur. Et aut vel minus.',1,'2000-01-28 02:13:08','2008-11-24 01:47:57'),(174,258,67,'Aut fugiat sapiente aspernatur quas reiciendis. Ipsam non non distinctio velit dolor asperiores. Et ut et aut quibusdam in et ut. Temporibus et eligendi adipisci neque eos.',0,'2020-05-26 09:05:56','1978-06-09 21:12:06'),(175,262,109,'Porro dolore enim qui aut qui ad est laboriosam. Totam ut unde nesciunt et. Corporis esse dolorum quis velit quis.',1,'1982-04-02 13:10:11','1985-07-10 19:53:33'),(176,42,89,'Est sed eaque maiores illo nihil. Quasi vel sunt ea labore. Veritatis laudantium voluptatem culpa aut aliquid nobis ea. Ea et nisi error excepturi natus sit eaque.',0,'1975-09-11 09:32:22','2020-11-30 19:04:24'),(177,39,105,'Exercitationem est tempora soluta minima est. Perspiciatis sint quos vero sit. Ea qui dolorum vero dolor quia dolore. Et id est non corrupti perferendis et eum.',0,'1999-10-11 21:58:37','2004-03-30 08:24:29'),(178,267,155,'Suscipit soluta esse aut velit et tenetur numquam. Et harum quas rem tenetur tenetur. Quisquam porro eos consectetur. Ipsa ut est voluptatum ut optio quae molestiae omnis.',1,'2003-06-23 10:25:17','1993-03-30 23:38:36'),(179,11,143,'Reprehenderit quo praesentium adipisci quae. Adipisci sint nobis sunt ut vero. Qui beatae sed quibusdam ratione laboriosam aspernatur illo repellendus.',0,'2019-07-28 17:17:16','1970-02-23 12:52:25'),(180,177,90,'Similique sapiente itaque dolor quas quia. Tempora nam voluptatibus officiis nobis et aliquid nesciunt. Doloribus quos provident optio quo doloremque.',0,'2020-01-03 20:55:35','2020-10-10 02:31:08'),(181,270,109,'Maxime qui voluptatem dolorem. Distinctio ea blanditiis est minus recusandae deleniti consequatur. Necessitatibus aliquam atque dolor totam fugiat.',1,'1978-12-25 14:12:59','1983-07-22 13:10:53'),(182,110,92,'In aut aperiam autem itaque. Excepturi ipsam ullam accusantium vel excepturi. Eos velit eaque officia id rerum temporibus.',1,'1988-04-01 08:22:59','1971-02-14 00:09:02'),(183,183,176,'Nobis voluptate voluptatum unde veniam. Illo accusantium cum commodi ut suscipit minima. Voluptas eum rem aliquid quia occaecati ex voluptas.',1,'2013-11-19 09:39:01','1992-12-04 10:05:04'),(184,112,176,'Est dolore est cumque cupiditate nam. Amet quam esse non. Cum nulla voluptas aut rerum deserunt unde.\nOptio laboriosam quibusdam qui eos. Ullam quaerat possimus facilis ad quasi aut dolorem.',1,'1993-07-13 08:40:34','1992-11-20 05:21:03'),(185,67,139,'Animi inventore quaerat atque sit. Ipsam voluptatem numquam qui fugiat. Saepe doloremque dolorem quod qui quia voluptatem. Quas corporis voluptas officia dolores.',1,'2003-10-31 07:26:10','1988-06-11 05:57:24'),(186,113,36,'Repellat similique ut reprehenderit quia ut esse reiciendis. Quis aperiam aperiam sed. Illum impedit ea deserunt ipsum voluptatibus distinctio voluptas.',1,'2014-08-28 13:31:07','1984-02-13 03:48:43'),(187,253,52,'Nostrum voluptates quia qui sunt. Facilis ut ullam ab aspernatur. Velit tenetur modi quasi nulla molestiae.',1,'1981-06-08 22:37:16','1997-03-26 08:34:10'),(188,9,287,'Et dicta consectetur officiis earum at non dolorem perspiciatis. Saepe debitis qui quo fugit. Sed quia autem sed nobis.',1,'2006-07-12 18:21:56','2002-10-22 18:26:04'),(189,11,266,'Ad minus modi quia est recusandae perspiciatis. Commodi quidem sit saepe corrupti est et natus vero. Temporibus ullam repudiandae id rerum.',1,'1992-12-28 05:44:50','2017-04-30 02:29:02'),(190,54,272,'Voluptatem molestiae laborum magni non et amet. Corrupti ipsam harum sunt est distinctio. Quis laborum in ullam consequuntur officia eius.',0,'1992-08-12 04:23:29','2011-12-12 22:04:22'),(191,75,95,'Itaque magnam necessitatibus quia vel saepe. Perspiciatis pariatur aut dolor modi et eligendi. Quis laborum dolorum ratione. Magni quam inventore deleniti perferendis assumenda dolor.',1,'1994-08-03 02:50:08','1990-09-11 16:19:34'),(192,61,114,'Et magnam iste pariatur porro est alias dignissimos porro. Laudantium sed dicta ex sunt laudantium necessitatibus ducimus enim. Temporibus libero temporibus et doloremque sapiente.',1,'2019-09-09 06:13:39','2004-04-20 22:19:34'),(193,199,27,'Non repudiandae aperiam non et. Et dolorum et dolor cupiditate perspiciatis. Iste nostrum aliquam repellat explicabo hic autem cum.',0,'2018-03-22 11:30:46','1991-06-24 00:49:43'),(194,269,210,'Possimus in aperiam culpa libero dicta. Est ipsum est doloremque atque consequatur possimus. Aut voluptatibus distinctio corrupti. Rerum explicabo magnam ut fugit illum.',0,'2011-10-04 07:18:02','2004-09-19 21:28:06'),(195,169,145,'Facere ut quasi exercitationem ipsam. Sequi fugit esse suscipit. Et maxime non voluptas itaque corporis. Enim maxime voluptas fugiat et.',0,'2011-12-30 17:05:09','1998-11-29 23:27:12'),(196,299,138,'Deserunt quam vitae a doloribus aut totam. Sunt ipsam non sapiente aut sequi a ratione aut.',1,'1998-10-30 07:04:46','2009-10-14 04:38:02'),(197,253,108,'Ad corporis et sed rem. Rem aperiam iste quae aliquam porro. Vitae autem magni distinctio ex. Voluptas in nostrum rerum tempora officia.',1,'1975-12-22 19:01:07','2005-05-10 06:20:23'),(198,230,136,'Laborum vel sed omnis. Et sed eveniet sed sint. Totam vel eligendi neque facilis sequi in. In odio incidunt et mollitia atque quisquam voluptates.',1,'1970-02-04 03:26:58','2009-12-03 09:42:04'),(199,284,42,'Velit sequi eveniet voluptatem mollitia omnis omnis. Eius aperiam eum consectetur. Reiciendis quidem aperiam consectetur aut.',1,'1975-06-10 14:08:05','2000-04-13 19:17:14'),(200,12,50,'Itaque necessitatibus quia consequatur reiciendis nobis adipisci. Sed sed commodi ut quia et cum qui.',0,'2010-11-18 00:13:02','1984-05-21 10:57:48'),(201,180,125,'Dolorum occaecati nam natus doloribus. Et consequatur quibusdam quisquam saepe. At beatae aut delectus quia. Eum est dolores voluptas ratione rerum.',1,'1988-04-16 02:09:12','2006-08-11 10:46:50'),(202,85,133,'Tempora officia reprehenderit minus dolorem id rem doloribus quia. Non vel quisquam qui quo.',0,'2007-11-04 04:59:54','1999-03-29 12:28:49'),(203,176,94,'Et maxime et voluptatem velit laudantium fugiat iure exercitationem. Ea omnis voluptatem sit sunt reprehenderit. Praesentium et maxime et natus dolor alias sed.',0,'1971-01-16 07:27:08','1980-07-28 17:34:50'),(204,119,186,'Odit nihil sit molestiae. Omnis omnis error quidem. Assumenda animi rerum voluptatem qui eius. Quia cum excepturi sunt sapiente accusamus magni culpa est.',0,'1974-06-06 05:29:19','2016-02-25 19:59:37'),(205,60,173,'Nesciunt cupiditate ipsum in eius dicta maiores. Ut rerum sint qui aut et ut. Ullam qui doloribus error omnis eos sit.',0,'1989-05-19 16:58:34','1977-05-22 13:00:56'),(206,158,135,'Qui alias et aut. Soluta voluptatem voluptate sed sed consequuntur placeat. Aspernatur ducimus est eos quos quaerat ad aut.',1,'1975-07-07 09:50:29','2014-04-20 12:50:03'),(207,267,218,'Aut iure sed eius non aut pariatur similique. Architecto autem aspernatur et molestiae. Sequi veritatis consectetur voluptatem quia aut omnis omnis. Sint fuga tempora et aut.',0,'1978-06-25 00:18:43','1985-04-09 19:22:50'),(208,248,166,'Est nostrum numquam in optio. Et architecto non id alias debitis dolore. Eum quisquam atque repellendus expedita neque. Rem non voluptatum sit est eos.',0,'2011-05-06 12:18:09','1986-06-07 23:37:07'),(209,245,216,'Ipsa iste ut enim deserunt eligendi. Voluptas reiciendis odit ut est distinctio earum. Vero sunt sequi sunt sed.',0,'2016-11-19 01:28:33','1986-01-07 22:31:33'),(210,76,113,'Consequuntur nobis aut unde enim ab. Dicta ducimus doloribus et facere. Voluptatem iste perferendis et illum.',1,'1978-11-19 21:41:00','1986-11-22 21:06:11'),(211,60,74,'Labore voluptates eos et soluta exercitationem sapiente. Voluptas tempore nemo quaerat. Alias veritatis nisi fugit dolor et rem. Rerum voluptatem in facilis quia nisi vel et sequi.',0,'2016-12-24 16:55:52','1990-10-25 00:39:07'),(212,251,13,'Dolores sed cupiditate voluptas distinctio sed. Maxime voluptatibus fugiat aut tempora ut officiis perspiciatis.',0,'2012-01-23 00:12:35','1990-04-11 15:48:50'),(213,182,181,'Voluptas consequatur at quasi molestias doloribus consequatur. Error maiores consequatur consectetur ipsum sequi est. Ex hic quo quo asperiores rerum.',0,'1970-06-15 19:38:28','1976-01-21 23:34:28'),(214,149,165,'Similique ipsam beatae in numquam id adipisci. Ex fugiat et sit aperiam. Est quaerat voluptates aperiam sed distinctio impedit eaque quod. Quis facere repellat enim non perspiciatis ex et possimus.',1,'2007-03-21 13:21:59','1972-02-03 20:53:37'),(215,222,160,'Eaque voluptatum et accusamus fugiat perferendis necessitatibus eum. Occaecati voluptates rem dolorem quidem voluptatem. In at pariatur laudantium ea rerum dolor necessitatibus.',0,'1992-02-20 19:56:15','2005-03-07 14:24:18'),(216,215,102,'Excepturi dolores aspernatur facere soluta incidunt. Sed repellendus adipisci corporis nobis voluptate sit. Est consequatur nihil assumenda quis.',0,'1985-03-08 17:35:52','1987-07-31 16:45:00'),(217,284,300,'Ducimus eaque officia odio culpa officiis. Ad consequatur vero alias quibusdam. Voluptatem sapiente quae aut deleniti quo. Exercitationem quibusdam aut non ut sequi.',1,'2004-07-23 10:03:36','1984-09-25 03:47:58'),(218,234,159,'Quod odit officiis porro quos. Blanditiis ad rerum aut neque. Consequatur quo qui debitis non.',0,'2018-12-08 17:37:45','1990-02-25 11:22:41'),(219,93,53,'Voluptas velit totam pariatur ut voluptas quis quisquam. Quo optio reprehenderit repudiandae omnis voluptatem. Adipisci consectetur ullam aliquam ea quibusdam debitis et qui.',0,'2012-11-24 21:22:18','1988-03-10 22:48:24'),(220,45,153,'Sed cupiditate ut maiores consequatur fuga nostrum. Iure hic repudiandae ea esse accusantium quis est.',1,'1971-02-23 09:29:40','2007-04-19 06:08:27'),(221,226,202,'Aperiam debitis nemo non. Aperiam officia et rerum est rerum voluptates. Quae nobis nam possimus nam illum perferendis sit. Debitis ex fugiat a cupiditate.',0,'2000-02-18 10:42:26','1999-06-29 08:11:57'),(222,287,193,'Nemo id eaque aut doloribus officia ut ducimus. A et itaque consequatur eos distinctio voluptatem. Non numquam omnis quod in.',1,'2009-05-01 20:29:03','1998-08-01 03:28:51'),(223,119,234,'Ab illo sint molestiae fugiat rem aut. Deserunt nisi totam culpa dolor illum corrupti. Et incidunt ratione est sequi veniam.',1,'2005-12-18 12:35:12','1980-02-10 11:09:09'),(224,59,64,'Consequatur est esse in. Sit voluptatem ipsa exercitationem commodi doloremque nemo blanditiis. Tempore qui voluptatem maxime illum.',1,'2018-09-06 11:05:47','2000-04-30 20:16:37'),(225,150,134,'Ut vitae ea voluptas aut dolorem laboriosam ut. Iure ut ipsa occaecati aliquid magnam. Fugit veniam iusto quo et.',1,'1988-02-06 09:29:22','2004-06-04 01:52:29'),(226,176,210,'Tenetur id quas est. Deleniti et consequatur quia accusamus. Nihil omnis sapiente accusantium nulla tenetur dolore. Vel vel praesentium ab magni et enim repudiandae eius.',1,'1998-08-28 13:41:11','2013-09-02 19:45:59'),(227,207,127,'Recusandae at magni possimus enim rerum suscipit aut. Perspiciatis earum et natus praesentium rerum maxime sed ipsa. Doloribus consequatur hic voluptatum quas vel.',1,'1996-04-11 06:53:03','1996-09-19 00:03:41'),(228,222,88,'Omnis est nisi quis nobis ducimus voluptatem doloribus. Omnis rerum minima ipsum rerum animi aut. Necessitatibus aliquam dolores optio voluptates fugit rerum quibusdam.',0,'2017-06-20 16:40:50','2014-01-05 05:15:24'),(229,8,71,'Ut unde et et maiores at eveniet veritatis. Aliquid ea est nulla voluptatem. Perspiciatis et dolorem nam eveniet provident id voluptatibus.',0,'2009-11-08 04:29:13','1978-07-02 18:04:11'),(230,253,230,'Est consectetur expedita et cum voluptatibus. Temporibus cumque sunt est. Earum veniam nihil recusandae tenetur aut quibusdam ut.',0,'1993-10-08 23:27:08','1989-10-01 12:24:19'),(231,230,168,'Voluptas facere sed dolores nihil optio. Expedita occaecati minima fugiat aut dolorem aut. Excepturi quisquam recusandae maiores est. Excepturi consequatur tempora qui qui quo necessitatibus eos.',1,'2000-12-27 11:41:25','2010-04-11 22:14:24'),(232,31,214,'Sint aut consequuntur iste voluptatem atque quia ut. Et et et voluptas. Quo officiis velit qui sint voluptatem voluptatem. Omnis doloribus iure dolorem.',0,'1994-03-17 06:20:21','2006-10-21 00:50:09'),(233,167,265,'Provident animi et eos provident. Accusantium ipsam sed qui sunt et. Iusto nihil rerum nulla quibusdam. Suscipit qui enim ea. Dolore sed et molestiae perferendis.',1,'2006-09-28 05:04:00','1977-08-19 02:28:13'),(234,73,260,'Qui veniam cum nesciunt quis quia aspernatur. Reprehenderit optio facere soluta aut dolore impedit velit. Eos amet aut repellat numquam.',0,'1999-03-13 11:08:45','1986-10-16 20:18:05'),(235,18,117,'Saepe libero saepe illo dolores deleniti. Ut quaerat suscipit sed in impedit sunt velit. Nihil neque laudantium ipsa cumque.',1,'1989-03-02 05:09:54','2016-09-04 15:16:04'),(236,112,243,'Fugit qui ad nihil et impedit. Quis ullam dolores perferendis placeat qui ratione voluptatibus in. Voluptatibus et et aliquid et quis placeat.',0,'2003-04-12 17:36:15','1994-09-15 17:05:30'),(237,19,99,'Mollitia fugiat eos blanditiis harum quaerat et. Sed aperiam adipisci architecto dolorem. Sed et cumque architecto quia est necessitatibus.',1,'2006-05-02 04:03:37','2010-06-01 22:53:00'),(238,135,138,'Odio reprehenderit accusantium a voluptatibus voluptate quia. Voluptas quos nam aut voluptate autem. Accusantium deserunt ut cumque ut. Est dolores neque eos ipsam iusto.',1,'1998-04-24 20:02:05','1977-05-19 16:55:00'),(239,33,193,'Voluptas non alias tempore vitae molestiae veniam. Fugit fuga consectetur autem facere.',1,'1987-11-22 22:12:12','2011-08-16 11:55:17'),(240,201,182,'Corrupti deleniti qui iusto eligendi earum rem dolorum. Ea autem provident est vero natus quia in dolorum. Exercitationem ipsum consequatur est.',1,'2009-02-26 10:55:46','2006-12-15 17:06:24'),(241,26,77,'Tempore libero maxime labore natus voluptate quo natus eveniet. Hic eligendi ut in possimus quaerat inventore. Dolorem voluptatem omnis rerum eligendi eveniet non et.',1,'1973-01-25 07:04:57','1982-02-08 13:31:51'),(242,91,233,'Blanditiis beatae illo amet magnam modi voluptatibus ut. Ab fugiat at vel unde possimus tempore architecto autem. Ducimus ipsum voluptas iste quis.',0,'1979-01-04 18:06:34','2004-08-11 17:32:50'),(243,203,13,'Earum sit enim consequatur omnis quia minima. Nihil quia ut non laborum ut placeat qui. Ut ut aliquid distinctio consequatur placeat assumenda consequatur.',1,'1972-09-12 23:41:03','1981-09-22 15:46:34'),(244,21,211,'Ipsa libero ut quibusdam dolorem eveniet recusandae. Libero id non enim dolores saepe possimus labore. Quasi ut hic soluta est. Fugiat et sunt et sed qui accusamus aut.',1,'1992-02-25 06:12:53','2002-04-22 19:48:36'),(245,83,273,'Voluptatibus voluptatem nihil temporibus dolor. Animi ipsam dolore dolor quisquam cupiditate. Assumenda ut sit commodi ex praesentium ab.',1,'2009-01-08 23:19:12','2014-02-19 00:54:28'),(246,140,13,'Quod rerum soluta sapiente aut adipisci neque aspernatur. Provident iure reiciendis quibusdam aut asperiores ut. Ab expedita nihil ut earum.',1,'1993-02-20 05:09:16','1980-08-14 13:17:23'),(247,141,171,'Magni illo quis sit consequuntur dolorem possimus. Eligendi est enim doloremque nobis. Voluptas quia atque distinctio aspernatur consequuntur quidem.',1,'2011-06-08 14:59:18','2009-02-01 23:47:33'),(248,226,7,'Vero sit velit explicabo. Voluptatibus asperiores explicabo amet voluptas cum nostrum. Magni architecto consequatur deleniti velit accusantium autem animi et.',0,'1986-11-22 10:10:17','1971-08-06 15:44:12'),(249,135,298,'Cumque accusantium omnis dolores in. Repellat est ab ut soluta atque. Soluta dolorem sint animi nobis sint nobis molestiae molestias.',0,'1972-07-01 01:26:36','2012-11-26 16:41:42'),(250,267,153,'Aut et ea vel unde quod esse. Deserunt eos quidem eveniet et voluptates suscipit id. Et occaecati quos et autem iusto rerum. Sit molestiae sit omnis vel.',1,'1972-11-10 03:28:58','1979-10-28 21:54:18'),(251,115,79,'Sit deleniti illo sed doloremque reprehenderit ut sunt. Aliquam illo asperiores est veniam. Quis nobis fugiat aut nemo quae laudantium.',1,'2009-06-22 11:38:32','1970-02-12 15:04:05'),(252,95,133,'Quo perferendis ab labore voluptatem magni minus. Ut aspernatur ipsam quis nemo dicta voluptas. In culpa sit accusantium earum repudiandae.',1,'1977-02-17 08:00:27','2012-02-29 21:12:18'),(253,177,229,'Ipsa non ipsum et explicabo in. Ducimus dolores occaecati non voluptas animi accusamus. Provident inventore voluptas veritatis harum dignissimos magni quaerat qui.',0,'1990-05-26 07:47:42','2003-02-15 10:04:22'),(254,270,210,'Saepe et nihil at fuga. Est repellat quis aliquam dolor eos eum ut. Maxime consequatur quia consequatur. Pariatur voluptatem cupiditate perferendis similique dolores.',1,'2014-05-09 04:10:10','2000-06-06 08:54:59'),(255,122,170,'Voluptatum iste ad et ut corrupti voluptas itaque. Est rerum voluptatem recusandae. Tempore quidem error suscipit modi nobis ipsam consectetur sequi. Quaerat tempora laboriosam saepe iusto.',1,'1988-08-16 22:52:12','1985-08-18 13:01:43'),(256,91,147,'Odit consectetur saepe magni eum. Consequatur adipisci molestiae et beatae qui commodi. Accusamus iste provident beatae iure. Pariatur autem sed autem fugiat deserunt voluptatibus.',1,'1993-04-10 06:12:11','1994-02-26 09:24:28'),(257,246,182,'Iste ratione rerum ipsum est quasi quae soluta. Sed commodi voluptatum in velit sapiente ut. Ut et ex illum quis placeat omnis.',0,'2019-07-31 20:34:49','1993-04-24 09:00:13'),(258,79,149,'Corporis eius nam deserunt. Rerum accusamus aperiam beatae sequi harum est vel. Reiciendis et voluptas quia sint beatae reiciendis. Dicta unde sit sunt sit saepe inventore repellat.',0,'2008-07-25 06:56:21','1993-06-07 21:10:32'),(259,195,99,'Illum qui itaque dolores numquam delectus neque esse voluptatum. Consequatur aut odio autem nihil voluptatum enim illum.',1,'1995-09-28 04:42:13','2012-06-27 16:20:14'),(260,59,277,'Veritatis quia quibusdam dolores sit et cumque vero. Voluptates rerum deserunt laboriosam vitae cumque mollitia ut sed. Assumenda nobis consequatur quibusdam aut.',1,'1998-09-08 17:38:58','2000-04-04 21:29:54'),(261,72,199,'Dolor ea libero vel earum dignissimos perferendis. Sit nostrum quia sed voluptas fuga eaque. Rerum sint qui quas nobis et.',0,'1977-11-02 07:58:49','2001-09-13 04:07:34'),(262,290,212,'Blanditiis aliquid placeat autem dicta minima quia hic. Sed unde mollitia iusto recusandae. Et quia eveniet excepturi repellat corrupti ipsa magnam.',1,'1972-02-05 10:07:03','2006-01-15 22:39:11'),(263,69,215,'Dolorem dolor est provident culpa. Dolores cum vel itaque facilis similique ad. Blanditiis earum quod dicta aliquam veritatis. Vitae consequatur autem at ullam tenetur mollitia.',0,'2020-02-22 03:28:21','1982-12-01 12:02:06'),(264,219,204,'Nostrum qui inventore exercitationem cumque ea quidem distinctio. Dolores labore molestias iure. Est error sed quia iusto aut quam tempore eos.',1,'2001-10-22 18:36:56','2010-10-02 04:58:53'),(265,213,185,'Sapiente eaque cupiditate aliquid et omnis accusantium commodi. Doloribus tenetur aut odio aliquid velit deserunt in eius. Non maiores animi cumque at dignissimos qui numquam cum.',0,'2012-11-23 11:59:36','1977-04-01 15:19:23'),(266,56,28,'Quidem aut aut quo ratione. Eligendi tenetur quibusdam sint harum nemo itaque. Sit est laboriosam omnis ex ipsam. Ab eos ducimus qui aperiam qui ipsa non voluptatem.',0,'2007-10-23 23:05:13','1975-07-02 12:20:54'),(267,264,151,'Quia et consequatur facere id numquam sint fugiat. Praesentium at quaerat voluptates porro.',1,'2016-01-10 12:00:15','1973-01-18 14:38:16'),(268,160,141,'Ut vel et quaerat laboriosam explicabo nisi odit. Dolorem omnis nesciunt amet quae. Commodi maxime corporis est asperiores.',0,'1995-07-20 04:39:20','1983-04-08 01:23:42'),(269,80,130,'Voluptatibus aut ipsum ullam aut est itaque totam. Earum odit laudantium tenetur harum mollitia libero ullam et. Aut sit laborum quia non dolor voluptate sit.',1,'2000-11-02 14:18:06','1979-01-12 08:56:55'),(270,50,201,'Corrupti laborum asperiores odio autem. Saepe aut ad incidunt animi maxime quasi quaerat. Nulla labore similique ducimus perspiciatis sed rerum quia.',0,'2019-10-13 10:28:00','2003-08-27 11:25:54'),(271,300,141,'Magnam harum placeat ut in voluptas. Distinctio eaque eum non beatae dicta. Et dolorum veritatis deserunt nemo dolorum necessitatibus. Sit eos et aut necessitatibus aut sit.',1,'1990-08-10 01:07:28','1999-09-21 15:57:26'),(272,47,246,'Odit provident nobis qui et quo sapiente dicta. Unde commodi accusantium aut aut. Earum neque delectus porro porro voluptates accusamus architecto.',0,'2005-02-01 07:07:28','1987-01-16 02:04:36'),(273,22,126,'Id quibusdam dolores exercitationem harum. Consequatur dolores eos laboriosam. Iusto perferendis veritatis porro debitis. Hic ducimus consequatur molestias voluptatum sint ratione temporibus rerum.',0,'2015-04-23 17:59:12','1977-02-01 09:25:25'),(274,94,216,'Non eos assumenda porro. Molestias aliquam omnis enim aut. Non fugiat quam aliquid eos rerum nam.',1,'2012-05-09 11:18:02','2015-10-23 01:40:19'),(275,225,153,'Saepe officia voluptates et est nulla nihil. Eligendi placeat quae nulla dolorem. Deleniti magnam fugiat perspiciatis quas enim itaque.',1,'2020-01-12 22:51:54','2012-05-29 15:44:00'),(276,193,296,'Quam qui sit et. Nostrum asperiores est dolorem et nemo. Modi sit ducimus et et nesciunt odit.',0,'2014-01-09 06:12:45','1974-08-14 12:07:56'),(277,52,183,'Natus sit distinctio perferendis consectetur explicabo sit. Necessitatibus sed corrupti explicabo sed adipisci. Nobis dolor libero qui omnis quo.',0,'1986-09-05 09:20:42','2013-11-09 02:50:13'),(278,208,120,'Voluptate fugiat facere rem et et voluptas rerum. Quidem beatae animi distinctio quia rerum neque inventore. Est ipsa ea dolorem a fuga.',1,'1983-11-13 19:47:46','1986-02-22 18:42:00'),(279,97,126,'Delectus natus repellendus ut nemo tempora soluta. Provident nemo velit nihil voluptatibus aperiam sit dignissimos eos. Vel est veniam ad pariatur illum quod exercitationem itaque.',1,'2003-01-13 05:43:46','2019-01-03 23:14:22'),(280,24,10,'Veniam earum eos aliquid iure voluptatem. Nesciunt ut consequatur id expedita minima. Rem sed ad error consequatur pariatur quam.\nEst ratione nihil iste. Sint sit et sit.',0,'1980-12-19 12:40:13','2016-01-10 13:19:01'),(281,11,80,'In voluptatem voluptas optio atque. Laudantium libero aspernatur est molestiae. Beatae est ipsum ducimus magni aut quam eveniet voluptates. Quasi iste quisquam minima vel.',1,'1991-11-17 08:29:10','2014-07-25 04:04:44'),(282,37,274,'Odit in asperiores veritatis impedit. Non sint non voluptas atque molestiae. Laudantium et eum voluptas.',0,'1996-05-16 13:54:31','1975-06-05 02:12:56'),(283,230,197,'Iusto officiis ut quis nihil autem. Repudiandae in ut nobis eos id. Quis et ex non quia doloremque. Eveniet quia ipsum facilis magni iusto debitis beatae et.',1,'1992-05-24 17:52:05','1981-03-12 11:47:47'),(284,115,9,'Facere temporibus aspernatur excepturi et dignissimos ab. Ipsum ipsum porro aliquid doloremque expedita rem. Quaerat hic facilis sunt itaque occaecati repellendus laborum.',1,'1984-10-12 18:46:26','1978-08-17 01:18:59'),(285,26,164,'Laboriosam in non culpa. Occaecati laboriosam corrupti at tempore. Voluptas consequatur aut placeat adipisci sunt repellat perspiciatis suscipit. Fugiat in inventore voluptatem non laudantium.',0,'1986-02-01 13:24:17','1998-05-27 19:38:10'),(286,210,26,'Eveniet vitae libero ullam consectetur atque qui esse. Numquam illo occaecati praesentium eum explicabo. Quas cum expedita earum consectetur molestias. Qui optio earum labore accusantium aut non.',1,'2009-08-19 00:57:27','1990-04-10 13:36:26'),(287,4,256,'Sed illo vel nisi illum perferendis fugit aut non. Voluptatum corrupti ut aut vero eveniet delectus. Expedita et quasi et atque illum aut.',0,'2005-06-28 04:59:41','1972-12-28 17:46:36'),(288,271,26,'Quis ut ullam nobis qui. Temporibus magnam occaecati eaque et id. Distinctio at voluptas libero qui mollitia non et assumenda. Vitae dolorem et et unde. Quia tenetur ut impedit.',1,'2004-08-08 05:06:24','2020-04-19 18:32:00'),(289,82,64,'Veritatis dignissimos dolor nulla quas asperiores inventore. At assumenda placeat vitae aut officia consectetur est eaque. Et omnis ex repellendus animi eos.',1,'1971-01-02 22:41:12','1982-12-12 03:59:59'),(290,242,6,'Maxime itaque voluptatem qui non aperiam. Asperiores veniam ea quas voluptatem saepe consequuntur. Doloribus non voluptate exercitationem quisquam facilis non.',0,'1996-01-25 23:14:07','2003-01-16 07:33:33'),(291,217,135,'Eaque nesciunt velit rerum fugit est nam. Voluptatem enim ut totam ab pariatur. Est quod voluptatem atque voluptatibus quis aut. Vel corrupti optio ut dolorem. Repellendus mollitia sint aut expedita.',0,'1992-05-28 02:20:55','1976-12-06 16:24:07'),(292,2,268,'Officiis sit nobis itaque nostrum aut. A dolorum tempore inventore saepe saepe. Et et pariatur nam consectetur omnis eius ad.',0,'2010-04-24 18:30:58','2013-07-11 00:42:37'),(293,17,209,'Illo sapiente sunt possimus impedit voluptatibus dolores deserunt. Et doloribus eum beatae commodi magni quos consectetur. Rerum sequi dolore aperiam voluptatem esse.',0,'1999-04-01 09:06:44','2004-09-17 07:57:24'),(294,88,114,'Qui soluta aut corrupti consequatur voluptas aut. Dolores quisquam rem placeat. Saepe sed voluptas autem eum architecto cum architecto omnis. Hic omnis sit nihil nulla reiciendis illo.',1,'2004-10-26 22:45:16','2002-04-11 17:26:47'),(295,34,112,'Vel eligendi qui consequatur rem. Voluptatibus qui maiores commodi occaecati odio. Necessitatibus et assumenda magnam velit neque sint. Sit quisquam ut qui a et.',0,'1982-11-20 11:13:09','2018-02-08 00:37:05'),(296,123,45,'Aut voluptas et suscipit aut totam pariatur quis. Sint itaque et qui possimus amet sit commodi. Ipsam aut aut esse illo est autem. Non omnis distinctio quod.',1,'1980-06-16 20:42:03','2008-09-11 22:37:10'),(297,191,160,'Mollitia est quis qui. Cum quibusdam explicabo est. Et animi sit rerum consequatur ipsa sequi. Dolor recusandae consectetur nulla. Aut voluptate non nisi distinctio voluptas.',1,'1984-07-13 21:20:19','1971-03-13 00:54:03'),(298,19,121,'Et in aliquam totam delectus deleniti itaque. Iusto vel placeat est qui tempore atque. Voluptatum veniam ea qui esse corrupti voluptas porro. Nisi et at ipsa itaque non nisi.',0,'1976-07-31 07:19:16','2008-03-29 23:23:06'),(299,56,133,'Quaerat numquam recusandae sit at sed. Quisquam reiciendis voluptas ea distinctio fugiat illum. Ipsa tenetur cum consequuntur. Maiores eius possimus voluptatem libero.',0,'1977-01-15 02:02:50','1984-02-15 19:24:18'),(300,130,82,'Ut earum ex ut nihil consequatur impedit assumenda. Et consequatur similique eaque deleniti iure. Dolor sunt id eius vel aut.',1,'2014-10-26 00:33:39','2003-01-20 08:19:32');
/*!40000 ALTER TABLE `messages` ENABLE KEYS */;
UNLOCK TABLES;

--
-- Table structure for table `posts`
--

DROP TABLE IF EXISTS `posts`;
/*!40101 SET @saved_cs_client     = @@character_set_client */;
/*!50503 SET character_set_client = utf8mb4 */;
CREATE TABLE `posts` (
  `id` bigint unsigned NOT NULL AUTO_INCREMENT,
  `user_id` bigint unsigned NOT NULL,
  `txt` text CHARACTER SET utf8mb4 COLLATE utf8mb4_unicode_ci NOT NULL,
  `created_at` datetime DEFAULT CURRENT_TIMESTAMP,
  `updated_at` datetime DEFAULT NULL ON UPDATE CURRENT_TIMESTAMP,
  PRIMARY KEY (`id`),
  KEY `user_idx` (`user_id`),
  CONSTRAINT `user_posts_fk` FOREIGN KEY (`user_id`) REFERENCES `users` (`id`)
) ENGINE=InnoDB AUTO_INCREMENT=301 DEFAULT CHARSET=utf8mb4 COLLATE=utf8mb4_unicode_ci;
/*!40101 SET character_set_client = @saved_cs_client */;

--
-- Dumping data for table `posts`
--

LOCK TABLES `posts` WRITE;
/*!40000 ALTER TABLE `posts` DISABLE KEYS */;
INSERT INTO `posts` VALUES (1,1,'Et enim vel similique suscipit harum fuga id neque. Inventore animi sunt molestiae et incidunt in perspiciatis perspiciatis. Libero sed odit et occaecati praesentium est ex consequatur.','2008-10-19 04:01:27','1986-01-04 21:23:08'),(2,2,'Quia voluptates eaque velit adipisci odit tempore qui. Ut sunt quos vitae sed ut aut et qui. Laborum ut quas eius vitae eos velit repudiandae. Eos quo voluptate provident quidem.','2019-06-16 00:28:19','2003-12-28 01:42:45'),(3,3,'Veniam corrupti est praesentium quidem. Ducimus dolores qui in explicabo ut ipsa at. Consequatur unde ut exercitationem harum id est recusandae veniam. Corrupti iusto qui dignissimos asperiores.','1993-11-06 05:02:19','2015-12-08 20:58:58'),(4,4,'Eius assumenda consectetur ex consequatur itaque. Voluptatum doloremque et incidunt beatae. Qui nostrum incidunt autem et. Et quia vitae eos iure.','2009-11-26 15:30:55','2004-04-01 04:24:48'),(5,5,'Illo quam laudantium qui quam. Cupiditate illo et et inventore dolorum dolor tenetur. Sed sunt vero reprehenderit non repellendus ducimus.','1998-05-23 15:12:28','1973-12-04 19:11:20'),(6,6,'Eum ipsa quis odio explicabo. Et optio recusandae praesentium. Porro consequatur omnis cumque nemo distinctio tenetur distinctio maxime. Est suscipit et earum a omnis quia velit.','1973-07-04 21:52:30','1996-09-21 05:08:19'),(7,7,'Sint quaerat repudiandae non tempora numquam facilis. Voluptatem laborum ipsa et cumque voluptate consequuntur.','1999-10-17 06:32:46','2019-01-16 03:13:13'),(8,8,'Harum modi vel blanditiis aut. Nemo omnis maiores quis et est ad voluptate eos. Cupiditate culpa eligendi dicta et et molestiae. Deleniti neque consequatur sed et ea.','1996-08-03 19:15:23','2020-11-03 14:32:34'),(9,9,'Inventore pariatur pariatur quasi aut. Recusandae eveniet consequatur voluptatem enim ut. Reiciendis molestiae repellendus velit soluta. Atque maiores dignissimos id ut unde sed sed.','2001-05-17 03:44:45','1970-07-04 07:14:23'),(10,10,'Quas odit dicta in qui nihil. Quidem rerum accusamus numquam provident error.','1985-02-14 19:05:12','1987-11-28 18:56:57'),(11,11,'Debitis alias tempora veniam facere. Tenetur nemo sunt est voluptatem dolor et saepe. Consequatur similique aut et ut velit. Itaque optio facilis minima harum neque.','1987-09-02 17:52:25','1971-08-02 00:36:04'),(12,12,'Eligendi accusantium quibusdam voluptatibus quam. Corrupti quas id autem qui pariatur asperiores. Id aperiam cum quo optio.','2002-07-08 08:44:00','2000-12-20 00:34:11'),(13,13,'Aspernatur quidem beatae nihil ut inventore aut. Asperiores autem impedit ullam qui odit vel porro. Harum quas voluptas eveniet distinctio rerum quod ut.','1984-07-11 05:10:09','1979-11-06 02:02:34'),(14,14,'Et ut harum odit qui facere sed. Nihil nobis qui optio est. Aut et natus dolorem praesentium iure repellendus.','2004-11-19 00:54:02','2001-05-13 09:48:49'),(15,15,'Ut harum aut exercitationem et. Odit sunt fugit eaque voluptatibus et. Delectus ut mollitia quas aut minima et.','1975-10-24 13:00:26','1978-11-22 11:20:50'),(16,16,'Enim assumenda odio dignissimos aut molestiae eum rerum. A laudantium ut rerum. Fugiat dolor rerum sapiente culpa praesentium aspernatur magnam. Nisi tempora velit fuga necessitatibus.','1975-10-22 22:24:03','1981-09-04 13:10:50'),(17,17,'Ut culpa ab quos at. Ullam sit corporis quas architecto a.','2005-03-03 03:52:58','1988-09-24 18:31:43'),(18,18,'Ut omnis officia veniam at corrupti occaecati fugiat in. Nobis nihil et incidunt est consequatur porro velit. Et accusantium tempora et perferendis quae nisi.','2020-04-20 02:25:38','2001-02-07 20:31:53'),(19,19,'Quo maiores nam est voluptates ad. Recusandae eos quia quo cum vel. Reiciendis consectetur ut sint sed quibusdam. Ut nesciunt aut similique sint exercitationem earum.','1994-08-27 15:05:15','2017-06-20 18:28:46'),(20,20,'Accusamus neque eos provident aperiam autem iure. Odit sint itaque dolorem et tempora. Vitae sequi quasi rerum et fugiat consectetur ipsa. Rerum autem recusandae est eius.','2004-05-30 23:07:00','1972-07-31 00:11:42'),(21,21,'Culpa non fugit soluta sunt dolores. Laboriosam et vero nemo qui quo qui ut corporis. Deserunt enim enim provident voluptatem.','2016-12-15 07:52:03','2014-01-28 09:22:00'),(22,22,'Asperiores dolores culpa itaque necessitatibus cumque. Non eaque cupiditate velit est deleniti eum esse. Laborum quasi dolores eum corrupti rem officia et.','1984-03-06 15:17:29','2016-11-23 05:41:44'),(23,23,'Quas deleniti hic minus distinctio. Aut doloremque vero assumenda. Voluptate officiis consequuntur quia corrupti perferendis ea nemo. Rerum et autem minus quia.','2001-05-05 14:50:10','1980-02-24 04:49:13'),(24,24,'Alias nulla placeat id expedita et itaque sint assumenda. Qui non dolores voluptatem error. Libero dolorem iure aut. Facere quos qui qui et debitis placeat illum.','2014-01-15 08:52:11','1985-09-29 19:16:14'),(25,25,'Dolor aut sit facere fugiat quos ex nobis. Est corporis ad perspiciatis velit aspernatur. Consequatur cum officia vel voluptas eos dolore dolorum. Vitae aut aut in asperiores asperiores.','1979-04-26 17:55:52','1997-09-04 15:08:56'),(26,26,'Soluta et et odit nisi qui aspernatur. Aspernatur impedit qui suscipit. Enim non sit qui et vitae sit. Excepturi recusandae sapiente eius et omnis labore.','2006-12-24 07:16:54','1991-09-30 04:07:04'),(27,27,'Aut laudantium sed nisi aperiam nihil qui praesentium. Iste accusamus qui perspiciatis. Qui fugit odit magnam voluptatem dolore assumenda et.','1995-06-01 04:49:41','1974-07-06 03:47:40'),(28,28,'Numquam doloremque adipisci et dolores inventore. Architecto officia ut et in placeat. Quo magnam atque rerum dolor et dolor officiis. Quod voluptatem ut beatae facilis sunt dolorem possimus.','1990-09-22 22:47:36','1979-05-30 21:02:07'),(29,29,'Cupiditate dignissimos asperiores ullam dolor. Natus laudantium nemo sit beatae. Est omnis qui est nulla. Omnis et quibusdam esse molestiae vitae quia cumque.','1997-07-25 09:26:36','1970-01-03 22:03:20'),(30,30,'Laborum aut maxime suscipit eaque dolor alias quia et. At facere qui sed provident. Qui aut quo numquam veniam laudantium consequuntur sint debitis.','2016-10-12 15:09:06','1979-10-23 10:30:05'),(31,31,'Repellat officiis dolore enim quae aliquam at. Aspernatur eos qui et similique. Eveniet id sunt nulla similique adipisci.','2002-08-29 22:23:01','2011-07-11 18:09:57'),(32,32,'Provident incidunt est totam magnam eius. Beatae veniam commodi ea fugit. Modi aut cumque delectus et totam.','1994-02-05 03:15:03','1973-02-12 16:31:42'),(33,33,'Sit aut voluptatum vero quos suscipit qui veniam. Omnis ipsum id qui quo numquam. Soluta eligendi rem reiciendis vel sed sed. Est corporis est corrupti laborum dolorem.','2002-04-07 19:48:57','2007-06-24 07:51:33'),(34,34,'Quia illo possimus ut eius pariatur ut. Libero rem esse vitae voluptas voluptatem aut. Ullam molestias ducimus quibusdam atque ut. Similique earum vel odit.','1996-04-09 04:55:11','1987-09-03 23:18:33'),(35,35,'Voluptatem officia animi aut dolor voluptates. Atque ex et reiciendis non molestiae numquam. Et hic ex quaerat corporis nam. Veritatis assumenda neque sit facere ut aut velit.','2014-09-16 00:03:07','1996-01-20 13:56:43'),(36,36,'Deserunt in quaerat in id. Possimus aut quia sint. Est vero saepe eos eum rerum recusandae voluptatem.','2015-04-26 17:18:01','1994-11-01 12:06:07'),(37,37,'Architecto unde et autem voluptatem quia eligendi voluptatem. Veritatis vero autem molestias quia sed tenetur eaque ullam. Non reiciendis unde est aliquid consectetur est suscipit et.','1992-02-19 06:18:26','1980-01-24 22:25:45'),(38,38,'Aut numquam qui reiciendis delectus ipsa commodi et. Deserunt ab eos nostrum ipsa ut rerum voluptas facere. Nihil et ipsa aliquid quia alias molestiae similique.','1993-11-16 22:11:24','2017-08-03 06:09:36'),(39,39,'Quasi eum maxime ut modi sunt. Aut ea tempora pariatur ex quisquam dicta. Et officiis nihil quasi delectus quis molestiae qui placeat.','1988-01-17 02:26:35','1978-10-19 11:06:55'),(40,40,'Necessitatibus non mollitia in et et id. Sed cum optio quam velit veritatis perferendis soluta. Voluptates ad enim excepturi blanditiis enim quia incidunt. Doloribus commodi beatae dignissimos in.','1980-12-03 00:06:31','2016-11-06 04:35:23'),(41,41,'Beatae voluptatum et sed ad. Beatae libero corporis quidem placeat aut rerum. Corporis ut quis qui sed nisi nemo consequatur sed.','1985-03-21 18:30:24','2003-05-10 01:42:51'),(42,42,'Et eos placeat assumenda consequatur laborum velit. Veritatis atque saepe saepe. Facilis quis nisi hic velit et autem et ad. Id id commodi non eligendi et autem.','1981-10-23 15:11:04','1970-04-13 18:17:11'),(43,43,'Et aut vel ut adipisci quod ea fuga. Maiores unde dolor eos laborum. Voluptas debitis porro et consequatur officia aspernatur ipsam. Ipsa eligendi modi a placeat odit rerum.','1986-06-07 17:58:14','1995-09-12 03:59:42'),(44,44,'Distinctio rerum consequatur quibusdam culpa. Eum molestias autem reiciendis facilis totam. Quod corrupti maxime reprehenderit quo et alias id.','1989-12-29 16:11:03','1985-02-07 21:54:49'),(45,45,'Sunt exercitationem consequatur qui nisi. Esse harum animi eligendi ullam tempora. Quis sed voluptatem blanditiis occaecati dignissimos error. Aut accusamus exercitationem quia porro eveniet.','2013-01-18 05:46:28','2001-01-24 13:29:16'),(46,46,'Illo explicabo sapiente quo odit iste. Reiciendis rerum eos sint earum. Facere voluptatibus quis numquam dolores ullam iste. Ducimus commodi voluptatem omnis minima repudiandae nihil possimus.','2017-11-02 23:10:26','2016-12-05 12:20:50'),(47,47,'Voluptatem esse quo nobis ducimus. Et asperiores amet dolore eum ipsum aliquam. Veritatis eveniet velit et consequatur et et.','2009-02-18 08:17:47','2014-09-04 12:47:10'),(48,48,'Nam aut id modi qui consequatur quas nisi. Non enim eum molestias et aut. Laboriosam enim omnis soluta numquam consequuntur dolore velit incidunt.','1972-05-07 01:15:11','1994-07-08 22:40:52'),(49,49,'Qui dolores enim veniam dicta. Temporibus sint non minus laudantium. Inventore rerum voluptate sunt omnis.','1978-09-25 12:48:06','2012-01-28 23:41:54'),(50,50,'Officiis aut quo officiis repellat consequatur qui. Ut aliquid fugit autem quam sunt rerum dolorem. Id repellat odit voluptatibus similique odio aperiam. Autem aut culpa voluptatem.','2009-09-14 22:25:57','2008-03-21 12:32:31'),(51,51,'Laboriosam tempore tenetur dolor commodi soluta aliquid. Aut sit est autem et. Molestiae unde nesciunt debitis et mollitia.','1985-10-13 04:16:50','2001-09-03 06:16:56'),(52,52,'Cupiditate deserunt et eos nam. Quo odit ullam facere. Eaque culpa dolore illum.','1982-05-05 10:08:25','1970-05-20 03:23:58'),(53,53,'Alias odio beatae sit nam. Inventore totam est autem voluptates. Ullam recusandae voluptatem tempore omnis ea hic veritatis odio.','1975-12-03 18:58:42','1984-06-19 10:45:58'),(54,54,'At molestias quas accusamus. Qui vitae amet porro fugit in et porro perferendis. Ipsa commodi dicta nemo dolores rerum. Nulla sapiente enim beatae id aut officia.','1985-07-02 03:20:13','1999-01-24 23:24:51'),(55,55,'Est dolores autem et ullam. Non omnis et cupiditate itaque reprehenderit officia. Pariatur enim adipisci voluptatem rerum dolorem eos earum.','2009-10-11 10:35:33','1999-12-19 16:52:07'),(56,56,'Quis autem dolore placeat quo nihil. Aut ipsum commodi voluptatibus doloremque impedit et. Quas ut quam nihil inventore odio aliquam. Amet ut voluptatem eos dolor.','2002-10-21 06:55:24','2003-06-03 00:20:14'),(57,57,'Adipisci nulla id sint sequi repellat sint. Sunt repellat unde et et consequatur. Magnam modi doloremque qui est quisquam sint quia. Qui eaque recusandae iure tenetur consectetur.','1983-08-04 07:45:10','1985-12-29 10:47:59'),(58,58,'Nihil aspernatur cumque dolorum maxime cupiditate autem voluptatum. Cumque repudiandae enim doloremque est recusandae impedit corporis expedita. Cumque vel eos molestiae cupiditate illo.','1994-07-20 12:52:49','2013-06-13 11:51:10'),(59,59,'Dolor quidem est ea quaerat sunt. Porro officiis modi quo. Nisi alias quia minima ut dolorem numquam. Quod est voluptatum sit et.','1980-10-30 22:42:33','1978-03-29 10:48:54'),(60,60,'Provident veniam unde vero asperiores praesentium quos dolores. Dolore in quae sed omnis id ut dolor et. Illum excepturi praesentium laudantium vero. At vel cumque voluptatem est atque rem.','1991-04-24 10:01:29','1973-08-26 04:25:52'),(61,61,'Assumenda placeat quod fuga velit assumenda non soluta. Aut at dolores et animi tempore totam. Eos harum animi corporis non ut aut.','2002-02-28 08:16:02','1979-03-05 10:10:46'),(62,62,'Consequatur veritatis qui possimus beatae consequatur odit repellat aliquid. Vitae odio placeat eos occaecati. Non molestiae cum eveniet molestiae tempore sapiente.','2014-05-16 22:56:50','2003-05-24 13:42:45'),(63,63,'Reprehenderit est autem eveniet consectetur voluptas et. Asperiores nihil illum doloremque et libero et. Unde doloribus autem et rem sit.','2018-05-28 00:30:35','1974-11-20 22:26:20'),(64,64,'Eos quia enim saepe optio voluptatem eos. Sit aut optio aut vel. Fugiat vel exercitationem recusandae assumenda nihil. Ut voluptatem odio distinctio quia occaecati enim sint asperiores.','1979-04-22 10:13:36','1973-08-25 07:11:14'),(65,65,'Nostrum expedita ex ut dolor officia. Eveniet velit quas alias voluptatum quo. Quisquam sit reiciendis natus. Nemo reprehenderit laboriosam et.','2012-12-02 07:08:03','1992-05-10 23:35:52'),(66,66,'Non a quas veniam officia. Rerum eum et et quaerat et laborum et. Ut voluptas quas voluptatibus error praesentium dolorem quis. Architecto quos fuga magni accusantium ea non.','2014-06-09 19:17:57','1979-09-25 07:24:00'),(67,67,'Illo et voluptatem deserunt fugit esse iusto. Voluptatem deserunt velit voluptas magnam quam. Illo fuga deleniti debitis autem cumque.','1991-01-06 16:07:30','1995-04-04 09:51:44'),(68,68,'Ducimus expedita eaque ullam aut sed est. Quos aut fugit quaerat sapiente reiciendis. Quisquam quibusdam hic deleniti cupiditate neque. Voluptate necessitatibus qui facilis nihil voluptatem illo.','2004-11-30 20:32:28','1991-07-24 08:12:23'),(69,69,'Est nulla facere quia sit aut iusto possimus voluptatum. Laborum distinctio labore aperiam adipisci eos. Inventore aspernatur omnis quam quisquam. Sint nulla fuga molestiae atque voluptatibus.','2014-04-16 22:30:27','2015-10-29 05:38:58'),(70,70,'In quaerat amet dolorum amet. Voluptatem ad in rerum sunt consequatur. Est est minima possimus eos dignissimos nihil facere velit. Hic nulla eos consequuntur aut ea ex odit.','2002-07-30 06:34:55','1986-04-05 05:52:25'),(71,71,'Occaecati nisi et autem recusandae. Perferendis et doloremque quo sit non. Voluptatum occaecati id non est repudiandae nostrum.','1980-01-06 07:12:01','2011-12-31 13:48:19'),(72,72,'Et nobis magni nisi. Voluptate id molestiae repellat asperiores et dicta. Asperiores velit at placeat voluptatem vero voluptatum.','2011-04-03 00:46:17','1997-06-14 10:27:54'),(73,73,'Necessitatibus sequi vitae expedita impedit amet repudiandae est. Iste doloribus optio accusantium. Labore velit minus blanditiis ex qui qui velit.','1985-10-05 20:23:04','2009-05-29 10:28:09'),(74,74,'Est asperiores similique error in veniam magni debitis. Eum in ipsum enim quis fugiat qui provident.','1999-10-19 00:40:58','2009-01-28 09:04:09'),(75,75,'Sint quae quam debitis est voluptate magnam aut. Quae sed ipsum rerum minus aut praesentium saepe. Facere ducimus assumenda dolorem ea dolor.','2012-07-24 05:31:03','1975-11-18 18:49:32'),(76,76,'Et laborum sint quia ducimus. In architecto ut architecto aut quae similique placeat. Laudantium maiores quis dolorem voluptatum. Id totam est repudiandae quis nam distinctio.','2006-02-04 03:29:57','2012-12-02 08:15:20'),(77,77,'Itaque omnis minus voluptatem excepturi autem voluptates. Numquam perspiciatis libero maiores architecto rem molestiae. Necessitatibus sunt quia eos qui ut.','2006-11-01 22:49:23','2005-02-04 04:44:15'),(78,78,'Iure ullam qui vero doloremque quae assumenda officia. Impedit similique facilis eius. Cumque repellendus unde necessitatibus ut ut.','2008-05-07 09:59:53','1997-05-29 18:49:36'),(79,79,'Vero est est saepe quis nostrum qui. Quasi voluptas est rerum magnam. Nobis eaque rerum ea est. Porro aut provident iste corrupti.','1990-10-25 23:50:28','1982-03-08 23:06:15'),(80,80,'Deleniti officia mollitia dolor et odit quia. Quia sequi dignissimos distinctio dolore ea impedit minus. Sit rem excepturi dolor.','2015-12-13 22:10:37','2000-02-13 02:42:52'),(81,81,'Odit officia ducimus ut vel et amet velit. Non quas asperiores eos quia. Ut nihil dolore placeat saepe est laboriosam incidunt. Deserunt fuga numquam vitae vero nihil.','2011-03-16 05:21:06','1971-06-17 10:19:25'),(82,82,'Occaecati nemo quas est quis quia. Omnis accusamus qui temporibus quo. Distinctio ipsum repellat veniam aut debitis. Incidunt quisquam ut in ut perferendis eligendi sit.','1981-02-21 08:23:27','2010-01-12 23:47:59'),(83,83,'Ut provident repellat quaerat exercitationem. Magni totam nihil unde vel. Sint asperiores id dolor aut.','2014-07-16 15:23:45','1983-09-08 07:33:05'),(84,84,'Et ut voluptatibus eum est cupiditate. Corporis velit quo explicabo aut eius soluta veniam. Quisquam fuga incidunt aut quisquam error iure sed. Non soluta quasi vel aut ea.','1987-11-13 06:00:42','2014-10-02 19:09:47'),(85,85,'Voluptas accusamus consequatur inventore quo deserunt qui nesciunt. Enim dolorum culpa ipsum facilis a magni et. Quam cumque velit consectetur aut aperiam ex. Ut facere nobis tempore.','1991-02-17 03:09:50','1987-05-15 14:52:54'),(86,86,'Explicabo et tenetur et molestias sed doloremque. Quia assumenda et minima ratione ad ducimus. Harum id cupiditate id iure et. Et alias mollitia quidem. Minima corrupti sit earum et adipisci.','1993-05-08 18:50:02','1982-03-14 08:01:52'),(87,87,'Est fugiat sed ea iusto tenetur est. Provident soluta soluta occaecati ducimus quis in praesentium. Repellat voluptas eius cumque explicabo asperiores. Dolore nam labore perspiciatis.','1996-05-31 21:30:21','1993-04-08 06:33:55'),(88,88,'Fugiat temporibus nihil porro ea fugit est vitae. Blanditiis consequatur aut sed in. Eaque explicabo praesentium quasi commodi.','1982-06-18 01:17:22','1982-02-26 14:00:04'),(89,89,'Facere dolores ipsa quas consequatur similique pariatur. Necessitatibus nam facilis accusantium dolor. Rerum minus non rerum ullam earum ea. Fugiat rerum vitae veniam minus nihil aut et.','1987-04-03 07:24:58','1984-06-24 06:31:56'),(90,90,'Recusandae voluptatem et voluptatem nostrum tempore nisi quia. Dolor voluptatem quas a veniam omnis enim reiciendis consectetur. Accusantium sunt officiis amet quis.','2009-06-24 05:03:31','2001-09-04 18:07:37'),(91,91,'Dolorem maiores minus cum qui adipisci vitae. Odio consequatur est inventore neque rem sapiente. Quia quia labore eligendi et aut quia eaque est.','1986-06-08 12:47:42','1996-06-02 10:53:35'),(92,92,'Exercitationem dolor aspernatur voluptate placeat autem et. Odio dolor natus cupiditate velit enim. Dolorem perspiciatis velit sit porro aspernatur ab.','2003-08-22 08:03:02','2011-12-10 21:21:57'),(93,93,'Quod magni officiis magni et magni quia deserunt. Porro ad cum id error. Officiis perspiciatis voluptatum exercitationem tempora vitae.','1973-12-28 07:22:04','1990-07-12 11:50:43'),(94,94,'Voluptatem delectus officia qui distinctio odit ut occaecati. Vel ut est assumenda velit qui accusamus. Officiis et quasi occaecati porro.','2009-07-29 03:15:19','2011-08-20 21:45:16'),(95,95,'Saepe ut voluptate in laudantium dolore dolores quibusdam. Totam earum veniam amet quia. Ut cupiditate et eligendi laudantium quidem aut velit. Maiores nisi impedit aut aut sequi perspiciatis sed.','1971-10-24 00:32:52','2014-02-01 20:47:53'),(96,96,'Cumque dolore qui corrupti aut. Itaque qui eos aut et alias commodi et nostrum. Eaque nam velit nam minima voluptas. Magni iusto blanditiis nulla voluptatum fugiat aut voluptatem.','1989-03-03 09:43:31','2012-09-05 22:24:48'),(97,97,'Necessitatibus et est aliquam aut aliquid ut possimus. Molestiae enim quis voluptatem sint magnam.\nId soluta dolores enim est. Reiciendis sed hic ut laborum eveniet cupiditate.','1992-06-30 10:37:25','2016-12-07 20:47:13'),(98,98,'Ut necessitatibus sunt molestiae consectetur. Qui consequatur distinctio nihil. Asperiores dolorem consequatur harum. Veritatis minus odit sapiente eos enim dicta architecto dolorem.','1997-05-14 12:40:03','1983-11-29 18:29:12'),(99,99,'Possimus beatae magnam reprehenderit sint eaque hic est. Error non nam iste est consequuntur cumque nostrum. Illo dolore autem aut et. Mollitia est et et voluptatem quisquam autem eos.','2009-05-30 06:17:36','2009-12-04 20:48:33'),(100,100,'Qui voluptatem nostrum corporis et hic ipsam deleniti. Autem non beatae dolorem voluptatem quos. Omnis explicabo omnis molestias maxime.','2005-04-24 10:56:28','2006-05-07 12:54:21'),(101,101,'Ut ut possimus autem repudiandae. Laborum mollitia aliquid sunt explicabo distinctio nesciunt dolor. Voluptatem quisquam vitae numquam. Nam suscipit dolorem sint reiciendis voluptas reiciendis.','1981-03-18 22:36:28','1975-05-09 12:18:52'),(102,102,'Et eaque enim perspiciatis ea sed dolores earum. Maxime occaecati repellendus iure voluptas. Necessitatibus et deserunt exercitationem quia. Non voluptate quo voluptatum aut.','1989-08-24 08:28:14','1994-12-14 13:15:26'),(103,103,'Labore voluptatem doloremque veritatis labore rerum at maiores. Atque dolore vel qui sapiente et qui corporis non. Illum excepturi nobis quia tempore hic.','1986-01-26 09:11:39','2014-12-15 23:19:18'),(104,104,'Eveniet voluptas deleniti nostrum beatae recusandae blanditiis. Enim omnis qui in exercitationem. Itaque fugiat qui assumenda non rerum.','1991-06-04 21:02:54','1981-07-07 07:14:39'),(105,105,'Ratione provident sed repellendus architecto sint. Omnis corporis error a. Ab reprehenderit odit laboriosam doloribus aut nihil.','1985-05-31 01:55:09','1991-07-07 05:15:29'),(106,106,'Perspiciatis voluptatem optio est perspiciatis omnis deleniti. Deleniti odio laboriosam aliquid porro. Itaque sit ut et rerum.','2012-04-06 16:35:57','1983-12-02 02:13:09'),(107,107,'A nesciunt maiores consequatur. Dolor eius aut cum. Aut voluptas quos eligendi explicabo.','1989-02-09 07:30:05','1976-10-17 17:14:08'),(108,108,'Omnis et officia ut nobis reprehenderit sed. Quo vitae quas debitis iure quis. Et blanditiis eaque aspernatur rerum porro. Qui placeat eum voluptas dolorum magnam.','2001-07-03 03:28:11','2000-09-04 14:58:48'),(109,109,'Voluptates quia inventore officiis totam est. Et id aut omnis dolore ducimus. Aspernatur enim nemo aut ex.','1976-05-26 07:40:44','1996-03-16 10:02:22'),(110,110,'Quod totam sed facilis magnam est fugit hic ad. Doloremque et dolorem voluptatum provident doloremque animi praesentium aut. Asperiores odit quidem iure facere.','1974-04-02 08:07:30','2007-04-02 12:15:47'),(111,111,'In consequatur alias aspernatur temporibus esse. Nesciunt optio esse praesentium beatae sed. Quasi asperiores et error sed rem recusandae.','1982-10-16 02:28:55','1976-07-16 08:28:20'),(112,112,'Totam sint consectetur beatae nisi eum. Nostrum tenetur vel dolorem officiis quas sit. Ut deleniti sed fugit animi atque exercitationem.','1981-01-09 22:12:53','1981-07-27 13:11:18'),(113,113,'Mollitia assumenda vitae reiciendis in. Et aut beatae veniam aut quibusdam veritatis ut.','1983-10-01 05:21:11','2013-08-02 04:18:18'),(114,114,'Labore vitae eos sunt et. Voluptas aut cupiditate consequuntur magni aut. Omnis ex aut ea sit enim.','2014-08-14 19:55:55','1997-06-09 13:12:35'),(115,115,'Et cumque voluptatem tempora sequi hic vero consequatur. Sint sint aut ullam in est dicta quidem. Eligendi aut qui et aut.','1975-12-29 12:52:19','1974-08-19 13:15:02'),(116,116,'Dolores corrupti tempora harum ab et est ad. Est numquam sed in.','1971-03-05 03:16:03','1987-09-29 19:44:22'),(117,117,'Voluptatum illo qui explicabo tenetur. Dolorem dolores quod earum explicabo mollitia et excepturi. Ipsam vero necessitatibus nihil.','1998-10-24 03:36:18','1974-02-07 08:11:35'),(118,118,'Ut molestias impedit et iure dolor unde dolores. Id unde alias facere a nulla laborum. Et aut debitis quisquam. Fugit rerum sit saepe maxime modi qui fugit.','2001-07-14 16:53:33','2015-06-14 02:51:09'),(119,119,'Dolore dolorem voluptas praesentium porro totam aliquid facere. Asperiores et natus quis doloremque. Harum nulla accusantium qui accusamus qui qui.','1987-04-21 19:35:33','2006-02-03 21:45:27'),(120,120,'Deleniti impedit illum perspiciatis illum consequuntur quia. Ipsum modi vitae adipisci quam et. Hic quo rerum qui in sed vitae. Itaque mollitia eveniet molestiae. Dolores explicabo cum eum vel.','2003-07-25 07:30:54','2007-03-19 13:19:50'),(121,121,'Maiores adipisci necessitatibus ut omnis. Consequatur tempora voluptatem et et distinctio reprehenderit. Enim aperiam qui quia fuga. Incidunt sit nihil et nulla quae.','1994-05-01 01:38:24','1971-06-05 15:39:37'),(122,122,'Ut ut rerum eos vel. Consequatur voluptas laborum beatae cupiditate deserunt dicta sequi.','1997-06-01 21:52:30','1976-03-27 01:19:56'),(123,123,'Necessitatibus sit voluptas aliquid quia assumenda voluptas voluptas in. Quia id odio veritatis. Dolor tempore et voluptatem id.','2008-03-21 06:41:43','1976-03-27 17:35:11'),(124,124,'Similique minima optio corrupti nihil enim. Quis maiores laudantium ullam temporibus explicabo. Ducimus qui magnam id tempore et ut molestias.','1980-10-25 02:09:05','2014-12-19 09:42:07'),(125,125,'Nesciunt voluptatum enim ut et aut tempore ut. Est eos numquam sed reiciendis dicta. Tenetur sint id sit in eaque officia fugit.','1977-12-22 06:03:15','1985-01-06 10:30:50'),(126,126,'Voluptas odit corporis corrupti. Et inventore voluptates et voluptatibus necessitatibus. Eius tempore in qui.','2006-03-17 06:33:46','2001-04-07 23:33:18'),(127,127,'Corporis tempore qui aspernatur. Quos quibusdam dolorem nesciunt blanditiis et est et qui. Qui velit cupiditate similique assumenda maxime itaque.','1970-02-16 12:16:47','1978-10-31 12:22:01'),(128,128,'Quae consectetur voluptatem ut quo excepturi totam temporibus commodi. Illum sit optio consequatur vitae. Cumque deserunt voluptatem ut nobis molestias.','1973-10-12 10:46:04','1989-09-13 21:22:21'),(129,129,'Doloremque architecto quidem ex sit sint aspernatur. Consequuntur rerum enim vitae necessitatibus ex possimus. Cumque ipsam sit sunt quasi temporibus. Dolor dolore unde sunt ex qui dolor.','2010-11-11 04:02:16','1978-09-15 10:55:43'),(130,130,'Quia reiciendis architecto eligendi voluptatem at molestiae. Voluptate unde sed libero aut excepturi. Et laborum ut qui qui.','1970-07-23 02:29:31','1997-11-17 10:14:10'),(131,131,'Veniam sed harum quo similique modi. Ut exercitationem alias amet nemo illum cupiditate deserunt quia. Aliquam rerum consequuntur incidunt debitis aliquid.','1997-12-01 19:45:25','1992-10-04 01:08:34'),(132,132,'Qui rem quas omnis ut illum. Voluptate et dolorem et enim. Accusantium vitae corporis voluptas.','1974-03-10 03:43:20','2005-07-29 07:19:34'),(133,133,'Voluptatem officiis sunt temporibus fugiat omnis est ad. Et rerum alias omnis. Voluptatibus et tenetur repellat perferendis dolore et aperiam. Quasi voluptas architecto quo necessitatibus non.','1996-03-12 02:49:21','1976-09-27 08:16:43'),(134,134,'Vero dolores itaque distinctio. Tempora aut delectus occaecati iure qui non. Velit omnis non in tenetur alias praesentium nisi sed.','2001-07-23 07:51:50','2018-03-01 17:24:26'),(135,135,'Quis iste ut itaque quia quod. Ducimus libero vel quasi. Voluptas vel recusandae voluptatibus eum aliquam.','2020-04-11 08:30:35','1986-09-30 02:30:53'),(136,136,'Voluptatibus architecto et dolores ratione in. Aperiam quasi ipsa possimus et eum.','2003-01-08 09:55:52','1980-04-20 21:58:44'),(137,137,'Nesciunt praesentium sequi voluptas in itaque iure itaque. Totam ratione possimus debitis ratione eos eius. Aut rerum et repellat tenetur consequatur.','1983-05-25 18:21:43','1988-03-13 10:50:50'),(138,138,'Esse saepe voluptas quis voluptate doloribus. Sequi facere aperiam explicabo iure unde. At rerum asperiores quam libero.','2019-04-11 00:05:46','2010-12-05 13:23:38'),(139,139,'Voluptatem et omnis minus nemo praesentium non quis. Suscipit rerum perspiciatis atque recusandae ut nesciunt. Optio praesentium commodi ex alias mollitia.','2017-10-24 07:20:22','2017-12-19 11:10:29'),(140,140,'Non sequi omnis veritatis provident a. Omnis sequi aut odit dolores. Ratione deserunt sed rerum ipsum.','1984-02-13 04:31:47','2001-04-23 10:44:28'),(141,141,'Nam pariatur ea suscipit cupiditate vero in dolores. Ut illum molestiae distinctio. Fugit dolore ratione occaecati unde dolorum provident qui corrupti.','1977-02-18 12:31:29','2014-01-20 16:17:41'),(142,142,'Sapiente assumenda natus est dolor nam recusandae. Voluptas voluptas dolore et repellendus. Quae natus aut similique voluptatum blanditiis in quisquam. Atque magnam et est quo.','2001-11-15 03:37:56','1992-10-19 17:12:44'),(143,143,'Eligendi labore sit ut mollitia. Nesciunt labore officiis deserunt rem. Soluta expedita delectus temporibus doloremque velit. Aut sint enim beatae nostrum nam consequatur.','1970-02-07 07:26:42','1996-12-04 21:09:20'),(144,144,'Qui architecto et qui possimus repellendus ut dolorem. Praesentium quis earum molestiae. Ducimus sit optio culpa incidunt nihil. Et nobis aperiam vitae earum rerum consequatur alias ea.','1990-07-09 14:26:01','1998-03-02 12:50:26'),(145,145,'Aperiam est reiciendis numquam asperiores assumenda. Eius est quis sapiente dolor veniam soluta amet. Placeat quia autem ut minus ut aliquam rem. Iusto qui dolorem dignissimos.','1986-09-11 14:31:50','2005-03-11 23:12:06'),(146,146,'Voluptatem quas quibusdam eum ea sit. Modi delectus distinctio corporis. Doloremque quis assumenda ut doloribus ullam.\nOfficiis quia et in at iste illo. Suscipit assumenda optio dolorem id cumque et.','1999-02-28 15:19:10','1994-01-31 05:04:18'),(147,147,'Ut reprehenderit fugit enim ut dolorem dolor et mollitia. Ab mollitia ducimus id consequatur. Qui sit aut qui illum.','1982-03-07 22:13:09','2007-02-16 03:50:05'),(148,148,'Pariatur nam facere eaque in rerum rerum. Et iste earum quidem totam illum architecto. Maxime consequatur laborum aut qui reiciendis perferendis.','2014-04-17 01:28:21','2011-06-19 03:38:52'),(149,149,'Odio fuga magnam sit dolores iste quidem. Minus pariatur id dolorem earum et rem natus.','1981-03-19 04:51:46','2003-05-08 08:35:09'),(150,150,'Voluptatibus accusantium soluta natus sit. Inventore sint sed excepturi et. Voluptatem expedita ipsum optio fuga fugit provident. Vel et ut laudantium deleniti aliquid et perspiciatis eos.','2019-04-18 11:54:35','1970-11-22 19:57:40'),(151,151,'Distinctio et ut sint nesciunt non rerum. Vel tempore error accusantium vel dolorum.','1979-01-09 06:13:36','1972-05-13 18:32:05'),(152,152,'Nisi maiores doloribus molestias aperiam neque maiores rem in. Cum ut aliquid qui molestiae. Impedit vitae totam temporibus nihil quo sunt. Nobis ut vitae in odit in totam commodi.','1986-09-28 04:15:39','1987-05-04 16:44:53'),(153,153,'Consequatur quidem possimus quam quasi voluptatem tempora deserunt vel. Aut rem reiciendis architecto consequatur.','1987-03-01 21:57:25','2003-10-13 03:15:38'),(154,154,'Magnam accusantium iste voluptatem. Ducimus ad a aut dolorum voluptas sit dolores. Magni voluptatem natus nisi. Soluta ut eius id ut magnam tempore.','1982-05-13 08:38:16','1989-05-06 17:39:25'),(155,155,'Aperiam temporibus et mollitia sint architecto repudiandae. Et eum perferendis et qui quam sit. Maiores nam esse adipisci cupiditate perspiciatis qui et.','2017-02-08 12:37:15','2001-06-01 13:02:48'),(156,156,'Debitis vel qui nulla quis excepturi vel. Magni ratione recusandae necessitatibus quis porro nam. Ut a modi rerum porro.','1984-04-08 23:22:15','2005-12-24 23:29:07'),(157,157,'Possimus ea non ratione possimus sed aut. Sit ab aliquam doloremque velit. Voluptatem veniam et maxime accusamus. Possimus eius distinctio id est eius quia.','1991-06-13 02:46:03','2003-09-23 00:39:37'),(158,158,'Vel omnis quos et voluptas. Sed rerum eum id laborum libero est in. Sed voluptatem error doloribus magni ratione sequi.','1972-08-13 09:31:57','2017-07-06 14:55:30'),(159,159,'Explicabo et labore distinctio laborum beatae. Hic voluptatem aperiam esse quae. Porro eius quod voluptatum animi sunt provident possimus sint.','2012-11-24 13:52:12','1998-01-14 17:28:06'),(160,160,'Non aspernatur perspiciatis ratione soluta recusandae. Aperiam voluptatem similique suscipit cum. Ex quisquam ullam voluptas et alias cum necessitatibus. Nemo voluptas quibusdam ab commodi quas.','1993-02-01 05:54:30','1981-02-19 09:17:00'),(161,161,'Corporis aut sit nulla dolores omnis magni et. Possimus soluta saepe facere omnis est similique. Temporibus nulla et explicabo.','2003-06-20 13:40:23','1975-02-24 09:22:55'),(162,162,'Vel ducimus repellat dolores alias sequi error qui. Unde et accusamus repellat necessitatibus aut illo et. Mollitia quidem adipisci velit fugit maxime.','2005-03-02 21:35:53','1970-12-17 06:36:39'),(163,163,'Repudiandae ab vel eum consequatur. Omnis itaque provident voluptatem natus in consequatur et.','2003-06-02 19:33:47','1994-12-25 11:04:57'),(164,164,'Saepe quaerat in occaecati natus. Sed non fugit molestiae eum. Quidem hic ut vitae enim.','1987-10-03 18:57:51','2003-09-09 22:28:32'),(165,165,'Consequatur rerum et temporibus nemo recusandae. Distinctio et accusamus hic voluptatem sint quam. Maiores corporis perspiciatis vel amet perspiciatis assumenda.','2007-01-15 20:53:43','2004-10-30 06:50:14'),(166,166,'Pariatur necessitatibus debitis et quia. Molestiae aut omnis dolor illum provident. Eveniet rem explicabo rerum impedit dolorem perferendis recusandae. Non numquam quisquam ut quia quis et sapiente.','2017-08-12 00:00:00','2008-12-03 21:32:05'),(167,167,'Inventore quos voluptatem saepe et cum ut omnis dolores. Blanditiis vel est voluptas illo accusamus alias.','1972-01-10 09:33:19','1980-04-28 04:49:58'),(168,168,'Eum sunt temporibus in. Velit odit enim quibusdam eveniet consequatur dolores eveniet. Necessitatibus voluptas fugiat nihil pariatur minus harum et.','2003-05-31 23:03:57','1977-07-06 14:44:31'),(169,169,'Omnis inventore nobis repellendus veritatis nihil quibusdam. Et ea aliquam omnis modi in. Repellat est eligendi qui necessitatibus velit.','1976-07-21 00:53:39','1987-03-16 08:53:45'),(170,170,'Dolorum enim facilis repellat quasi. Iste voluptas exercitationem consequatur nisi occaecati.\nEnim quibusdam voluptatem et. Eius possimus sunt omnis dolor. Dolorem ea omnis vero dolore optio.','2018-07-05 16:05:10','2000-11-01 07:03:39'),(171,171,'Dolorum sint voluptates qui et rem voluptatem. Nostrum unde et placeat quos fuga ducimus inventore. Non vel veniam ipsam cupiditate nisi.','1991-08-12 14:39:56','2008-06-24 00:47:09'),(172,172,'Eveniet et quae mollitia et. Consectetur voluptas optio enim atque deserunt sed. Enim consectetur qui nulla rerum. Non doloremque et expedita est et et voluptatem.','1972-11-17 20:03:16','2020-09-02 14:36:37'),(173,173,'Veniam dicta repellat quo id nihil. Tempore omnis consequatur et vel minima sunt. Rerum dicta quia voluptatem nostrum et atque.','1977-06-01 03:22:20','1998-08-18 13:01:39'),(174,174,'Rem similique ipsa rem fugiat minima. Quia aut laboriosam ea repudiandae esse. Ut et sint odit illo adipisci sint porro.','1997-07-13 14:58:43','1996-12-03 17:19:57'),(175,175,'Molestiae aut ad sit molestiae est fugiat ratione possimus. Et vel est qui non. Voluptates quia itaque quisquam. Nobis voluptas placeat corporis assumenda ad et facilis.','2003-04-14 20:28:16','2011-08-21 03:13:42'),(176,176,'Ut accusantium omnis et eos. Sit earum incidunt eius voluptates adipisci omnis officia. Non sed repellendus nemo earum necessitatibus accusantium atque et. Tempora sit tempore ullam labore at non.','1988-04-24 14:07:51','1980-06-11 14:15:57'),(177,177,'Quasi eum autem qui. Quis animi alias omnis laborum praesentium. Et quasi et est assumenda vitae.','2019-09-04 18:17:31','2017-01-21 08:02:01'),(178,178,'Possimus qui nihil beatae enim cum. Libero dolorem sit molestias animi exercitationem. Sed iusto dolorem eum et. Odit voluptatibus repudiandae quia.','1998-11-17 07:55:55','2008-12-17 21:28:29'),(179,179,'Qui laborum occaecati iste a qui magnam sunt. Minima tempora ut voluptatum laudantium sint. Quae recusandae perferendis eos est sequi ut.','2014-05-03 16:05:42','1994-10-18 20:14:35'),(180,180,'Et rerum omnis sunt. Sint corrupti odit sed. Molestias totam fuga dolorem cupiditate consequatur non quae possimus.','2020-07-09 02:03:31','1973-11-12 09:56:04'),(181,181,'Commodi et recusandae rerum et. Minima tempora eligendi non ut.\nVelit est non et sed. Ab et tempora laborum enim est numquam. Iusto aut eum voluptatem.','1976-08-06 16:13:57','2015-06-10 23:38:25'),(182,182,'Dolor natus fugit ut sit deserunt. Laudantium id id est reiciendis fugiat et magnam.','2000-02-17 01:31:55','1994-12-01 19:02:40'),(183,183,'Quo ab maiores nobis quibusdam. Eos qui unde nobis incidunt. Corrupti qui magni odit eum et.','2000-11-23 16:35:38','1998-11-13 20:00:52'),(184,184,'Maxime at blanditiis animi. Molestias facere vel quos est sapiente aut. Autem nihil commodi eveniet. Voluptatum molestias hic culpa omnis.','2004-03-30 15:49:31','1995-12-08 09:08:47'),(185,185,'Cumque sed delectus dolor et. Nihil molestias non magnam et. Officiis molestias recusandae debitis in rerum.','2018-08-14 06:34:18','2003-07-10 19:53:10'),(186,186,'Quisquam enim exercitationem perspiciatis praesentium. Voluptas nulla eveniet corrupti et ut.','1979-09-11 13:55:36','2003-09-09 05:33:33'),(187,187,'Rerum culpa quisquam error. Molestiae nam quasi maxime. Aut eos deleniti ea dolorum sapiente quam. Itaque ullam consequatur quisquam vero.','1978-02-09 02:58:38','1994-06-12 12:26:50'),(188,188,'Vel odio totam quasi consectetur architecto. Enim dolores voluptatum est possimus consectetur. Numquam quasi ullam optio.','1989-07-23 21:28:17','1987-06-08 06:26:05'),(189,189,'Ratione reprehenderit culpa id voluptas pariatur autem qui culpa. Qui qui modi earum ullam doloremque. Ratione placeat reiciendis ad saepe qui voluptatem nobis.','1977-03-07 12:58:18','1984-04-04 13:47:48'),(190,190,'Non quia eaque qui qui natus consequatur dolorem. Quia eum aspernatur pariatur alias sit aut. Nesciunt ut qui vero quo. Quos ipsa aliquam tempora.','1997-01-06 16:51:40','1990-09-09 11:43:35'),(191,191,'Consectetur nemo assumenda veniam earum et sunt. Dolorem commodi atque eveniet odit autem quibusdam. Aut molestiae quis nisi aut quis voluptatum. Neque aliquam minima maxime quasi quas veritatis.','1979-08-10 03:53:52','1970-04-21 09:37:27'),(192,192,'Quia voluptas assumenda nesciunt similique. Ipsum qui quam consequatur voluptatum cum. Quo voluptatem labore omnis aspernatur aut aut eius. Natus est magni quaerat hic quo cumque provident.','2003-08-06 19:30:57','1992-11-09 15:15:46'),(193,193,'Eaque delectus magni nesciunt qui sunt. Sunt et et laborum qui nemo ex. Magni qui odio qui nulla.','2001-01-26 21:46:56','1998-05-02 04:51:11'),(194,194,'Quis repudiandae qui accusantium nesciunt. Et iusto aut similique repudiandae quam. Nihil voluptate quia deleniti atque consequuntur ut ut quisquam.','1970-10-02 22:19:09','2003-11-06 21:59:37'),(195,195,'Harum consequatur rerum odit. Consequatur animi magni in qui exercitationem. Omnis ab nemo adipisci omnis beatae qui saepe.','2016-08-15 00:50:40','2012-04-24 11:04:56'),(196,196,'Maxime corrupti voluptatem qui. Inventore quis beatae omnis quia dolore suscipit est. Id autem ipsa nisi. Commodi sunt sed qui error autem ut.','1984-06-15 19:33:54','1997-10-14 14:10:28'),(197,197,'Et id et non et id omnis inventore. Quia eum voluptatibus minus atque. Adipisci saepe placeat optio nam. Harum veniam consequatur commodi ut et dolorum.','2017-08-22 03:50:26','1994-02-20 22:03:33'),(198,198,'Commodi soluta est dicta ullam dolore. Et repellat molestiae et aliquam maxime fuga alias.','2007-11-28 05:37:04','1997-05-19 06:37:15'),(199,199,'Aut ipsam aperiam qui voluptatem delectus veritatis. Ut maiores et ut beatae. Nostrum soluta unde veritatis facilis in eos beatae.','1971-11-07 20:32:02','2014-05-15 06:17:58'),(200,200,'Beatae incidunt corporis vel rerum saepe architecto tempore. Omnis repellat sint laborum aut magni optio modi. Dolores cumque tempore nesciunt beatae.','1972-08-02 01:36:44','2006-06-22 00:17:42'),(201,201,'Officiis ea quidem et illo similique qui autem. Velit vel nam ullam tempora dolor aut ut. Iure labore omnis consequuntur numquam minima repudiandae sed. Repellat vitae cumque dolor accusamus et.','2019-05-16 18:40:58','1991-04-12 21:59:07'),(202,202,'Cupiditate quae a qui ipsa quia qui. Est aliquam animi explicabo ipsam tenetur et officiis. Hic magnam ducimus minus provident est explicabo.','1995-06-19 17:12:58','1971-09-23 05:13:53'),(203,203,'Modi sint sunt nulla ut. Voluptas dignissimos reprehenderit earum ducimus. Veniam iure est deleniti occaecati cupiditate.','1994-05-20 12:32:43','2002-08-06 03:26:41'),(204,204,'Minus nemo at vitae officia. Non ut dolore voluptatem quod accusamus. Voluptatum sint iste doloremque dolor et quia eos nihil.','1985-08-04 03:33:13','2008-05-15 12:07:07'),(205,205,'Tempora odit illum nesciunt labore. Aut repudiandae nostrum repellat rerum. Totam vel maiores laudantium sunt cum vero sunt similique. Qui beatae est excepturi magnam consequatur provident.','1979-12-26 18:52:47','2006-10-06 18:25:59'),(206,206,'Quia praesentium quis et autem. Reprehenderit porro reprehenderit ab ut quae velit. Rem consequatur illo itaque atque voluptates voluptas excepturi.','1987-12-21 23:00:45','2002-03-18 03:18:35'),(207,207,'Consequuntur et aut excepturi. Veritatis consectetur necessitatibus consectetur voluptatem excepturi reprehenderit at. Nobis ut officia dolor.','1999-01-06 02:35:51','2000-11-11 23:18:19'),(208,208,'Velit sed ut qui rem odio ab est. In quia temporibus temporibus hic. Doloremque voluptatem reiciendis voluptate veniam qui. Laborum dolores aliquid alias fugit non dignissimos ea nostrum.','1977-10-31 04:21:21','2005-04-10 16:12:44'),(209,209,'Quia voluptas voluptas eos ea id. Nobis voluptatem voluptatem inventore vel. Perspiciatis sint optio cumque unde illum adipisci.','2016-09-07 19:34:59','1972-06-21 03:04:24'),(210,210,'Et deserunt quo quos aut cum numquam. Minus rerum minus corrupti aut in quis magni. Ipsa neque necessitatibus porro perferendis et sit illum ullam. Magnam architecto consequatur est tempora et.','2017-07-10 08:32:12','1982-10-24 14:40:14'),(211,211,'Harum provident iusto reprehenderit est. Officiis voluptate ea neque in voluptas quas nam. Perferendis aut dolores suscipit molestiae. Deleniti aut velit qui dolor.','2020-09-05 05:06:27','1995-09-06 06:55:13'),(212,212,'Excepturi fugit ipsa harum aliquid natus et cupiditate. Ad ex sapiente itaque laboriosam earum est ullam. Eos sequi est id et est ipsum quos.','2002-07-30 18:32:13','1999-11-16 10:45:41'),(213,213,'Voluptatum quo quis voluptatibus nesciunt deserunt assumenda quo laboriosam. Doloremque iusto nihil alias suscipit cumque architecto. Omnis quo et asperiores. Accusamus aperiam ea rem dolorem.','2016-09-06 15:01:56','1982-08-30 12:36:38'),(214,214,'Laborum est illum similique fugit. Officiis dolorum odit a harum. Sed ea aut iusto dolorum facere quam tempore.','2010-08-15 17:19:59','2015-04-30 21:48:01'),(215,215,'Labore minus voluptatem exercitationem aut quia quam quo. Corporis sed aut porro quisquam et. Consequuntur omnis omnis voluptas assumenda aut inventore.','2001-08-10 19:03:31','1999-02-07 21:56:03'),(216,216,'Et eum quia mollitia inventore iusto et. Rem quos est accusamus. Numquam minima numquam repudiandae deleniti omnis mollitia sint. Officia enim nisi consectetur sapiente pariatur.','2003-05-25 03:14:51','2006-03-01 04:31:53'),(217,217,'Quia ad impedit et sequi. Molestiae nam et enim. Neque sit ut porro asperiores aut illo.','1986-05-07 17:23:04','2014-01-24 02:38:48'),(218,218,'Repellat voluptatem perspiciatis vero velit temporibus maiores minima. Aliquid dignissimos animi et in.','1998-12-16 04:50:07','2011-11-01 07:47:14'),(219,219,'Deleniti aut facilis et veritatis cum a quasi sit. Quis doloremque ut et. Ut perspiciatis non nisi quis dolorum aut.','1991-06-24 18:56:04','2013-12-27 09:29:35'),(220,220,'Totam asperiores voluptatibus iure nemo. Animi iste nam quibusdam eveniet et dicta quis ducimus. Modi recusandae odit impedit voluptas quis.','2003-09-15 10:05:32','2009-01-20 18:26:13'),(221,221,'Explicabo facilis eaque eos et rerum ipsum sint. Consectetur omnis aut at dolor rem. Officiis optio laborum incidunt adipisci dolor.','1992-10-10 12:29:15','1983-06-25 10:00:33'),(222,222,'Ut sit repellat inventore necessitatibus sunt. Et sunt eaque quasi. Amet atque omnis vitae. Corrupti quia est quod voluptatem temporibus error amet minima.','1979-10-03 14:40:23','1992-04-12 19:14:46'),(223,223,'Eveniet dolorem quos distinctio distinctio libero. Consequatur natus corrupti modi doloremque culpa. Amet aut id commodi repellat voluptatem. Deserunt cumque quia necessitatibus amet qui aut.','2015-11-20 14:52:10','1972-04-07 10:29:22'),(224,224,'Enim ab et quis tempora voluptate natus dolore. Magnam exercitationem voluptatem quisquam possimus. Rem fuga est modi laborum est. Perferendis doloremque sit magni odio.','1971-08-04 10:27:29','2005-11-27 04:06:21'),(225,225,'Earum eveniet praesentium neque ut sit totam unde. Voluptatibus aut tenetur est numquam maiores quaerat illo. Consequatur minima ullam atque. Ut autem quaerat minus rerum.','2017-08-26 20:30:12','1984-12-31 00:34:31'),(226,226,'Temporibus in fugit dolore occaecati similique. Eum fuga omnis porro nulla. Ea hic voluptatibus cupiditate non vel sint. Odit fugiat ipsum vero veritatis atque.','1993-12-03 18:15:37','1981-01-14 08:22:21'),(227,227,'Aut fugiat molestiae reiciendis voluptatem harum accusantium. Quae modi aliquid rerum vitae voluptatem nisi. Error soluta non quaerat quia.','2002-12-02 04:01:32','2010-03-05 09:24:50'),(228,228,'Beatae neque recusandae rerum beatae nam. Excepturi consequatur veniam nihil sit maiores enim. Consequatur est voluptatem distinctio minus.','1996-10-19 01:15:06','2009-12-06 05:13:32'),(229,229,'Officiis veniam eos sed impedit aperiam. Fugit ipsa exercitationem deserunt et repellendus dolor. Voluptatibus consequatur ex et odio aut voluptatem. Ut repellendus voluptas voluptates.','1996-02-16 21:41:29','1978-11-16 02:50:27'),(230,230,'Suscipit incidunt qui sequi et. Aut id earum praesentium autem nihil. Consequatur temporibus id quisquam sint similique est.','1998-09-30 22:34:06','2016-08-30 13:13:00'),(231,231,'Expedita non voluptatem laudantium cumque aliquid quod. Et doloremque quibusdam pariatur dolorem unde consequatur quia. Voluptas aut rerum tempore.','2006-08-17 03:40:12','1973-08-19 15:45:25'),(232,232,'Consequatur ab rerum modi quod animi. Totam non nemo ut reiciendis magnam odio. Ea modi facere quasi vitae necessitatibus est fugit expedita.','1974-12-31 03:21:35','1989-08-28 02:02:51'),(233,233,'Commodi aut a amet molestiae occaecati sequi sed. Architecto et aut temporibus unde deserunt magni unde. Perferendis sed eligendi voluptate voluptas. Dolore necessitatibus saepe fugit vel.','1989-05-06 18:18:22','2021-02-25 21:23:17'),(234,234,'Tempora modi aut amet. Aliquam repudiandae veniam nulla corrupti blanditiis nisi sunt. Quia placeat veritatis nostrum sit rerum necessitatibus.','1983-07-08 15:58:25','1998-05-23 01:43:52'),(235,235,'Possimus animi sed ex quod. Iusto et saepe voluptates. Debitis possimus deleniti nemo dolor itaque ab voluptatum. Iusto et fugiat nihil unde qui in unde.','2004-07-04 06:20:51','1990-06-23 18:06:26'),(236,236,'Qui aut necessitatibus eaque explicabo vero doloribus magni. Et sequi adipisci ut dolorum dolorum et in. Vero sapiente esse nihil omnis aut quisquam maxime.','1978-06-18 01:45:28','2017-11-08 09:33:13'),(237,237,'Consectetur sed ut quia nemo ea qui. Repellendus dolorum vero dolorem quisquam qui illo voluptates. Aliquam commodi quibusdam amet quia rem ut. Reiciendis hic incidunt mollitia.','1993-12-20 16:27:15','2009-03-09 15:20:21'),(238,238,'Ex et quasi optio labore. Fugiat omnis nisi enim quia dicta exercitationem. Et perspiciatis et maxime enim nemo.','2015-11-09 04:18:49','1986-06-26 21:39:30'),(239,239,'Inventore est dolorem sit dolore. Maxime ipsa minus ipsa dolorum autem eius aperiam. Impedit consequatur aut placeat ut sint.','1987-10-20 12:19:33','1987-10-05 09:33:45'),(240,240,'Veniam corrupti consequatur laboriosam. Amet est iure neque nobis temporibus. Soluta modi quis et ducimus facere provident aspernatur. Id corrupti sequi quasi sit.','1998-09-30 03:04:31','1987-01-04 06:17:50'),(241,241,'Id labore autem ad non facere ad reiciendis. Non eveniet laboriosam unde repellat praesentium et. Suscipit esse quia dolore sint ratione consequatur facilis.','1991-03-11 16:22:02','2011-03-07 10:57:52'),(242,242,'Corporis magni adipisci cum et nemo est. Magni facilis in aliquam vel ea aut inventore. Hic saepe quasi aut cum. Velit eum nesciunt assumenda eos et et qui.','2005-04-16 12:53:54','2000-12-26 13:10:20'),(243,243,'Harum qui qui libero voluptatibus molestiae. Vel laborum delectus nam pariatur dicta nam nostrum. Voluptas quisquam tempore laudantium eos.','1998-11-21 02:23:32','1979-08-21 14:50:32'),(244,244,'Consequatur at expedita ut in doloremque. Nisi ullam modi officia sit et eaque. Aspernatur tenetur cumque sunt quam ipsum et.','1971-05-03 23:03:22','2018-10-17 04:43:17'),(245,245,'Quisquam autem quam debitis cum facere reprehenderit. Qui iusto et voluptatum sapiente vero cupiditate earum aperiam.\nNon non provident ut aliquam non. Consectetur praesentium ut molestiae.','2006-04-07 19:24:43','1982-11-14 00:18:01'),(246,246,'Id sequi voluptatem nobis doloribus vel praesentium pariatur. Sit aliquam omnis vel ex. Aut et nobis quaerat nihil voluptas sunt totam.','2005-07-17 04:57:51','1977-01-15 12:32:00'),(247,247,'Aut quod commodi quia dignissimos eum error pariatur eaque. Error quis in aliquid quo quae est dolorum. Id necessitatibus beatae ipsam quasi nobis eos harum. Natus corporis debitis ducimus.','2000-05-26 21:22:40','1986-05-09 00:01:44'),(248,248,'Molestias id doloremque magnam eaque aliquam ut. Optio sit et blanditiis ut sed rem sapiente sapiente. Consequatur maiores necessitatibus molestiae aliquam.','2013-01-01 11:16:29','1993-04-24 19:18:52'),(249,249,'Numquam optio molestias qui sint. Sed molestias est alias laboriosam magni doloribus corporis. Consectetur id laboriosam quam eum nemo at.','1975-10-26 23:58:12','1994-09-12 23:32:23'),(250,250,'Voluptas odio similique labore ut suscipit. Consequatur accusantium tempora sed inventore adipisci. Labore et vel at minus. Adipisci nesciunt consectetur tempore odio.','1997-12-12 03:23:52','2008-04-09 07:25:09'),(251,251,'Consequatur optio quis natus. Eveniet eaque ut magnam ipsa vero reprehenderit aut. Et a quibusdam minima labore. Autem nobis reiciendis excepturi velit suscipit officia.','1978-03-15 23:30:37','1984-07-28 00:25:31'),(252,252,'Fugiat quia accusantium laboriosam nulla. Ut nihil quo enim unde quia. Maxime amet eum deleniti eligendi. Aut nisi nostrum earum vero dolorem excepturi sint.','1999-07-27 15:36:31','1988-07-22 05:32:25'),(253,253,'Mollitia id repellat voluptates iste et et. Officia consequatur est consequatur ut quisquam sapiente qui nobis. Molestiae incidunt explicabo facilis.','1976-06-02 00:32:31','1993-03-26 02:42:58'),(254,254,'Possimus non est recusandae ipsa eveniet. Distinctio in amet et perferendis enim quisquam. Itaque rerum quod facere aut consequatur similique.','2007-09-22 10:07:57','1998-10-31 04:14:30'),(255,255,'Architecto nam magnam reiciendis cumque numquam expedita. Occaecati optio autem et nisi est. Debitis cum nam aut magni doloribus at aut. Unde vero iste et et exercitationem.','1988-06-17 10:15:58','2001-07-23 21:19:49'),(256,256,'Quia aut aut est consequuntur officia est. Perspiciatis perferendis dolorem ab temporibus. Ipsum aliquid ut magni officiis magnam quidem. Eius impedit itaque qui sint distinctio praesentium.','1971-01-26 05:10:51','2001-05-30 20:18:16'),(257,257,'Aut occaecati deleniti iste sint. Aliquam voluptate amet aspernatur et in. Debitis et odio incidunt.','2011-02-15 19:14:59','1979-12-03 20:02:07'),(258,258,'Molestiae eos molestiae sit quod doloribus. Culpa nihil quia aut. Et voluptas commodi assumenda maiores et qui voluptatem quisquam.','2018-08-04 01:59:55','2014-11-02 03:28:03'),(259,259,'Reiciendis aspernatur ut dolorum hic velit. Ad deserunt amet sint cum eos qui vero. Laboriosam voluptate sed repellendus a beatae ut fuga.','1974-05-06 01:45:51','2002-05-08 18:31:48'),(260,260,'Alias vero cumque magni iure sunt eos temporibus. Reprehenderit esse quis vitae ut. Et saepe omnis quia aliquid. Veritatis incidunt ut reprehenderit in molestias. Iste vel possimus cum cum et.','1978-03-07 13:32:50','1987-04-17 07:28:03'),(261,261,'Dolorem exercitationem aut eum mollitia quo tempore. Numquam fuga est distinctio doloremque nostrum. Ut distinctio quae itaque laudantium ratione ea error sapiente.','2014-12-16 10:41:04','1971-11-13 18:43:29'),(262,262,'Recusandae exercitationem voluptatem dolorum quod tenetur. Laboriosam eos ut consequuntur. Id nostrum ipsam illo ex beatae sunt. Rerum illum ut deleniti.','1984-10-03 21:59:34','1991-07-08 15:59:29'),(263,263,'Delectus voluptas eaque consectetur. Cupiditate ut est numquam est. Quae vel adipisci cupiditate ex sunt voluptas repudiandae. Dignissimos atque ut et velit dicta dolor facere.','2003-03-01 10:32:10','2011-07-16 19:21:11'),(264,264,'Optio qui sint necessitatibus consequatur. Non et enim recusandae et dolor aut unde. Quidem rerum vel vitae nam mollitia debitis.','1989-02-25 04:05:12','1978-05-12 18:02:57'),(265,265,'Cum non rerum modi sit consequuntur sed. Ut dolorem quia itaque vel et. Voluptas dolorem nihil veritatis commodi autem quia sapiente. Modi porro maiores corrupti perferendis omnis qui adipisci.','2010-02-03 04:46:22','1997-02-23 14:45:49'),(266,266,'Nostrum ab quibusdam laborum sint. Vero voluptas necessitatibus perspiciatis eveniet placeat. Voluptatem dolorem blanditiis numquam qui autem quia.','2009-06-21 20:21:06','1974-04-10 19:14:50'),(267,267,'Qui ea iure deleniti doloremque cumque ipsam velit. Sed fuga praesentium odio voluptatem veritatis. Odio dolore qui ut officia repellat.','1973-05-17 13:52:30','1980-09-06 02:27:34'),(268,268,'Dolor officia qui et sit veritatis harum. Harum maxime laudantium sed sunt veritatis saepe. Voluptas dolor deserunt reprehenderit sed quibusdam. Voluptatem ad nam est alias et ipsa fugiat.','2012-10-09 21:41:52','2001-06-21 13:33:44'),(269,269,'In aliquam aut nam numquam cupiditate quis aut. Rerum fugit saepe consequatur. Dolores quo quis inventore ullam molestiae est rem velit. Explicabo nisi voluptates nostrum qui laboriosam.','2020-04-11 02:08:38','2015-10-24 12:43:54'),(270,270,'Dolores hic et ab quia itaque totam. Accusamus aut veniam rerum quam qui omnis. Explicabo tenetur aut fuga in ipsam non velit et. Quaerat qui molestias nostrum ut ea laboriosam ea.','1979-10-13 15:03:43','1980-08-03 23:29:07'),(271,271,'Quos deleniti id ea ut. Quisquam id eius ut maiores eveniet reprehenderit deleniti. Eum commodi porro molestiae odio autem minus est.','2000-05-11 16:14:42','2018-07-21 03:29:52'),(272,272,'Consequatur quod rerum dolorum. Perferendis ut porro enim similique alias.','1989-06-24 05:28:15','1987-02-10 09:10:19'),(273,273,'Hic possimus fugit ut tempore dolor. Ab quam ea id nulla consequatur molestiae voluptatem. Distinctio aspernatur cumque et ut. Placeat est enim necessitatibus eveniet fugit dolore amet.','1971-11-06 05:16:22','1974-08-30 11:13:04'),(274,274,'Incidunt dolorem possimus delectus. Asperiores et pariatur enim reiciendis voluptate corrupti quis. Voluptatem autem aut iste necessitatibus.','2002-01-31 08:10:40','2014-06-27 13:03:47'),(275,275,'Adipisci molestiae in sed ipsum. Assumenda ratione repellendus sunt facilis. Excepturi ea qui blanditiis similique.','2006-11-03 22:59:46','1989-08-17 22:14:20'),(276,276,'Itaque dolorum velit quaerat molestiae praesentium rerum. Quis voluptates debitis odit ullam et. Quo corrupti et et in accusamus eveniet odit. Inventore sunt nesciunt explicabo culpa.','1985-01-11 06:26:11','1990-02-04 00:50:10'),(277,277,'Exercitationem qui iste alias. Deleniti labore minima labore hic. Sed qui quo magni eveniet odio ut voluptate. Qui a error dignissimos accusamus.','2009-10-31 22:21:51','1976-10-15 17:28:48'),(278,278,'Blanditiis aperiam dignissimos consequatur et dolorem nemo deleniti. Accusantium tempora et quam nihil eos error. Incidunt consequatur non voluptatum eius. Atque modi totam et dolore magnam est.','2005-03-18 09:54:35','2011-01-15 19:41:42'),(279,279,'Libero expedita occaecati enim accusantium et culpa. Dolorem sit odio laudantium excepturi incidunt. Quos labore officia quae dolores eligendi quia.','2003-11-05 17:03:32','1979-06-13 18:53:14'),(280,280,'Labore ipsum in ipsum alias nostrum maxime. Pariatur est ut reprehenderit provident minus ut sequi. In incidunt voluptatibus dolores.','1992-04-15 13:43:31','1991-06-07 12:14:34'),(281,281,'Nulla eum quibusdam harum dolores fugit. Aut eius qui quis eius est. Esse iste et ea voluptatem. Iusto et minus nihil nemo.','1987-08-17 21:41:31','1993-10-19 17:21:08'),(282,282,'Ut eaque voluptatem odio est aut temporibus. Architecto voluptatem saepe tenetur eum itaque rem. Et dolores quis a error.','1979-06-28 05:08:37','1988-02-16 17:00:45'),(283,283,'Dolorem ut rerum molestias ab exercitationem porro. Eum harum sit aut quis. Provident cum nobis ullam. Quod velit modi maiores. Nulla commodi tempora sint nihil.','2016-03-02 09:36:09','1978-10-04 18:51:01'),(284,284,'Provident beatae consequatur quos facere sed quia voluptate. Consectetur consequatur id molestias debitis ut corrupti. Facilis voluptas excepturi et corrupti dolorum.','1983-09-06 10:40:06','2007-06-11 23:34:20'),(285,285,'Qui itaque voluptatem eaque enim voluptatum ea molestias. Recusandae corporis dignissimos cupiditate ut ducimus quibusdam. Optio cupiditate qui ea.','2006-02-04 14:21:04','2009-09-22 15:20:21'),(286,286,'Voluptatem tempore minus incidunt ea est. Rerum repudiandae magnam similique nobis. Rem incidunt at eaque aspernatur nulla doloremque. A iusto et possimus incidunt.','1998-03-24 12:50:53','1986-04-26 23:05:34'),(287,287,'Eos corporis magni natus ratione nulla in. Delectus perspiciatis maiores facere unde animi facilis totam. Rerum labore eum id iusto architecto exercitationem voluptatem.','1972-09-14 15:52:06','2017-08-07 04:19:40'),(288,288,'Qui velit id eius. Soluta minima occaecati cumque facere porro quis omnis. Repellendus et quis sit. Sunt aliquid eligendi ratione voluptas mollitia.','1991-11-10 04:53:16','2005-10-30 17:25:12'),(289,289,'Voluptates in quam architecto itaque distinctio iure rerum. Qui sunt aut dolorum dignissimos. Atque vitae tenetur vero illo sit. Voluptatem dolor harum sit sit et sequi.','1997-05-21 10:10:24','1973-12-08 18:11:55'),(290,290,'Perspiciatis aspernatur aliquid modi placeat ut et. Quod delectus illo omnis optio sint expedita. Modi dolor aut blanditiis et porro at. Dolorem et ab dolor quis.','2005-12-14 10:49:53','2000-06-13 00:43:44'),(291,291,'Veritatis ut nam suscipit natus ducimus. Et sunt aut quia adipisci. Aliquam magnam officiis sint. Nesciunt tenetur dignissimos aperiam rem eum id culpa.','1993-05-23 14:06:48','1988-07-19 17:38:51'),(292,292,'Nemo qui itaque praesentium repudiandae. Ducimus ad est sed impedit quibusdam.','1989-11-09 14:29:25','2003-06-12 18:28:19'),(293,293,'Explicabo possimus eos corporis vel natus beatae odio excepturi. Modi doloremque cumque et dolorum itaque incidunt molestiae. Excepturi libero modi molestias inventore quos.','2004-01-03 06:09:52','1993-09-27 09:25:22'),(294,294,'Quia et incidunt voluptatem consequuntur. Rem adipisci distinctio vitae esse. Quas id neque quia animi at. Distinctio sed beatae ratione.','1994-12-15 20:48:51','2019-12-09 16:24:11'),(295,295,'Voluptatum aliquam et illum eaque. Ab doloribus occaecati voluptate nihil dolorem molestias. Hic voluptatem sit quia rerum. Illo ut perferendis et rerum aut consequatur.','1999-09-12 06:51:48','1982-10-23 10:09:15'),(296,296,'Porro ad eligendi quos itaque architecto quas et. Sit repudiandae quas repudiandae aut placeat et. Hic necessitatibus sed neque dignissimos rerum nostrum.','2017-03-12 23:19:42','1987-01-14 09:42:07'),(297,297,'Aliquid sed commodi molestiae et vitae necessitatibus dicta. Omnis natus alias architecto est et. Quia molestias laborum enim reiciendis temporibus cumque consequatur.','1997-08-17 07:46:16','2014-06-06 19:12:51'),(298,298,'At in veritatis inventore autem est dicta. Eligendi consequatur ea nemo cumque deserunt. Voluptatem cupiditate rerum quidem.','2019-12-07 06:32:49','2001-11-08 09:58:59'),(299,299,'Dolorum quod ipsum consectetur quo voluptatem ducimus ut. Aut molestiae omnis sunt ex. Mollitia autem enim facere sequi.','1978-12-08 04:52:28','1989-02-26 01:28:10'),(300,300,'Veniam cum ut consectetur sed beatae. Iure debitis ab est neque doloribus veritatis. Vel quasi sunt fugiat et. Et perferendis aut deleniti voluptas.','2005-03-25 16:13:22','2002-10-04 21:28:23');
/*!40000 ALTER TABLE `posts` ENABLE KEYS */;
UNLOCK TABLES;

--
-- Table structure for table `posts_likes`
--

DROP TABLE IF EXISTS `posts_likes`;
/*!40101 SET @saved_cs_client     = @@character_set_client */;
/*!50503 SET character_set_client = utf8mb4 */;
CREATE TABLE `posts_likes` (
  `post_id` bigint unsigned NOT NULL,
  `user_id` bigint unsigned NOT NULL,
  `like_type` tinyint(1) DEFAULT '1',
  PRIMARY KEY (`post_id`,`user_id`),
  KEY `post_idx` (`post_id`),
  KEY `user_idx` (`user_id`),
  CONSTRAINT `posts_likes_fk` FOREIGN KEY (`post_id`) REFERENCES `posts` (`id`),
  CONSTRAINT `users_likes_fk` FOREIGN KEY (`user_id`) REFERENCES `users` (`id`)
) ENGINE=InnoDB DEFAULT CHARSET=utf8mb4 COLLATE=utf8mb4_unicode_ci;
/*!40101 SET character_set_client = @saved_cs_client */;

--
-- Dumping data for table `posts_likes`
--

LOCK TABLES `posts_likes` WRITE;
/*!40000 ALTER TABLE `posts_likes` DISABLE KEYS */;
INSERT INTO `posts_likes` VALUES (1,59,0),(2,254,0),(5,37,0),(5,60,1),(5,167,0),(6,29,1),(6,77,1),(7,5,1),(7,187,1),(8,157,0),(11,129,0),(12,10,0),(12,217,1),(12,261,1),(12,299,0),(13,215,1),(16,15,1),(16,54,1),(19,109,1),(19,130,1),(20,267,1),(21,52,1),(22,297,1),(23,69,1),(24,126,0),(25,56,1),(26,211,1),(26,289,0),(27,96,0),(28,225,0),(29,40,0),(31,1,1),(31,114,0),(31,181,1),(33,86,1),(35,124,0),(37,38,0),(37,71,0),(37,151,1),(38,113,1),(38,230,1),(41,233,1),(42,259,1),(44,266,0),(46,91,1),(47,100,0),(48,139,1),(49,156,0),(50,130,0),(51,112,0),(51,173,0),(51,241,0),(53,111,1),(55,133,0),(56,44,0),(58,152,1),(63,110,0),(64,4,0),(64,251,0),(65,40,1),(67,32,0),(67,264,0),(68,269,0),(69,39,0),(69,234,1),(71,144,0),(75,20,1),(76,45,0),(76,80,1),(76,148,1),(76,154,1),(76,189,1),(77,186,1),(79,151,0),(79,225,0),(80,108,1),(81,147,0),(82,257,1),(82,289,1),(83,26,0),(83,151,1),(83,276,1),(84,130,0),(85,78,0),(86,39,0),(88,164,0),(88,291,1),(90,244,0),(92,52,1),(93,107,1),(93,137,1),(96,87,0),(98,67,1),(98,103,0),(98,130,1),(98,248,0),(99,24,1),(99,184,1),(103,2,1),(104,95,0),(106,198,1),(107,45,1),(107,58,0),(107,290,1),(109,231,1),(110,173,0),(111,245,0),(114,92,1),(115,33,1),(115,180,0),(116,109,0),(118,115,0),(119,98,0),(121,227,1),(122,226,1),(125,40,0),(125,56,1),(125,67,1),(126,182,0),(126,218,0),(127,283,1),(128,59,0),(129,286,0),(134,113,1),(135,160,0),(136,30,1),(137,73,0),(138,146,1),(138,286,1),(139,31,0),(139,271,1),(140,15,0),(140,264,1),(142,13,0),(142,20,0),(142,84,1),(144,217,1),(145,142,0),(145,243,1),(145,250,1),(146,133,1),(146,234,1),(147,170,1),(148,24,1),(148,102,0),(149,76,0),(150,12,1),(150,94,1),(151,209,0),(153,29,0),(153,270,0),(155,64,0),(156,232,0),(159,195,1),(161,37,0),(161,269,0),(165,197,0),(165,209,0),(165,226,1),(170,105,1),(171,298,0),(173,293,0),(175,187,0),(175,199,0),(178,233,0),(180,42,0),(182,145,0),(182,256,0),(184,48,1),(184,192,1),(184,207,0),(185,181,0),(185,210,1),(186,255,1),(187,36,0),(188,141,0),(188,273,1),(191,105,0),(191,162,0),(191,298,1),(193,28,0),(193,195,0),(194,132,1),(197,114,0),(198,8,1),(198,15,1),(199,90,0),(200,6,0),(200,43,1),(204,242,0),(205,73,0),(207,126,0),(210,218,1),(210,242,0),(210,285,0),(213,162,0),(214,268,1),(216,144,0),(216,176,0),(218,109,0),(218,163,0),(219,152,0),(220,38,0),(220,265,1),(222,205,1),(227,22,1),(227,107,0),(227,221,1),(227,284,0),(228,70,0),(228,79,1),(228,173,1),(228,280,1),(229,68,0),(229,248,1),(230,15,1),(233,65,0),(233,187,0),(235,164,0),(235,197,0),(236,155,1),(237,212,1),(240,153,1),(241,171,1),(242,83,0),(242,196,0),(243,299,0),(244,177,0),(244,212,0),(244,217,1),(245,50,0),(245,95,1),(245,289,0),(246,188,0),(246,229,0),(247,27,1),(247,108,1),(247,144,0),(247,222,0),(248,271,0),(251,48,1),(252,31,1),(252,55,0),(253,232,0),(254,134,0),(254,165,1),(258,228,0),(258,258,1),(259,133,1),(259,225,0),(259,281,1),(261,21,0),(261,122,1),(262,68,1),(263,22,1),(263,99,1),(263,238,1),(265,206,1),(265,229,1),(265,243,1),(265,294,0),(265,296,0),(266,168,0),(266,275,1),(267,48,1),(267,232,0),(267,276,1),(268,94,1),(270,34,0),(270,161,0),(270,168,1),(270,174,0),(271,117,0),(275,240,1),(276,46,1),(276,210,1),(277,35,0),(277,127,0),(281,292,1),(284,49,0),(284,251,0),(285,112,1),(287,200,0),(288,236,0),(289,73,0),(291,219,1),(291,281,0),(292,86,0),(292,88,0),(292,252,1),(293,300,1),(295,197,1),(295,207,1),(296,9,1),(297,182,1),(298,98,1),(298,291,1),(299,128,1),(300,14,0),(300,95,0);
/*!40000 ALTER TABLE `posts_likes` ENABLE KEYS */;
UNLOCK TABLES;

--
-- Table structure for table `profiles`
--

DROP TABLE IF EXISTS `profiles`;
/*!40101 SET @saved_cs_client     = @@character_set_client */;
/*!50503 SET character_set_client = utf8mb4 */;
CREATE TABLE `profiles` (
  `user_id` bigint unsigned NOT NULL,
  `gender` enum('f','m','x') CHARACTER SET utf8mb4 COLLATE utf8mb4_unicode_ci NOT NULL,
  `birthday` date NOT NULL,
  `photo_id` bigint unsigned DEFAULT NULL,
  `user_status` varchar(30) CHARACTER SET utf8mb4 COLLATE utf8mb4_unicode_ci DEFAULT NULL,
  `city` varchar(130) CHARACTER SET utf8mb4 COLLATE utf8mb4_unicode_ci DEFAULT NULL,
  `country` varchar(130) CHARACTER SET utf8mb4 COLLATE utf8mb4_unicode_ci DEFAULT NULL,
  PRIMARY KEY (`user_id`),
  KEY `fk_profiles_media` (`photo_id`),
  CONSTRAINT `fk_profiles_media` FOREIGN KEY (`photo_id`) REFERENCES `media` (`id`),
  CONSTRAINT `fk_profiles_users` FOREIGN KEY (`user_id`) REFERENCES `users` (`id`)
) ENGINE=InnoDB DEFAULT CHARSET=utf8mb4 COLLATE=utf8mb4_unicode_ci;
/*!40101 SET character_set_client = @saved_cs_client */;

--
-- Dumping data for table `profiles`
--

LOCK TABLES `profiles` WRITE;
/*!40000 ALTER TABLE `profiles` DISABLE KEYS */;
INSERT INTO `profiles` VALUES (1,'m','2008-12-14',1,'omnis','Weberfurt','American Samoa'),(2,'m','1988-09-08',2,'inventore','Lockmanburgh','Ireland'),(3,'x','1986-04-14',3,'quisquam','North Margarete','Antigua and Barbuda'),(4,'m','2005-08-27',4,'alias','North Geraldview','Niger'),(5,'x','1984-03-05',5,'aut','West Jannie','Swaziland'),(6,'x','2014-12-06',6,'possimus','Desireeberg','Hungary'),(7,'m','2001-02-13',7,'repellat','Laronfurt','British Indian Ocean Territory (Chagos Archipelago)'),(8,'f','1972-08-02',8,'consequatur','Nadiaburgh','Guadeloupe'),(9,'f','2013-01-30',9,'nobis','Smithhaven','Brazil'),(10,'f','2006-07-02',10,'culpa','Klockofurt','Turks and Caicos Islands'),(11,'x','1986-07-31',11,'eaque','New August','Cook Islands'),(12,'x','1977-10-08',12,'molestiae','Whitefurt','Yemen'),(13,'f','1999-05-17',13,'nemo','East Eusebioberg','Poland'),(14,'m','2014-11-28',14,'quia','East Chasestad','Guyana'),(15,'f','2002-01-27',15,'iste','Balistrerichester','Saint Vincent and the Grenadines'),(16,'m','1977-01-26',16,'nihil','Port Beth','Sierra Leone'),(17,'f','1980-03-10',17,'distinctio','North Tonyton','French Polynesia'),(18,'f','1979-09-12',18,'ut','West Blaise','Kuwait'),(19,'x','1984-04-14',19,'qui','Madelinechester','Uzbekistan'),(20,'f','1978-04-26',20,'dicta','East Felton','Uzbekistan'),(21,'m','2000-05-03',21,'architecto','Lindview','Sao Tome and Principe'),(22,'m','2001-12-02',22,'cum','Lake Sylvesterchester','Madagascar'),(23,'x','1990-05-13',23,'debitis','West Sim','Dominican Republic'),(24,'x','1979-05-25',24,'illum','Idamouth','Moldova'),(25,'m','1972-02-29',25,'rerum','Lake Celestinemouth','Belize'),(26,'x','2000-10-29',26,'et','Port Daniellachester','Latvia'),(27,'x','1989-09-15',27,'voluptatem','Port Ernestohaven','Gabon'),(28,'f','1971-02-17',28,'voluptate','North Florenceton','Romania'),(29,'m','2017-11-30',29,'maxime','New Karina','Yemen'),(30,'f','2019-10-06',30,'est','West Elsiefurt','Malawi'),(31,'f','1990-05-19',31,'optio','North Sydney','India'),(32,'f','2000-04-25',32,'et','Ismaelport','Burundi'),(33,'f','2007-11-06',33,'consequatur','Lehnerview','Brunei Darussalam'),(34,'m','1992-05-15',34,'rem','Tressafort','San Marino'),(35,'m','1987-10-02',35,'amet','North Nikoville','Iraq'),(36,'f','2007-10-03',36,'adipisci','South Maurine','Svalbard & Jan Mayen Islands'),(37,'x','1971-12-18',37,'aut','Kihnchester','Hungary'),(38,'x','2018-05-15',38,'necessitatibus','North Merlberg','Belize'),(39,'x','2020-11-27',39,'deserunt','South Lavernechester','Malaysia'),(40,'m','1970-06-04',40,'cum','Hesterfurt','Greenland'),(41,'x','2007-03-21',41,'necessitatibus','Medhurstmouth','United States Minor Outlying Islands'),(42,'x','1987-01-24',42,'ea','West Eliasshire','Eritrea'),(43,'m','2016-05-25',43,'ullam','Zboncakfort','Eritrea'),(44,'x','1989-01-09',44,'sapiente','East Antonina','Czech Republic'),(45,'m','1975-09-04',45,'possimus','Lake Jesus','Sudan'),(46,'x','2003-11-26',46,'alias','South Marjoryfurt','Cuba'),(47,'f','1981-03-04',47,'ut','Lake Adrainside','Svalbard & Jan Mayen Islands'),(48,'f','2014-10-31',48,'praesentium','South Clark','Mayotte'),(49,'f','2009-07-04',49,'consequatur','Port Donavon','Estonia'),(50,'m','1980-02-13',50,'numquam','South Martinburgh','Dominican Republic'),(51,'x','2019-11-27',51,'ut','Lake Maximilianborough','Malawi'),(52,'m','1974-06-18',52,'et','New Bertton','Senegal'),(53,'f','1999-11-18',53,'commodi','Terryland','Tuvalu'),(54,'m','1999-10-17',54,'natus','Whiteshire','Cambodia'),(55,'m','1982-08-04',55,'non','Jakubowskitown','Iran'),(56,'x','1979-10-11',56,'id','West Roscoechester','Brunei Darussalam'),(57,'f','1985-03-06',57,'occaecati','Natashaberg','Greece'),(58,'x','1972-06-29',58,'eligendi','Estellborough','Uganda'),(59,'f','1991-04-15',59,'laudantium','Moenstad','Equatorial Guinea'),(60,'f','1971-01-25',60,'sint','Wolffchester','Turks and Caicos Islands'),(61,'x','2003-10-23',61,'dolore','Bertaview','Singapore'),(62,'x','1985-06-12',62,'fugit','Lake Otha','Brunei Darussalam'),(63,'x','1988-04-29',63,'nobis','Trudieside','Germany'),(64,'x','1974-10-30',64,'ea','Port Ali','Ireland'),(65,'x','2016-07-07',65,'vel','New Josianestad','Finland'),(66,'x','1990-04-04',66,'voluptas','Parkerburgh','Tokelau'),(67,'f','2020-09-07',67,'ratione','Macborough','Portugal'),(68,'m','2017-01-05',68,'aperiam','Hermannmouth','Heard Island and McDonald Islands'),(69,'x','2010-03-13',69,'voluptatem','Dickensbury','Djibouti'),(70,'x','2011-10-12',70,'aut','East Sylvanton','Malta'),(71,'x','1974-01-16',71,'dignissimos','Millerland','Ireland'),(72,'m','2016-04-10',72,'qui','North Kevenland','Reunion'),(73,'f','1998-12-17',73,'nihil','Quitzonland','Ethiopia'),(74,'f','2010-06-28',74,'in','Port Jamarcusview','Martinique'),(75,'m','2001-01-09',75,'nobis','Port Fletcher','United Kingdom'),(76,'f','2015-09-04',76,'quos','Curtisfurt','Palestinian Territory'),(77,'f','2000-03-02',77,'est','North Lukasbury','Venezuela'),(78,'m','1976-11-30',78,'dicta','South Delmerville','Togo'),(79,'f','2001-05-08',79,'eius','Audrafurt','Samoa'),(80,'m','2010-06-06',80,'occaecati','Reillytown','Swaziland'),(81,'f','2009-03-04',81,'et','Ziemetown','Cape Verde'),(82,'f','1999-06-22',82,'a','Port Shannyview','Benin'),(83,'x','1993-08-29',83,'modi','West Marisolmouth','Turkey'),(84,'x','1970-03-23',84,'dolorem','North Lolaton','Gambia'),(85,'x','1994-10-22',85,'esse','Rainaside','Anguilla'),(86,'x','1970-09-03',86,'voluptatem','Kearafort','Timor-Leste'),(87,'m','2016-06-09',87,'assumenda','West Anabelle','Bouvet Island (Bouvetoya)'),(88,'m','1971-09-16',88,'consequuntur','Lake Tevinland','Liechtenstein'),(89,'x','1988-08-24',89,'tempore','Waelchiton','United Arab Emirates'),(90,'m','1994-02-20',90,'delectus','South Claire','Angola'),(91,'f','2015-05-03',91,'expedita','Lockmanmouth','United Arab Emirates'),(92,'m','1980-01-03',92,'qui','South Lolabury','Burundi'),(93,'x','2005-08-14',93,'voluptas','East Barrettborough','Canada'),(94,'x','1973-08-28',94,'repellendus','Lake Lorine','Mexico'),(95,'m','2007-08-26',95,'nihil','New Vickiemouth','Angola'),(96,'m','1995-10-30',96,'et','Letitiaport','Saint Kitts and Nevis'),(97,'m','2015-10-03',97,'repellat','Giovannyshire','Mali'),(98,'f','1989-04-23',98,'omnis','Lake Orlandton','Japan'),(99,'m','1977-08-12',99,'est','Port Davinburgh','Grenada'),(100,'m','1980-05-16',100,'voluptatem','North Destanyhaven','Botswana'),(101,'m','1992-09-02',101,'ad','Lake Cydney','Austria'),(102,'x','1984-04-15',102,'minus','Port Clyde','Cape Verde'),(103,'f','1992-10-26',103,'dolor','Cummeratafort','Sweden'),(104,'f','2018-09-11',104,'molestiae','Port Alejandraland','Venezuela'),(105,'f','1972-01-28',105,'non','Port Alfonso','Norway'),(106,'m','1975-03-01',106,'nemo','Austynborough','Yemen'),(107,'x','1987-11-13',107,'pariatur','Torpberg','Morocco'),(108,'m','1989-01-01',108,'ut','Devonfort','British Indian Ocean Territory (Chagos Archipelago)'),(109,'f','1986-02-14',109,'corrupti','North Merlin','Pitcairn Islands'),(110,'f','1982-07-30',110,'minus','Floydhaven','Guinea'),(111,'m','2010-02-14',111,'dicta','Gottliebfurt','Georgia'),(112,'x','1992-12-25',112,'sunt','Kuhlmantown','Niue'),(113,'f','1970-11-22',113,'nam','Deeland','South Georgia and the South Sandwich Islands'),(114,'x','1980-03-16',114,'et','Port Sage','Georgia'),(115,'x','2006-07-01',115,'quia','Strosinbury','Tanzania'),(116,'x','1988-02-24',116,'molestiae','Gillianhaven','Senegal'),(117,'f','1999-04-22',117,'molestiae','Elianebury','Sri Lanka'),(118,'f','1976-04-05',118,'blanditiis','Greenfeldershire','Martinique'),(119,'m','1972-02-23',119,'ipsa','McCulloughbury','French Polynesia'),(120,'f','2002-07-04',120,'eaque','New Savanah','Sweden'),(121,'f','2004-09-11',121,'temporibus','Jamarcusborough','Burkina Faso'),(122,'m','1974-05-04',122,'est','East Celiaview','Brazil'),(123,'m','1993-05-26',123,'dolorem','Daytonland','Cook Islands'),(124,'x','2006-05-01',124,'dolorem','New Melyssa','Moldova'),(125,'m','1992-05-03',125,'magni','Toyfort','Cook Islands'),(126,'x','2002-10-10',126,'a','Port Deondre','Reunion'),(127,'x','1986-06-25',127,'beatae','New Rodgertown','Uzbekistan'),(128,'f','2016-04-13',128,'nemo','South Tretown','Venezuela'),(129,'m','2021-03-13',129,'nulla','South Lon','Cocos (Keeling) Islands'),(130,'m','1972-11-03',130,'doloremque','Cummerataville','Eritrea'),(131,'f','2008-08-10',131,'atque','West Alphonso','Cuba'),(132,'m','1973-11-23',132,'perspiciatis','Hermanport','Togo'),(133,'x','1996-04-29',133,'ratione','Shawnamouth','Tuvalu'),(134,'f','1976-07-06',134,'dolor','North Kenny','Burkina Faso'),(135,'x','2008-05-13',135,'cum','South Jennie','San Marino'),(136,'x','1985-04-06',136,'qui','Greenton','Ghana'),(137,'m','1988-01-13',137,'voluptatem','Port Elouise','Guam'),(138,'m','2014-06-18',138,'a','Lake Rebekahhaven','French Southern Territories'),(139,'x','1985-07-09',139,'non','Kayceeside','Vanuatu'),(140,'m','1985-03-14',140,'omnis','New Monroe','Singapore'),(141,'f','2005-09-11',141,'ullam','Traceyfurt','Barbados'),(142,'f','1982-03-21',142,'id','Crooksborough','Solomon Islands'),(143,'x','1975-10-12',143,'voluptatem','McCluretown','Senegal'),(144,'f','2017-08-21',144,'nobis','North Clevelandberg','Slovenia'),(145,'x','2017-02-23',145,'veritatis','Lake Anya','Israel'),(146,'m','2000-04-05',146,'architecto','Huelborough','Afghanistan'),(147,'x','2000-07-17',147,'neque','South Jadachester','Libyan Arab Jamahiriya'),(148,'m','2009-12-11',148,'labore','Port Lukasmouth','Andorra'),(149,'m','2002-04-08',149,'delectus','Whitestad','Montenegro'),(150,'x','2017-07-17',150,'voluptatem','Port Dalton','New Caledonia'),(151,'f','1977-11-12',151,'nobis','East Jacquesport','Comoros'),(152,'f','1985-01-25',152,'maxime','Nitzscheport','Saint Vincent and the Grenadines'),(153,'x','1977-12-05',153,'in','Kirkfort','Japan'),(154,'m','1978-03-08',154,'nulla','West Willatown','Iceland'),(155,'m','1979-06-30',155,'voluptatem','North Jeffrey','Paraguay'),(156,'f','2010-03-04',156,'dolore','Lake Elza','Paraguay'),(157,'m','2016-05-15',157,'omnis','Haleybury','Saint Barthelemy'),(158,'m','2010-08-14',158,'voluptatem','West Monica','Greece'),(159,'m','2002-12-02',159,'vel','Naderland','Brunei Darussalam'),(160,'m','1986-06-02',160,'quia','South Elnora','Saint Martin'),(161,'f','1976-04-27',161,'similique','Lake Alberthachester','Saint Pierre and Miquelon'),(162,'x','1984-08-17',162,'eius','Rowemouth','Qatar'),(163,'m','2009-03-11',163,'aut','Ratkehaven','Burkina Faso'),(164,'f','2005-12-26',164,'omnis','Princeport','Nigeria'),(165,'x','1974-11-04',165,'totam','Sporerton','Indonesia'),(166,'f','2018-09-04',166,'veniam','Mertzhaven','Botswana'),(167,'m','1987-07-13',167,'et','Port Margarita','French Southern Territories'),(168,'m','2006-06-19',168,'nihil','North Eldon','Serbia'),(169,'x','1980-02-20',169,'vel','Lake Madison','Cuba'),(170,'m','2001-10-28',170,'asperiores','West Griffin','Angola'),(171,'m','2009-10-13',171,'ullam','Auershire','Hungary'),(172,'x','2017-03-26',172,'velit','Connshire','Tajikistan'),(173,'m','1976-06-25',173,'rerum','Boganbury','Guinea-Bissau'),(174,'f','2008-03-09',174,'rerum','Pacochatown','Bosnia and Herzegovina'),(175,'f','1988-12-28',175,'facere','East Yoshiko','Egypt'),(176,'f','1995-12-16',176,'hic','New Casimerton','Lithuania'),(177,'f','2009-01-08',177,'ut','Melyssaview','Canada'),(178,'m','1996-08-25',178,'ducimus','West Austenport','Botswana'),(179,'f','2000-11-18',179,'quos','Paucekshire','Saint Kitts and Nevis'),(180,'x','2020-08-28',180,'facere','Evangelineborough','Mali'),(181,'x','2016-08-09',181,'voluptas','Lake Haven','United States Minor Outlying Islands'),(182,'m','1994-03-22',182,'inventore','Lednermouth','Costa Rica'),(183,'m','1999-05-07',183,'fugit','Milliefurt','United States Minor Outlying Islands'),(184,'m','1993-02-12',184,'occaecati','West Johnfort','French Guiana'),(185,'m','2000-07-16',185,'velit','North Alba','Armenia'),(186,'f','1982-04-02',186,'sit','O\'Connellborough','Netherlands Antilles'),(187,'x','2010-09-23',187,'consequatur','New Julie','Nepal'),(188,'f','2010-07-13',188,'ut','Rutherfordborough','Jamaica'),(189,'f','1984-01-29',189,'sapiente','Lebsackville','Guernsey'),(190,'f','1977-03-22',190,'blanditiis','Medhurstmouth','Holy See (Vatican City State)'),(191,'x','1982-05-09',191,'maiores','South Sydnie','Bhutan'),(192,'x','1975-06-14',192,'ea','Pollichbury','Saint Pierre and Miquelon'),(193,'f','1970-01-17',193,'quidem','North Rosie','American Samoa'),(194,'f','2015-06-26',194,'illo','Destineefort','Jersey'),(195,'x','1981-08-10',195,'unde','West Oranton','Bahamas'),(196,'m','1995-06-19',196,'corrupti','Barrystad','Qatar'),(197,'m','2000-10-25',197,'blanditiis','Kovacekberg','Bolivia'),(198,'m','2002-06-15',198,'quia','Harveystad','Guinea'),(199,'m','2005-09-08',199,'delectus','Port Araceli','San Marino'),(200,'x','1984-02-05',200,'fuga','Larissaton','Spain'),(201,'f','1996-12-21',201,'voluptas','Lake Ardenstad','Liberia'),(202,'m','1984-04-16',202,'nemo','Lake Geraldmouth','Sudan'),(203,'f','2001-03-30',203,'ullam','Port Retha','Tanzania'),(204,'x','2002-12-14',204,'sequi','Mckaylaton','Liberia'),(205,'x','1970-08-04',205,'in','South Rickmouth','Barbados'),(206,'m','2009-01-31',206,'praesentium','Gradychester','Nicaragua'),(207,'x','1982-07-24',207,'quae','South Ilaberg','Saint Kitts and Nevis'),(208,'x','2009-12-04',208,'dolore','Howellview','French Guiana'),(209,'m','2020-08-17',209,'eligendi','Ornshire','Tajikistan'),(210,'m','1981-12-07',210,'sunt','New Beau','Algeria'),(211,'f','1994-12-28',211,'exercitationem','Lake Kieran','Aruba'),(212,'x','2010-02-16',212,'ut','West Lottie','United Arab Emirates'),(213,'f','1984-04-30',213,'iste','South Ikebury','Burkina Faso'),(214,'m','1998-01-21',214,'nihil','South Alvinafort','Mauritania'),(215,'f','2020-12-21',215,'itaque','South Emmettton','Haiti'),(216,'m','1986-03-13',216,'delectus','Nicolasland','Haiti'),(217,'f','2009-06-07',217,'eum','Shainastad','Greenland'),(218,'x','1999-05-08',218,'facere','Fidelland','Luxembourg'),(219,'x','1994-04-10',219,'qui','West Kellyton','French Southern Territories'),(220,'x','2017-06-14',220,'dolores','Schroederland','Russian Federation'),(221,'x','1994-05-21',221,'tempora','West Carliehaven','Trinidad and Tobago'),(222,'m','2007-07-08',222,'non','New Cale','Kenya'),(223,'x','2003-11-08',223,'quo','Lake Zackary','Liberia'),(224,'m','1971-12-01',224,'et','O\'Haraberg','Thailand'),(225,'f','1976-04-29',225,'aut','Port Ellieberg','Brazil'),(226,'m','2000-12-03',226,'non','Stokesshire','Guernsey'),(227,'f','1986-06-30',227,'impedit','Smithland','Reunion'),(228,'m','2015-02-21',228,'voluptatibus','East Elenaside','Cocos (Keeling) Islands'),(229,'f','2010-08-22',229,'modi','West Daphneystad','Nepal'),(230,'f','2000-12-12',230,'ducimus','New Nicoletown','Uruguay'),(231,'m','2011-05-11',231,'optio','East Horaceborough','Macao'),(232,'m','1976-05-08',232,'sit','Clemenston','Puerto Rico'),(233,'m','1993-06-28',233,'qui','Everetteville','Senegal'),(234,'x','2014-03-06',234,'ad','Schambergerburgh','Norway'),(235,'m','1990-08-26',235,'perferendis','Emiliaborough','South Africa'),(236,'x','2013-03-27',236,'ab','Port Lisandrohaven','Dominican Republic'),(237,'f','2009-01-31',237,'temporibus','Heathcotemouth','Congo'),(238,'f','2015-12-25',238,'porro','Lake Cielo','Sri Lanka'),(239,'x','2009-04-13',239,'cum','Reinafurt','Benin'),(240,'m','1998-12-01',240,'tenetur','New Violet','Cayman Islands'),(241,'x','1974-11-25',241,'quo','East Rodrigo','Peru'),(242,'m','2010-05-24',242,'optio','Larsonville','Namibia'),(243,'f','1975-04-07',243,'autem','Braunshire','Malawi'),(244,'f','1979-01-01',244,'impedit','Kendrickton','Czech Republic'),(245,'m','1998-04-01',245,'ut','Beckerhaven','Guinea-Bissau'),(246,'f','1993-08-23',246,'id','Kohlerchester','Haiti'),(247,'f','1979-11-24',247,'inventore','East Parker','Guam'),(248,'m','1998-03-06',248,'distinctio','Fisherside','Timor-Leste'),(249,'m','1989-11-27',249,'temporibus','Turcottemouth','Paraguay'),(250,'f','2020-10-18',250,'et','Luettgenchester','Romania'),(251,'x','1990-01-20',251,'omnis','Wolfside','Zambia'),(252,'m','1988-12-10',252,'maxime','Gracielaton','Barbados'),(253,'f','2002-05-23',253,'explicabo','Mariannafort','Peru'),(254,'f','1999-06-17',254,'est','Lake Sandrafort','Belarus'),(255,'m','2008-01-31',255,'incidunt','South Gayleton','Saint Helena'),(256,'f','2004-08-09',256,'omnis','East Antoinettehaven','China'),(257,'x','2002-06-12',257,'nisi','New Dudleyport','Aruba'),(258,'x','2009-03-26',258,'error','Greenholtside','Saudi Arabia'),(259,'x','2013-12-03',259,'sunt','East Eldon','United States Virgin Islands'),(260,'x','1970-02-25',260,'vel','Haliemouth','British Virgin Islands'),(261,'f','2008-10-01',261,'perspiciatis','Paigestad','Bouvet Island (Bouvetoya)'),(262,'m','2001-04-04',262,'totam','Maudfurt','Brunei Darussalam'),(263,'m','2019-06-07',263,'eveniet','Bauchtown','Guatemala'),(264,'x','1981-06-16',264,'dolor','South Ole','Wallis and Futuna'),(265,'f','1981-02-21',265,'et','East Toreybury','Papua New Guinea'),(266,'f','1997-06-06',266,'id','North Emelieview','Papua New Guinea'),(267,'x','1977-08-09',267,'neque','Schowalterfort','Grenada'),(268,'f','2019-10-08',268,'voluptatem','North Gaetanofort','Iran'),(269,'x','1996-08-30',269,'ad','Cecileport','Ecuador'),(270,'f','1989-10-25',270,'ex','Jordanchester','Jamaica'),(271,'x','1976-04-07',271,'eius','Marychester','Namibia'),(272,'x','1989-04-04',272,'dolor','East Ewaldfort','Djibouti'),(273,'m','2000-05-11',273,'quia','Bernardbury','Burkina Faso'),(274,'x','1994-01-21',274,'minus','Ramonhaven','Chad'),(275,'m','1981-05-14',275,'tenetur','Port Kenna','Sudan'),(276,'x','1978-08-05',276,'dolorem','Port Arjun','India'),(277,'f','1977-05-15',277,'ducimus','South Vivien','Micronesia'),(278,'x','2012-01-27',278,'laudantium','Lake Creola','Austria'),(279,'x','2017-01-05',279,'earum','Hattieburgh','Russian Federation'),(280,'f','1985-04-19',280,'dignissimos','South Montanaburgh','Guatemala'),(281,'f','1991-09-26',281,'omnis','Bashirianborough','Reunion'),(282,'m','1977-02-18',282,'sunt','Rowanhaven','Guernsey'),(283,'x','1984-12-21',283,'qui','West Cassandreport','Norfolk Island'),(284,'m','1982-05-16',284,'enim','Gorczanymouth','Indonesia'),(285,'f','1984-04-28',285,'minima','Fredrickland','Bermuda'),(286,'x','2014-12-15',286,'dolorum','South Biankafurt','United States of America'),(287,'x','2015-05-20',287,'accusamus','Lake Joanyshire','Dominica'),(288,'m','2019-02-01',288,'voluptas','New Lizethburgh','Falkland Islands (Malvinas)'),(289,'m','1990-08-11',289,'aut','Abdullahmouth','Gambia'),(290,'x','1997-09-26',290,'et','Shieldsfurt','French Polynesia'),(291,'x','2004-09-15',291,'harum','Peytonfort','South Africa'),(292,'x','1984-03-07',292,'ipsum','New Murlfort','Tokelau'),(293,'f','1979-11-25',293,'ea','Arlenestad','Uganda'),(294,'m','2014-08-08',294,'omnis','Port Amos','South Georgia and the South Sandwich Islands'),(295,'f','1991-03-15',295,'atque','South Aishastad','Iraq'),(296,'m','1979-10-08',296,'illo','Leonardfurt','Iraq'),(297,'f','1997-02-14',297,'velit','Port Keyon','Hong Kong'),(298,'m','2012-04-23',298,'id','Hettiechester','Turkey'),(299,'m','2013-03-12',299,'voluptatem','New Dallasberg','Sao Tome and Principe'),(300,'x','2011-11-21',300,'provident','North Kelsie','Iran');
/*!40000 ALTER TABLE `profiles` ENABLE KEYS */;
UNLOCK TABLES;

--
-- Table structure for table `school`
--

DROP TABLE IF EXISTS `school`;
/*!40101 SET @saved_cs_client     = @@character_set_client */;
/*!50503 SET character_set_client = utf8mb4 */;
CREATE TABLE `school` (
  `id` bigint unsigned NOT NULL AUTO_INCREMENT,
  `name` varchar(255) CHARACTER SET utf8mb4 COLLATE utf8mb4_unicode_ci NOT NULL,
  `city` varchar(128) CHARACTER SET utf8mb4 COLLATE utf8mb4_unicode_ci NOT NULL,
  `country` varchar(128) CHARACTER SET utf8mb4 COLLATE utf8mb4_unicode_ci NOT NULL,
  `address` varchar(255) CHARACTER SET utf8mb4 COLLATE utf8mb4_unicode_ci DEFAULT NULL,
  PRIMARY KEY (`id`)
) ENGINE=InnoDB AUTO_INCREMENT=101 DEFAULT CHARSET=utf8mb4 COLLATE=utf8mb4_unicode_ci;
/*!40101 SET character_set_client = @saved_cs_client */;

--
-- Dumping data for table `school`
--

LOCK TABLES `school` WRITE;
/*!40000 ALTER TABLE `school` DISABLE KEYS */;
INSERT INTO `school` VALUES (1,'ut','Albinchester','Cook Islands','887 Pouros Ford Apt. 335\nLake Chaya, TN 32937-2397'),(2,'ea','Lavernefurt','Tajikistan','306 Swift Lakes\nSouth Xander, SC 48165'),(3,'consequatur','Lake Unique','Burkina Faso','722 Feil Vista Apt. 229\nEmiemouth, HI 56896-7559'),(4,'fugiat','Casperville','Peru','137 Guadalupe Islands Apt. 934\nJaquanborough, WI 38534'),(5,'qui','South Henryhaven','Guyana','287 Eleonore Plain Suite 824\nEdnaville, DE 03045'),(6,'odio','Welchhaven','Bulgaria','030 Windler Islands\nRathport, HI 09960-5668'),(7,'dolor','North Carmelview','Nicaragua','6526 Mark Ramp\nBayerport, NH 94874'),(8,'itaque','Sonyamouth','Ireland','3620 Huel Harbor Suite 644\nEmmanuelmouth, SD 07701-0264'),(9,'et','Percivalville','Guadeloupe','7601 Bergnaum Green\nDaytonville, CO 47517-1025'),(10,'perspiciatis','New Estefaniaville','Benin','6774 Bashirian Summit Apt. 465\nGrahamside, CT 32607'),(11,'at','Giuseppeville','Nepal','1119 Viviane Flats Suite 759\nWest Jovany, IA 29320'),(12,'eligendi','East Osvaldofort','Bhutan','1134 Green Centers\nLake Wanda, WV 34159-1548'),(13,'eaque','South Paul','Gabon','92211 Howell Forest\nNorth Jamalton, WA 16912-0155'),(14,'veritatis','Port Jamir','Switzerland','294 Shanie Springs\nWest Alexander, DE 72763'),(15,'tempora','Mohammedburgh','Somalia','674 Dooley Mills Suite 671\nDoyleview, KS 37788-9288'),(16,'dolorem','New Annetta','Tajikistan','6320 Gleichner Parkway Suite 223\nPort Asa, WV 22449'),(17,'dicta','Lake Queenie','Liberia','9823 Lindgren Run\nBuckridgefurt, AR 74122-4503'),(18,'minima','Curtburgh','Thailand','7611 Cremin Loaf Suite 083\nMayertmouth, NH 88681'),(19,'earum','Mayermouth','Romania','387 Sheridan Center Suite 296\nVickyport, MN 23753-0171'),(20,'est','Port Norris','Nigeria','6598 Kreiger Ford\nLesterstad, HI 54510-8328'),(21,'quos','Gaylordfort','Somalia','4230 Wanda Glens Suite 142\nDakotamouth, KS 74377-6828'),(22,'sint','New Nannietown','Tunisia','10533 Koss Stream Suite 555\nNew Leoview, CA 36439-3886'),(23,'vel','Alysaland','Brunei Darussalam','483 Garrett Avenue Suite 421\nPort Pierre, NE 48014'),(24,'laudantium','South Dortha','Uganda','5609 Angeline Fords\nEast Laron, MN 98156-4377'),(25,'mollitia','Bednarton','Jersey','961 Korey Loop\nPaucekview, AR 82046'),(26,'voluptatem','East Silas','Lesotho','30559 Nader Spurs Apt. 807\nSouth Celiafort, ME 81166-5792'),(27,'quia','West Giovanimouth','Hungary','3893 Grimes Manor\nBurniceton, AZ 53962'),(28,'sint','Maxland','Ukraine','6290 Kling Mountains\nEast Carolinaberg, AK 85387-6940'),(29,'aut','Port Garnett','Guernsey','1231 Rolfson Knoll Suite 356\nLake Javonhaven, SC 29517'),(30,'eaque','North Dexterstad','Falkland Islands (Malvinas)','885 Myrtle Flat\nDarylbury, MT 72567'),(31,'nostrum','Pfefferfurt','Netherlands','6266 Frami Plain\nPort Mara, WY 83186'),(32,'et','West Audie','Faroe Islands','048 Fermin Ports\nNew Kendall, PA 92894'),(33,'soluta','East Bertha','Eritrea','61796 Muller Place\nLake Miaside, IA 67962'),(34,'porro','Port Kolby','Costa Rica','478 Strosin Hills Suite 157\nPort Justineville, WA 17116'),(35,'iusto','North Cindymouth','San Marino','1137 Runolfsson Meadows Apt. 061\nNorth Berenice, WY 47465-5498'),(36,'nihil','New Maynard','Guernsey','128 Maribel Point Suite 075\nLake Adrianaburgh, NV 19474'),(37,'nam','Watsicaborough','Faroe Islands','319 Jordon Prairie Apt. 957\nWest Brendonport, NV 78128'),(38,'vel','Lake Gregg','Pakistan','79701 Bertram Views Apt. 181\nNedfort, CT 70083'),(39,'qui','Berryfurt','Oman','315 Kerluke Row Apt. 214\nBaileyside, WA 97183-5195'),(40,'est','West Angelita','Thailand','84213 Crooks Roads\nPagacstad, KY 41707-0757'),(41,'ut','Nicolaborough','Puerto Rico','683 Jasmin Curve\nNew Allisonshire, NC 41616'),(42,'numquam','South Kameron','Estonia','41648 Bode Club Suite 637\nHumbertoland, SC 56738'),(43,'id','O\'Keefeside','Madagascar','75606 May Dam Suite 316\nHirthemouth, MD 96067'),(44,'et','North Ardenport','Holy See (Vatican City State)','5479 Kulas Glen\nMartinview, RI 47792'),(45,'libero','North Katelyn','Kyrgyz Republic','48539 Larkin Underpass\nLennaborough, AR 42238-7089'),(46,'unde','South Gus','Cook Islands','668 Cassin Fields\nArdellatown, MD 16678-4612'),(47,'tempore','North Hollis','Bahamas','8717 Pollich Circle\nMisaelland, FL 27710-1176'),(48,'sunt','Port Samshire','Togo','937 Larkin Course\nEast Lauryn, CA 18632-7967'),(49,'voluptatum','North Anniemouth','Iraq','6256 Kuhlman Tunnel Suite 871\nJazlynstad, AL 16645'),(50,'doloribus','New Christinehaven','Bermuda','58719 Theresa Throughway\nCourtneyshire, MI 65818'),(51,'sit','East Myahhaven','Slovenia','691 Pacocha Ranch Apt. 958\nBethtown, IN 97153'),(52,'id','North Bernardoton','Mali','73521 Wisozk Views\nNorth Opal, KY 30162'),(53,'perspiciatis','Port Edwinchester','Tuvalu','069 Danielle Terrace\nNew Stacyton, UT 56704'),(54,'ipsam','Spencermouth','Gabon','665 Edythe Lodge\nNameton, AK 88359-1226'),(55,'cumque','Willardberg','Turks and Caicos Islands','59910 Sanford Prairie\nTeaganville, MO 68714-9801'),(56,'voluptatum','Zemlaktown','Syrian Arab Republic','4095 Floy Green Apt. 001\nPort Mustafatown, MT 45016-5212'),(57,'corporis','East Metamouth','Reunion','08631 Aufderhar Plains Suite 473\nBradtkefurt, NE 19814-3361'),(58,'optio','Treutelton','Bangladesh','738 Ullrich Ridge\nSkilesland, NV 34099-9369'),(59,'et','Port Manuelaview','Benin','5869 Winifred Throughway Apt. 898\nBahringerville, NH 65352-7827'),(60,'esse','East Amiyamouth','Armenia','8965 Jared Turnpike\nSouth Maryam, TN 89718-7603'),(61,'qui','Dickinsonfort','Holy See (Vatican City State)','29030 Herzog Highway Apt. 739\nLake Dagmar, HI 25041-0674'),(62,'ipsa','Lake Joshuah','Korea','778 Sporer Track Apt. 715\nNorth Jovanny, CO 83736'),(63,'impedit','Weststad','Guinea-Bissau','7548 Lilla Canyon\nNew Caleb, NE 78851-0849'),(64,'tempore','Deefort','Montserrat','1721 Keeling Common\nYundtshire, MS 16916'),(65,'sit','Gibsonville','Gambia','36287 Wilderman Spurs Apt. 279\nLeannonchester, CA 60484'),(66,'consequatur','New Merl','Belize','233 Lincoln Trail\nTressieview, AK 78187'),(67,'in','Ilaton','Namibia','7632 Morar Vista\nWest Leslyfort, HI 02670-9970'),(68,'veritatis','Justenville','Nigeria','5937 Michele Locks Suite 285\nMarksmouth, KS 42251-4828'),(69,'laboriosam','Fayshire','Montenegro','98097 Walsh Trail Suite 558\nNorth Tyrel, MA 75700'),(70,'quas','New Jarrell','Albania','481 Lavonne Forks Suite 341\nNolanmouth, NH 17907-9353'),(71,'molestias','Leannonland','Thailand','7468 Meghan Springs Suite 818\nPort Samanta, TN 84194-3706'),(72,'commodi','East Sonnymouth','Liberia','61207 Huel Rapid\nNorth Kareembury, MA 91452'),(73,'voluptas','South Vallieburgh','Bhutan','21639 Renner Course Suite 815\nWest Larue, SD 48431-3645'),(74,'voluptatibus','Zacharystad','Turkey','719 Desmond Garden Suite 442\nLake Leone, KY 28780'),(75,'rerum','North Alexyschester','Mozambique','36121 Aglae Green\nWest Nedraborough, DE 16171'),(76,'vel','Norrisside','Kuwait','34260 Schulist Summit\nRuthieborough, NM 32958-4976'),(77,'voluptate','Terrytown','Tonga','676 Mariela Grove\nWest Randyside, VA 18007-2048'),(78,'molestiae','Romaguerachester','American Samoa','613 White Island\nPort Rosellaberg, NH 04533-3910'),(79,'tenetur','Port Taliaview','Brunei Darussalam','171 Josh Rue\nAdamchester, DC 03351'),(80,'optio','Port Lunatown','Saint Lucia','527 Wolff Mews Apt. 338\nLoganville, PA 86837'),(81,'iste','Favianstad','Liechtenstein','9771 Suzanne Trail\nWest Phoebechester, CO 25123-2144'),(82,'dolor','West Dejachester','Zambia','96557 Keeling Locks Apt. 146\nJohnstonburgh, MI 76130-9432'),(83,'omnis','South Odell','Saint Vincent and the Grenadines','200 Lavada Loaf\nPort Eden, UT 71607-0683'),(84,'delectus','Hebermouth','Libyan Arab Jamahiriya','63493 Buckridge Pike Apt. 817\nHermannton, MN 42977'),(85,'accusamus','Urbanland','Poland','8086 Paul Drives\nRexland, AR 33862'),(86,'quia','North Gerryside','Hong Kong','195 Stark Unions Suite 073\nJetthaven, MA 15508'),(87,'adipisci','North Laney','Guyana','77562 Langosh Lane Suite 116\nPort Jamar, MS 93698'),(88,'molestiae','West Tyreekberg','Guyana','2162 Sporer Terrace\nLake Adella, AZ 29661'),(89,'aut','Beckerbury','Armenia','711 Elbert Causeway\nBogisichberg, NM 45423'),(90,'corporis','South Maybellstad','Aruba','819 Raleigh Estates Suite 653\nTremaineview, WY 77339'),(91,'tenetur','Port Karen','Bouvet Island (Bouvetoya)','782 Marvin Points\nWest Keyon, PA 04459'),(92,'quae','Lynchborough','Suriname','287 Labadie Plain Apt. 440\nO\'Reillyburgh, TN 86182-6307'),(93,'adipisci','Zionmouth','Vietnam','81352 Reichel Walks Apt. 456\nNew Crystel, TN 75649'),(94,'voluptatem','Hackettland','Suriname','0055 Marco Extension Apt. 202\nErnserville, OK 21117-6647'),(95,'omnis','Roweport','Pitcairn Islands','47397 Itzel Plains\nNew Halle, OK 18951-8517'),(96,'laboriosam','Robertsside','Solomon Islands','4307 Hirthe Coves\nRatkeberg, WI 22104-6979'),(97,'aut','Lake Oda','Grenada','46738 Emery Trail Apt. 840\nLake Margieport, KY 56190-6960'),(98,'maxime','New Madalynstad','United Kingdom','1970 Christian Crossing\nNorth Joesphland, AZ 24026'),(99,'sit','Port Masonberg','Greenland','503 Berge Dam\nKristoferborough, PA 57094'),(100,'tenetur','North Aric','Cyprus','1236 Conn Summit\nCordeliaport, CA 31195-1947');
/*!40000 ALTER TABLE `school` ENABLE KEYS */;
UNLOCK TABLES;

--
-- Table structure for table `school_users`
--

DROP TABLE IF EXISTS `school_users`;
/*!40101 SET @saved_cs_client     = @@character_set_client */;
/*!50503 SET character_set_client = utf8mb4 */;
CREATE TABLE `school_users` (
  `school_id` bigint unsigned NOT NULL,
  `user_id` bigint unsigned NOT NULL,
  `start_year` year NOT NULL,
  `finish_year` year DEFAULT NULL,
  PRIMARY KEY (`school_id`,`user_id`),
  KEY `school_idx` (`school_id`),
  KEY `user_id` (`user_id`),
  CONSTRAINT `school_users_fk` FOREIGN KEY (`school_id`) REFERENCES `school` (`id`),
  CONSTRAINT `school_users_users_fk` FOREIGN KEY (`user_id`) REFERENCES `users` (`id`)
) ENGINE=InnoDB DEFAULT CHARSET=utf8mb4 COLLATE=utf8mb4_unicode_ci;
/*!40101 SET character_set_client = @saved_cs_client */;

--
-- Dumping data for table `school_users`
--

LOCK TABLES `school_users` WRITE;
/*!40000 ALTER TABLE `school_users` DISABLE KEYS */;
INSERT INTO `school_users` VALUES (1,53,1976,1993),(2,116,1977,1972),(3,45,2012,1970),(3,166,1998,2018),(3,296,2012,1997),(4,19,1987,2005),(4,105,2016,2016),(4,162,1972,2019),(4,290,2005,1997),(5,38,1997,1999),(5,57,2002,1974),(6,7,1987,1989),(6,94,2000,2002),(9,84,2003,2002),(9,245,1975,1999),(10,3,1999,2020),(10,22,1999,1999),(10,86,1999,1983),(10,112,1996,1983),(10,118,2014,1975),(10,160,2003,2008),(10,210,1998,1978),(11,61,2007,2010),(11,215,1971,2001),(12,87,1974,1985),(13,115,2000,2006),(14,105,1995,2018),(14,298,1997,2010),(15,258,1995,1976),(17,38,1975,2014),(17,152,2009,1975),(17,189,1974,2003),(18,69,2019,1990),(18,170,1990,1996),(18,213,2004,1970),(18,219,1976,1990),(18,280,2014,2014),(19,117,2005,2020),(19,146,1984,1989),(19,168,2004,1984),(20,108,1972,2011),(20,215,2019,1998),(22,2,2014,2012),(22,54,2018,2002),(24,51,2014,1989),(24,213,1973,2016),(24,293,1981,1990),(25,244,1987,1980),(25,247,1972,2014),(26,43,1991,1974),(26,208,1977,1984),(28,5,1974,1974),(28,123,2021,1996),(28,215,2015,1974),(28,226,1979,1999),(29,84,1988,2016),(29,121,2020,1978),(29,151,1984,1972),(29,191,1972,2007),(29,231,1987,1996),(30,71,2012,1987),(30,89,2007,1991),(30,300,1974,2012),(31,32,2009,1983),(31,37,2002,1971),(31,148,1999,1999),(31,223,1984,1988),(32,32,2019,1976),(32,112,2004,1978),(33,34,2017,1991),(33,170,1998,1991),(33,225,1981,2009),(33,290,2015,1975),(34,245,2013,1993),(35,255,1973,2020),(35,261,1984,2018),(36,166,2007,1974),(36,176,2010,1994),(36,197,1997,1980),(37,158,1981,2009),(38,6,1995,2015),(38,92,1998,2009),(39,163,1990,2016),(39,167,1982,1979),(39,231,1998,1991),(39,250,1989,1985),(40,110,1977,1980),(40,180,1993,1990),(43,201,1977,2008),(43,257,2013,2017),(44,125,2007,1996),(45,35,2007,1993),(45,203,1974,1976),(45,228,2001,2005),(45,239,2002,2004),(46,78,1982,1977),(46,234,1980,2013),(47,49,2020,1974),(47,83,2011,2000),(47,99,2015,1973),(47,279,1995,2021),(48,88,1972,2015),(48,176,1994,1984),(48,244,2019,2007),(49,136,2017,1982),(50,59,1989,1975),(51,98,1998,1983),(51,202,2016,1990),(51,232,1970,2004),(51,241,2016,1975),(51,250,1996,2015),(51,285,1989,1981),(52,35,2002,1994),(52,288,2015,1975),(53,14,1998,1996),(53,118,1988,1993),(53,122,2017,1999),(53,145,2004,1985),(53,170,1993,1983),(53,178,1984,1972),(54,81,2003,1990),(54,231,2020,1982),(55,35,2019,1995),(55,98,2001,2018),(55,207,2003,1997),(56,102,2002,1998),(56,114,1995,2008),(57,148,2018,1994),(57,182,1993,1976),(57,261,2005,1992),(58,42,1974,1982),(58,190,1992,1996),(58,212,1985,2016),(60,299,1987,1999),(61,18,1981,2002),(61,253,1982,1998),(62,23,1982,2020),(62,105,2013,2002),(63,170,2011,1996),(64,266,1998,1975),(66,261,1973,2009),(69,64,1972,2001),(69,215,2020,1985),(69,228,2009,1993),(69,247,2016,2006),(70,38,1993,2014),(70,134,1989,2016),(70,196,1974,2009),(70,219,2008,2009),(70,296,2013,2020),(71,291,2001,2011),(72,60,2016,1976),(72,245,2015,1973),(73,11,1971,1977),(73,63,1972,2020),(73,199,2001,1979),(74,114,1986,2018),(74,137,1989,2011),(75,209,2013,2021),(75,259,1984,1997),(76,162,2001,2009),(77,191,2017,2020),(78,25,2011,1996),(78,179,2003,1998),(78,214,2010,1976),(78,261,2011,2000),(80,144,1989,2006),(80,194,2008,1998),(81,223,2003,2016),(82,290,1997,1974),(83,177,2019,2019),(83,238,2006,1970),(83,246,2018,2013),(83,294,2009,1987),(85,150,2017,1974),(86,49,1974,1977),(87,18,2006,2007),(87,135,2000,2008),(87,191,2001,2010),(88,110,2001,1976),(88,143,2009,1985),(88,165,1998,2011),(89,175,2018,2004),(89,220,1991,1993),(89,236,2017,1991),(90,103,1981,2003),(90,179,2015,1971),(90,230,1991,2008),(91,94,2010,2007),(91,150,2010,1980),(92,78,1970,2016),(94,233,1997,1984),(94,239,2002,2001),(98,2,1982,1992),(98,12,1987,1979),(98,298,1978,1987),(99,72,1977,2018),(99,295,1998,1996),(100,175,1986,2002),(100,250,2007,1982);
/*!40000 ALTER TABLE `school_users` ENABLE KEYS */;
UNLOCK TABLES;

--
-- Table structure for table `users`
--

DROP TABLE IF EXISTS `users`;
/*!40101 SET @saved_cs_client     = @@character_set_client */;
/*!50503 SET character_set_client = utf8mb4 */;
CREATE TABLE `users` (
  `id` bigint unsigned NOT NULL AUTO_INCREMENT,
  `first_name` varchar(145) CHARACTER SET utf8mb4 COLLATE utf8mb4_unicode_ci NOT NULL,
  `last_name` varchar(145) CHARACTER SET utf8mb4 COLLATE utf8mb4_unicode_ci NOT NULL,
  `email` varchar(145) CHARACTER SET utf8mb4 COLLATE utf8mb4_unicode_ci NOT NULL,
  `phone` char(11) CHARACTER SET utf8mb4 COLLATE utf8mb4_unicode_ci NOT NULL,
  `password_hash` char(65) CHARACTER SET utf8mb4 COLLATE utf8mb4_unicode_ci DEFAULT NULL,
  `created_at` datetime NOT NULL DEFAULT CURRENT_TIMESTAMP,
  PRIMARY KEY (`id`),
  UNIQUE KEY `email_unique_idx` (`email`),
  UNIQUE KEY `phone_unique_idx` (`phone`)
) ENGINE=InnoDB AUTO_INCREMENT=301 DEFAULT CHARSET=utf8mb4 COLLATE=utf8mb4_unicode_ci;
/*!40101 SET character_set_client = @saved_cs_client */;

--
-- Dumping data for table `users`
--

LOCK TABLES `users` WRITE;
/*!40000 ALTER TABLE `users` DISABLE KEYS */;
INSERT INTO `users` VALUES (1,'Ricky','Bednar','raoul06@example.org','(520)470-75','14637416c60cac7d9333ef63db0a4486fecf7aa8','1986-01-27 17:58:28'),(2,'Enoch','Legros','murphy.pietro@example.com','+05(9)39507','2457fb753d8fce331549e63d66f3995230fb285b','2007-06-29 07:37:31'),(3,'Seth','Kirlin','lisette40@example.com','479.312.414','7c002e0da9af1fe339c5ade8546d7012e552fe4d','2017-10-08 23:20:57'),(4,'Roy','Breitenberg','maci.aufderhar@example.org','983-724-335','18210ca7f6547ab9471fe6b03870e1de71c6d266','1985-10-23 13:56:41'),(5,'Jacynthe','Upton','chelsey.bergstrom@example.com','06248571717','4d65ff478d52c87b7552e85d2716e49091e0a43e','1976-09-23 03:48:11'),(6,'Ova','Howe','rachelle59@example.com','265-448-152','5387a7c4d3880e0c10c412babc336d5a4ef7af2d','1998-07-05 09:06:08'),(7,'Retha','Bednar','shaun.gutmann@example.org','147-933-988','afe11d9384ae5d7c2ca6720f859d6f03f4c7e833','1974-01-22 02:47:57'),(8,'Matt','Rohan','osvaldo.aufderhar@example.org','1-039-346-2','31f50f9f7699e5069c07db25e09db6fa89064a37','1972-07-18 11:54:04'),(9,'Rachel','Osinski','rbeatty@example.net','818-904-586','aa203f2066930df5efb7e89ff2e2240487831e8b','2012-12-06 20:44:22'),(10,'Nathanial','Carter','esmeralda.ratke@example.com','1-861-169-7','2f05e61eeb596872dfa292573fd99a29641d3e49','2016-04-23 04:51:18'),(11,'Madie','Lubowitz','stephany42@example.com','684.147.067','bad23faecdca4a0aeba67a631c8b9685fc85b592','1981-11-16 22:40:14'),(12,'Damion','Kunze','skyla.hagenes@example.org','829-986-084','af1e92461e3a73fc81067b5b020020c914107efe','1980-01-24 05:45:39'),(13,'Marco','Blick','marisol74@example.net','1-065-479-4','62f7407ed25da8dc5c7a8674c47f0f0658de0d56','2010-07-12 09:30:26'),(14,'Carley','Leuschke','ykiehn@example.com','727-297-540','e54f6ad27aead47ca861eebe90aacf9f344f5eee','1980-05-15 08:36:05'),(15,'Elisabeth','Lockman','arely64@example.net','057-004-532','807f059240a9e21899874361d99490cd0ea3ea28','1998-12-12 09:36:42'),(16,'Joey','Kub','wbednar@example.net','441.050.489','db4a7adc63064eb259ee09e5f1dd47787e4ff51d','1996-06-28 03:47:45'),(17,'Destinee','Pagac','vdenesik@example.net','342-846-500','3fd513b8a718c65e3d06c77344a4d041dbaa5b63','2002-05-26 04:28:41'),(18,'Lizzie','Walter','dvon@example.net','629-423-000','a54de0ed5e11b4f804df725a6b83e3180a54cff8','1983-05-16 12:08:57'),(19,'Hellen','Heller','camden69@example.com','03653424774','8b994526096f6dc673067a5dc5a55b8704330c01','1970-12-02 04:14:57'),(20,'Callie','Jacobson','rmcclure@example.net','1-140-340-4','78a17b65ae847dee184c06f4754dc839a96e3bc4','2009-08-13 13:07:21'),(21,'Hector','Crist','mayer.dena@example.com','383.492.520','55e1e357588078c66d07088d0839e02d91aa5cb7','2000-06-27 21:53:45'),(22,'Rodrick','Christiansen','mozelle72@example.org','1-024-669-5','d065cbfd198618ed995e43d2a4e41323083fd7fe','1999-10-21 08:14:23'),(23,'Emory','Thiel','chase.beier@example.org','1-579-789-3','9e8766e4ad1b9fb85dffab900c8752b181dd8a87','1988-08-03 19:39:21'),(24,'Rocky','Zboncak','johns.gina@example.org','00184058033','d2ef74ed9dcd6b545be9dbb46da2544727d6e324','2006-02-02 09:04:00'),(25,'Chet','Little','charlotte.grady@example.com','+26(3)42056','b6d62abef66289bf0ca30c937260b69d03675b93','1999-11-28 06:01:15'),(26,'Theron','Torphy','nick79@example.org','(690)241-55','ffeb6711db420b37771faa671b8b65fe30efc259','1977-04-12 18:32:36'),(27,'Josh','Pfannerstill','neil.o\'keefe@example.com','04594396025','ee22c02511a9be363d317737234954ee0567f066','1994-12-26 16:46:29'),(28,'Camren','McKenzie','feeney.alaina@example.net','(118)920-44','f4bb64211d63d7d135e900c71aae62eb6afa4d8c','2011-07-20 21:30:30'),(29,'Mathias','Hayes','brown.yvette@example.com','(429)058-84','c107490ecf74215ee392bdf569ffd2e244a30a84','1981-03-31 18:44:09'),(30,'Brennan','Thompson','balistreri.hailey@example.org','959-522-507','3b390cd6d8601abfb13c997a8116317878691a6d','1988-02-26 21:01:47'),(31,'Abby','Brown','preston44@example.org','+01(8)44870','310951202738ccfafdfa3eda04fa7f2e7de5b07a','1974-03-17 20:05:05'),(32,'Rafaela','Feil','prosacco.urban@example.org','+26(0)75707','cd22fef3beec33f14a8794b27c26f1c2afbf41c3','2001-12-20 07:32:06'),(33,'Janis','Wilderman','cayla28@example.com','765-670-037','9548c209595857f257ff3803bfeb213892bb5883','2009-03-12 16:21:47'),(34,'Antwon','O\'Reilly','feeney.margot@example.org','1-035-714-8','973cc3a03fec2f45eadc09eaeb6cabf056664c03','2003-05-16 02:19:49'),(35,'Marcelina','Kautzer','ghyatt@example.net','(962)032-05','fc1874136a5afe4b4425b7f305f9deb92f639030','1977-11-24 14:28:45'),(36,'Roxane','Lemke','piper.spencer@example.com','182-082-717','49c842926dc9a299447b7a83724b33ce9070f06d','1991-07-11 23:01:57'),(37,'Simeon','Gerlach','celia.langworth@example.com','(734)877-35','57ca4bc116ac77e31a9891d43af6e6f7e2e31d5b','1988-06-07 23:42:23'),(38,'Judge','Schinner','ocremin@example.org','318-408-856','791e5d6c0020b4dad5d611d25b43e8e91b210383','1998-10-04 23:23:01'),(39,'Ashlee','Ryan','consuelo67@example.com','971.515.583','eb2180d55d694454d20f214a99d75367e859de1b','1993-03-15 19:53:28'),(40,'Tanner','Rogahn','armstrong.marina@example.com','(452)753-12','fb5a7bf59fc1de0585afe3ef4580624fb2b134d6','2019-04-12 18:23:04'),(41,'Nicholaus','Gibson','daniel.wilbert@example.net','1-632-846-7','018a22812f8effe122023b00b7518cc9ccb893cf','2002-03-11 22:51:39'),(42,'Orin','Hauck','odell.hagenes@example.net','090-427-435','ab118c153057954b2445a5238688a63c3e30bcc3','2004-09-27 12:44:54'),(43,'Pamela','Goyette','kunde.vance@example.net','171-250-494','e64f0d391abfc8ddf52acbd1339c6e25eabe48bd','1987-01-13 05:05:32'),(44,'Cristian','Orn','omills@example.com','354.774.630','641031aa4b192c2d8b16f7a795ce5ffa30a45a93','1998-04-27 09:13:37'),(45,'Aliyah','Boyle','reba53@example.net','830-064-486','a0c0584d69018b1ae44790a803975b2c7c8e3efc','2012-11-06 07:00:58'),(46,'Yvonne','Larkin','yazmin.gusikowski@example.net','181-744-876','b13ee77fc6a94a942d0be326d78d2bcb8dae7847','1991-02-01 09:07:50'),(47,'Geo','Thiel','laila33@example.com','169.447.758','d3f5c19a7f06f6a844c6d6bb7956b62cb4d73bd6','2020-07-17 19:23:30'),(48,'Dorian','Marks','gerlach.annamae@example.com','(849)626-32','a99dce2f9731abd6fdb0cc90f41cc75586222c96','1978-12-01 08:32:18'),(49,'Davion','Lebsack','xavier.mclaughlin@example.net','(381)937-95','aa8c29127cb2bfeefbdb932723253c4ba65e08e4','1975-08-15 15:20:33'),(50,'Kobe','Oberbrunner','hilll.ezra@example.org','1-096-218-3','0aba1d74bbab0de5186a3274ccc4e7a84a4e12e4','2003-03-30 18:39:58'),(51,'Delphia','Rodriguez','aylin88@example.net','079-808-578','565bce53279ae3cf15a3224efdf6e3187211196c','1976-02-08 02:03:38'),(52,'Clotilde','Hegmann','dgaylord@example.net','714.561.840','e7b8bc8a0dab152a77ef39df080b24ce5d7ae757','2009-06-07 22:00:34'),(53,'Shaun','Gorczany','jerald.koch@example.org','808-879-047','05ed71e2ec4155f08b75f829478b01b76b18a8a9','1978-10-09 19:14:49'),(54,'Johnson','Miller','ferne.howe@example.com','09565920178','c0fdd3f0d5171e3958cacefc7add9156ecb6aa5c','2012-11-05 17:33:18'),(55,'Billy','Sauer','else.johns@example.com','1-965-023-3','19b2d0d4aef368ea83783da04888cad71734d08e','2007-08-31 14:44:19'),(56,'Arjun','Heidenreich','linnea22@example.com','758.640.999','4346f9d53aaecee985bb63944ec1f166be3a8c23','2016-07-22 14:20:47'),(57,'Tyrel','Hoppe','pedro50@example.com','(350)701-22','394b06bb4606554a99ac1a307b8eda6f73b25b9b','2019-07-05 09:45:53'),(58,'Jess','Moore','urobel@example.com','+00(2)30575','f5273d75b0d1f48d82ce4948c477b6766dd0cdd1','2002-11-07 21:50:24'),(59,'Garth','Stiedemann','vkoelpin@example.org','805-747-103','f1252b46309a2ab3a45fe582ba4671202ffbd8fc','1997-07-05 18:13:07'),(60,'Karen','Kautzer','rosenbaum.horace@example.org','1-670-552-8','b0a1b711a0a4d6bc720b20d4b1b1769ca1b68386','1992-05-28 02:50:53'),(61,'Elmo','Lehner','vvon@example.net','978.803.697','ab4bb9259dbcea3e6e23d901e22e3c93c96d4b62','2012-12-17 08:01:34'),(62,'Thurman','Abshire','schuppe.elisa@example.net','(637)675-49','90afe76295358034eab846102073f51597addda2','1976-01-20 14:53:47'),(63,'Lily','Gibson','tkuphal@example.com','342-889-616','896bb0a1c75625ad44870deac27b8b9a23fd7734','2009-02-18 22:12:56'),(64,'Cedrick','Kunze','labadie.mikel@example.net','192.438.201','17b25e4b6956c67353ad1fddc67a653ee5796e73','1998-03-17 08:31:10'),(65,'Dustin','Doyle','barrows.audie@example.net','156-680-041','4030e46009c7892164e2bd6d0f61811a19e3937b','1976-12-18 09:41:56'),(66,'Gordon','Abshire','yheaney@example.com','917-251-247','aeb4571cb02a8b3e6156ca4787dd8302f46ef240','2017-05-06 19:59:23'),(67,'Daphne','Wisoky','cronin.duane@example.net','929.308.826','8687ef7ff04169a80a0003070fdfb502b796f920','2014-01-16 12:19:22'),(68,'Delmer','Ullrich','ykling@example.com','+05(2)13121','68fc21a11f200e74c4af1c945d597e7a5fedc951','1976-03-04 08:15:08'),(69,'Trystan','Keeling','timothy.o\'connell@example.org','490-734-501','d59c6db54580134fb54e6d29e60886bcd836c4b4','1998-06-24 20:22:08'),(70,'Kattie','Fahey','rstoltenberg@example.net','(862)406-60','4d16644777678fc6e1d4f4dfcb3dce6a1d8b448d','2002-11-16 09:00:39'),(71,'Lucious','Herman','linwood.schamberger@example.org','548.119.324','ce088c7e0b285148e886cdc1e26cb176259e39bc','2006-12-07 10:33:57'),(72,'Heidi','Williamson','sterling09@example.com','442.057.220','d6734496c22c36c94f459185190962459aae9794','1992-12-07 17:16:56'),(73,'Sammie','Toy','bjacobi@example.net','152.586.061','8f1324f3cbd91816be7f3d5efeb1e0536789fed5','1983-07-15 23:25:06'),(74,'Taya','Windler','ruecker.zackary@example.org','280-326-999','726523f0fea3156c985685c48507f7be3901f225','2014-09-02 21:01:33'),(75,'Jennings','Grady','lturcotte@example.org','(420)194-43','aa953d27f00726a656ae275a84f3f851ce4a4cbb','2004-11-21 07:41:55'),(76,'Theresa','Schroeder','willard.halvorson@example.org','(523)896-41','b545c4a3e7df7e5a39a2ffe5e68131b43181be15','2000-01-24 04:32:53'),(77,'Margie','Hahn','koepp.alison@example.org','832-294-673','c4d2e695a01bf49ee0118659093e5724b8e2ff48','2013-05-09 18:27:33'),(78,'Sophia','Schultz','alvena09@example.net','(533)730-98','6854cb3ae81e0558ca724a5d4d8320043d778e6a','1976-03-19 07:21:57'),(79,'Cristobal','Volkman','kasey.murphy@example.com','911.932.047','761e2f49d2c2f82a411acd74c98ca0366019f6d1','1996-03-26 21:12:20'),(80,'Filiberto','Trantow','keegan46@example.net','(641)265-81','23e470cd8fd7fdaca525a0f3cb3760a2225e48c9','1975-08-14 07:43:45'),(81,'Evie','Willms','clemmie89@example.com','519-010-969','60285cc44d74839b855d8e9bb64a0347dc933997','1991-04-04 23:16:51'),(82,'Tomas','Simonis','brooks46@example.net','623.044.482','8ce97be7a48d60f5cac69b56b2cdddadc6adab76','2014-03-13 22:53:27'),(83,'General','Mann','kpouros@example.net','166.909.499','ca930da84a9af221db09dc249a61dfb3b92aebbf','1979-12-01 08:12:50'),(84,'Shania','Braun','turcotte.wilma@example.org','611-630-517','89da73cc018d1454c144cce6d03d6ab218a117cd','2012-07-31 00:41:02'),(85,'Patsy','Quitzon','elissa26@example.net','+44(1)15708','4f7a5a0f02a820c6f8cca852fa9ca784b070e254','2017-08-28 14:03:11'),(86,'Julius','Bogan','paltenwerth@example.net','403.792.636','f99e4403f01a3d2d1b6d1c88ff9f00a8ad899949','2019-11-10 21:03:08'),(87,'Juvenal','Hilpert','abalistreri@example.net','06263646513','efadbc7edeed5f0f323214f7994235422630fe5d','1970-03-28 10:58:56'),(88,'Gaston','Tillman','fannie53@example.com','382.063.359','38a43ed680817a8d1183db9f41e04f1b002be417','2001-05-19 16:27:16'),(89,'Chasity','Bartell','gwen.lesch@example.org','490-846-815','3075a7923a21919525a7861ba056eec4fae57602','1978-04-29 06:43:42'),(90,'Jed','McKenzie','isai.marks@example.com','247-722-063','1da88989a71c946bb462ab287c89c8c76c629da9','1976-07-29 21:03:10'),(91,'Ahmad','Beer','marvin.duane@example.net','+91(1)74261','77d7e0589146e0aae351210e5c4a7dc74f6b7cdd','1998-10-22 02:34:38'),(92,'Winfield','Pouros','cassin.annabell@example.com','1-693-988-6','d979b18d2a7bba027ce2aebc383f7f6073e77cda','2001-03-21 23:22:47'),(93,'Margarita','Schumm','enrique.schimmel@example.org','1-109-859-3','9d82edcd916412b049d8d47fafa44a029ddb0b51','1970-04-17 15:49:34'),(94,'Cyrus','Abernathy','katelin62@example.com','1-003-641-0','e68a15bd949015b63a851c4e41458385f4fb5dcb','1996-08-14 03:46:16'),(95,'Paul','Rice','harber.tess@example.net','+94(3)14492','b287e186ff27d740474e6e1caefc18a1d6af124c','2018-07-08 13:33:14'),(96,'Destini','Weber','mills.patience@example.net','05459440016','4a0b90d3db1e551368bdd390f664369d02643a19','1975-08-04 09:18:36'),(97,'Pauline','Gorczany','uhowell@example.org','1-487-353-4','62e93f2807e7bcbea9356789d31b1a4ca4bdd895','2020-08-09 09:23:25'),(98,'Sophie','Muller','ivy38@example.org','846.000.823','b95a0c84d8b487028c5ed2cadb07f12a893e171b','1990-01-10 11:02:52'),(99,'Alexys','Powlowski','whalvorson@example.net','1-194-456-8','fbf3df1a337df58c2abfd08a14717f2274406686','2010-12-03 04:02:25'),(100,'Maudie','Ferry','eden52@example.org','(299)409-46','262129d42183d0d44126f7faea53ce50b9345bd5','1985-01-10 19:43:11'),(101,'Beau','Littel','cletus.ferry@example.com','(768)028-17','70bc9ba700bfc75a994f8fc4126cdac80159a10a','1989-05-19 17:49:05'),(102,'Kaci','Hoppe','altenwerth.roselyn@example.org','406.535.660','d68fb8188a1a6e9182919f64873f44bb4b5c3481','1983-12-12 10:47:34'),(103,'Nellie','Klein','gbrakus@example.com','1-324-555-5','bf910381fca322c51db9d23cdac05e9157c06406','2018-05-06 21:02:00'),(104,'Avis','Corwin','tad70@example.org','113-681-695','d8bd1354d860ab9cd08eb3a5709378d6e428182d','2019-10-09 08:17:04'),(105,'Albertha','Collins','bayer.patsy@example.com','(561)547-35','dc4140919622aea0658db396aca925a109a48b80','2009-02-14 15:12:25'),(106,'Fritz','Johns','floy.braun@example.net','682.671.164','c6cc56fd9c3b6179dcf6f9ee169a3e30adfeda6c','2002-01-12 10:06:39'),(107,'Gladyce','O\'Conner','romaguera.halle@example.net','03441302644','d68c9048a41b9827d6bf3e5abf3a2380fce47c80','1995-02-08 10:50:17'),(108,'Tracey','Schamberger','huels.teagan@example.com','(401)898-35','29e0bd54cdaed13792ebefb01be1269948b3ec77','1989-10-23 20:58:11'),(109,'Kian','Cummings','hallie.kohler@example.org','09102735339','f360a1f717070546eef7768eef4828e3236235ca','1971-06-02 02:59:39'),(110,'Catalina','Hauck','kunde.leila@example.net','080-826-912','52de4f712eff03befb649f599515bb3a2a8d343b','1991-09-06 14:38:17'),(111,'Yasmeen','Strosin','etha15@example.net','+44(4)97866','4d50cb354044d234bcafab80df18e28ed779c780','1981-11-16 15:28:35'),(112,'Ewell','Dietrich','oglover@example.net','855.601.940','9cad92c0c17414f17e93b27ea5342e1bdd4e22c6','2015-07-11 16:11:44'),(113,'Kaley','West','demarco.goldner@example.org','148.215.718','19d2a48b0298b7088980016d5ba53d9d443f59aa','1970-12-25 07:08:44'),(114,'Trisha','Muller','alisha.homenick@example.net','1-121-641-0','71d0ce11c3d476cbfd63e7b4ccb98d39dff8cc5d','2019-05-27 23:27:19'),(115,'Oswald','Boyle','francisca31@example.net','171.311.855','cc6307338df28b4473dd8fb90fb91ce23d1cb94a','2016-01-29 09:56:18'),(116,'Rosario','Bashirian','peyton19@example.net','06972912850','b701f42963f8d2e85e7d8efc6b599c82cbe16dd6','2020-10-14 17:10:31'),(117,'Willis','Schroeder','aracely.labadie@example.com','1-410-833-1','d08800308c440872a0f773310cc13529c9b64a6c','2003-06-27 23:35:13'),(118,'Morton','Schmeler','rhoeger@example.net','239-405-639','d622c44568db6e70016ed0ebbecfb40e232d1a38','2019-06-25 13:31:02'),(119,'Ulises','Kassulke','veronica12@example.org','1-242-054-7','26b51fa9389295d08e99fd900d1f1482d3b5bb66','1983-10-11 04:19:04'),(120,'Joe','Schultz','brenna90@example.com','(460)729-10','1eda4eb22b0fa4f090b30d15e1e4910821cfb209','1983-06-01 05:02:58'),(121,'Sim','O\'Connell','tankunding@example.net','1-894-954-3','fec677b674efa1175f11c516ed34f4dde134ae93','2000-02-19 01:28:57'),(122,'Izaiah','Eichmann','ojohnson@example.org','+25(4)29224','91f53971caaf2f4b1d6deaeb0e2e5b55ff4a6f9b','2006-09-04 22:08:16'),(123,'Max','Morar','reid02@example.org','(835)738-91','5c06df167093f005c584a44d675aa33d646d18cb','1974-09-07 23:50:18'),(124,'Anita','Sipes','citlalli87@example.net','(839)061-03','f4368b34add388ee09683bfcce2e64b4cc21d96e','2002-01-15 08:37:01'),(125,'Remington','Wolff','carolanne79@example.com','712.458.578','3a6b20cbfe07d5c28ab32fdb605a8230a7623a39','1989-09-11 22:59:16'),(126,'Martine','Feeney','sage35@example.org','1-278-008-7','d856efe8371a77aa32ff15ee5bc49120b21f7f99','2015-06-30 06:13:40'),(127,'Spencer','Langosh','blaise75@example.com','1-169-100-9','3ba91d833a41fb3d8434640aa9f5150b4969f183','1975-12-17 22:54:45'),(128,'Marisa','Hane','roel.padberg@example.org','968-121-458','c275aa5b28902fc254d89dafddb03d788ffb647a','1999-02-22 20:01:22'),(129,'Royal','Skiles','mdenesik@example.com','234-220-065','bb9dc4a7b1d346bd25c0ea629d715ec671d174b9','1994-07-13 04:20:04'),(130,'Hilton','Deckow','aubrey.carter@example.com','1-329-692-8','7269db69a828c539e73dc3499352fa54712c2c6f','1983-09-30 08:06:25'),(131,'Stephon','Hand','britney25@example.net','+68(1)04206','bc3fdcf86ca87f576fd2f381b07c7d8b5ab462d6','1973-02-08 22:48:57'),(132,'Joshua','Dickens','eloy34@example.net','+13(7)08680','52d4f0dbf5071d6b6aba35d4868e812bf0aa6b98','1979-01-31 13:27:39'),(133,'Jackie','Huels','bhilll@example.com','522.772.067','059bcf5b5bff0b0be2f52e3ab33c19daa342deaa','1999-02-20 15:12:14'),(134,'Brody','Hammes','king.ransom@example.net','03085354193','7c21f40ef8f2cbb4e87766aaf00d8c094c29c857','1972-07-26 12:22:02'),(135,'Maureen','Goodwin','glover.tessie@example.com','06107529392','45a0b4a45a288a4d2d03da72eba801be92a20243','1998-12-30 05:14:18'),(136,'Darrell','Gusikowski','kuhlman.ludie@example.com','716-912-162','312796115ad95a03df6bf4c69f8a38d5ad404aa3','2001-01-18 03:55:41'),(137,'Karli','Kerluke','jovany.lemke@example.net','(028)670-67','278f88abfee967a0ca6fb3ba5bfaed2266efda39','2011-01-14 22:25:58'),(138,'Charlene','Welch','smith.cordia@example.com','(651)612-20','18e7c8f8b7d85c711fc078f10c99a239e0a51912','1971-04-28 11:49:33'),(139,'Ida','Denesik','henry.kessler@example.net','1-279-728-6','8c850232011446388385771a1163bd2649f7ac5e','1970-02-10 04:45:05'),(140,'Hallie','Rau','kuhn.simeon@example.com','908-697-664','afacb81d15da69c3e3f96aa356714f42915c1a9c','1999-05-27 16:49:48'),(141,'Salvatore','Jacobi','leopold.greenholt@example.com','+22(0)17691','1c53d03ec0930268d8c1847f7101144df3d02e78','2004-11-06 14:09:27'),(142,'Shany','Wunsch','kaden19@example.com','+62(6)44202','08c23ca5696486e7f519b60bb4ab36d6b6dfaff2','1993-08-08 03:56:39'),(143,'Eldred','Senger','hailey.breitenberg@example.org','771.942.292','3b1b0b58c28ec096fb48dabee7f39e7f8601fc7c','1970-07-22 06:45:11'),(144,'Lessie','Donnelly','delphine.pouros@example.org','(162)394-71','25fcb7d818c88d52aab0a4e31f027a69987f5a4a','1976-01-06 19:25:49'),(145,'Carolina','Cassin','destinee64@example.org','035.712.614','d29bf42d6f511c43e8bb27e6419c7dcfcd280dbe','2014-12-27 08:57:30'),(146,'Jacinthe','Blanda','adrian.monahan@example.com','07634131221','8d7c2d5ca9d8cf6e52ea045928df0aabf840cb2f','1996-01-03 10:31:21'),(147,'George','West','cmaggio@example.org','(260)485-36','ab034c1394e96f2e4c25b1e06cc468e5546b1f16','1993-01-24 02:07:11'),(148,'Giovanni','Pouros','kkovacek@example.org','(880)741-51','b6bdc66178f784fe5aed0cc742997f78e32ec022','1979-02-15 13:08:29'),(149,'Maxwell','Kshlerin','alvena17@example.com','198.762.142','de01430972112cad96d9bc80c7fd6becc298cc52','1983-08-08 10:24:58'),(150,'Cloyd','Bednar','watsica.ben@example.org','(966)837-69','770f2f18272413c079c1abc2523832c3d65986b0','1990-06-03 05:08:27'),(151,'Kristy','Schneider','trudie.marquardt@example.org','953-254-213','6cbdc575963f6bff5c47b0055a03c2025defce74','1987-08-18 08:09:19'),(152,'Giovani','Reynolds','beaulah77@example.org','+10(3)62315','cf5d32fdb4c89a9d49fc3927e24fe1f10e8e8331','1988-10-13 03:16:42'),(153,'Lamar','Leuschke','lindsey45@example.org','011-016-106','d5e44c43f375dc7cae35c8e58df934b5788ff671','2011-12-02 09:49:51'),(154,'Carolina','Spinka','dustin.rolfson@example.org','+67(2)25008','5ac9e14e0285f871a2ae983999aaaff36e6e8f3b','2002-11-20 11:51:30'),(155,'Ole','Hilll','fking@example.net','512-055-162','ad30e8fc0870440aacd901da3a4178b1b73eb769','1974-06-14 19:09:54'),(156,'Anna','Hayes','ustrosin@example.com','178.174.145','54b9c4eab7c2d1a2ab6ea5068c6c285188f00453','1989-11-15 03:26:24'),(157,'Clifford','O\'Connell','ursula.rau@example.net','+58(9)63480','de8a8980c5607fba38a5735418d9f78ef75e042d','2008-08-06 09:47:10'),(158,'Linda','Blanda','nratke@example.net','1-302-143-7','f4448c96d47b3a9a5c128c2f75e1566abda2b121','1982-05-05 02:18:28'),(159,'Oren','Wintheiser','august.parisian@example.org','(674)540-99','048dc4dedc0dfad48bd332f06340f8dc4d63f203','2019-02-10 14:45:26'),(160,'Elisabeth','Treutel','zkoepp@example.net','(856)460-04','8a8910aaa2472904990ef6bcdfed81173304c23d','2012-08-20 18:33:38'),(161,'Jany','Muller','orville.o\'connell@example.com','(994)481-05','e4b1d4daaa656cf5ee982cdef1f6b25f3e0e0020','1994-06-14 16:36:45'),(162,'Yadira','Bogisich','hframi@example.org','(038)711-43','51cd35b3e40ba13a4a4488035a5763ebdf27e76c','1982-04-16 04:25:39'),(163,'Nikko','Lehner','raphaelle25@example.org','08374965759','8cd84e7d75faa37ec49acbe34af63b1a84e6c06a','2001-10-22 17:34:08'),(164,'Shaina','Pagac','herman.volkman@example.com','613.701.159','ae8ea84da62dff23e4687bb58ceda0d0558a05fd','1990-10-17 14:20:56'),(165,'Fred','Dare','jazlyn14@example.org','(234)008-39','dd277cb7595943d5031fa030feb4cdc8110d05df','1997-08-09 02:27:52'),(166,'Billie','Stamm','qlittle@example.com','(794)359-27','25a68837fefefb003ec607a3f0af0bffa9338a92','2016-08-10 23:16:17'),(167,'Sarah','Heaney','labadie.caleb@example.net','337-697-917','0c5b2391da3622c0cd03836f25e7a384d5887531','1975-05-09 13:03:58'),(168,'Jazmin','Klein','felipe.veum@example.net','349-253-692','274d9c02e47dae329bef8421caa0864dadb0a7c9','2011-07-19 11:24:22'),(169,'Rick','Gottlieb','rita.hauck@example.com','301-894-700','ca175c12ab61d2395934ae7ecb0480e30d5c28ed','1976-01-01 23:57:25'),(170,'Declan','Luettgen','reva.armstrong@example.org','412-317-533','231b05af5c6cbbb821e7817ea15f2e625488fc30','2005-04-25 18:47:43'),(171,'Eino','Schmitt','xstiedemann@example.com','+72(9)34410','3857160865b8de94ecd643b82a86ef263d7dcee4','2011-07-24 02:17:13'),(172,'Marcella','Kohler','rhackett@example.com','+46(3)93504','607854282321c58b5e72e02bb966ab9d3e90a8b3','1972-05-14 07:21:19'),(173,'Maxwell','Ankunding','dorothea50@example.com','1-866-066-2','e54008b9863b804fb5397603951515781cea5a23','2012-06-09 14:30:10'),(174,'Kane','Hackett','kbeahan@example.com','1-618-119-7','9c3e49eb86620b3a7b4c80ac034aa619b39d1d00','2006-08-22 22:25:32'),(175,'Deja','White','presley37@example.org','995.498.462','df6a16f75e65fe86aad0bee280e54a2e4ba77b54','1973-05-11 13:49:46'),(176,'Terrence','Dooley','bode.lavern@example.com','876.522.938','71af6abb91a28424c0073ceb55f3131bae7bf805','2003-04-06 14:20:18'),(177,'Chloe','Runolfsdottir','kunze.rose@example.net','09867478712','19e83a6645edf8b7d802535a6d955275378f8171','1991-10-27 18:00:32'),(178,'Helene','Hodkiewicz','hmertz@example.org','(625)268-50','9573dee896e322e2efcd56aa13ca7b2331c11ec9','1994-02-15 19:10:25'),(179,'Kiera','Paucek','jessica29@example.org','841.292.238','b920e83718084f8912ffd400de1d7416de4cdc67','1982-05-31 00:44:08'),(180,'Clarissa','Metz','bennie.koss@example.net','458.630.497','babf899b5b42049b72b7c14ccd4e36c8785e25b1','1995-07-21 09:03:10'),(181,'Oren','Powlowski','eulah.abernathy@example.com','1-703-396-5','4f167b2f43d2dba6c744dc4b06fcafa365fa503a','1970-09-16 03:36:36'),(182,'Jack','Heidenreich','dgleichner@example.com','923-188-409','85061b466e0784ed1ad9f6d958a16300fdfb75e4','1998-12-03 00:56:29'),(183,'Gabriel','Prosacco','klein.aniya@example.org','710.805.839','66c2cf981431ab5ec0bfce06f29f9a3873f1a5e2','2015-08-27 11:11:33'),(184,'Derick','Funk','katharina86@example.com','596.208.021','02276cebadfbaff00b3c04dccae105461ed0f6e7','1993-01-09 00:53:27'),(185,'Maurine','D\'Amore','eddie.windler@example.com','895-970-197','fbf2abd35bf9d75f860f442e4cf241da9e65927c','2006-07-30 10:53:28'),(186,'Darrion','Gleichner','sipes.adalberto@example.net','(139)866-24','8e58902832fd28092ef3f14a06a2b3824ff2f155','1988-01-13 16:08:54'),(187,'Gayle','Tromp','milo74@example.net','1-116-537-5','e635ba622f801770d6ca776b4861458071bc1fa0','1977-06-05 22:33:01'),(188,'Pattie','Baumbach','morissette.brice@example.org','1-354-745-0','094972c0e9319059b57596c4e8312a54d9d86cf5','2002-02-06 00:47:44'),(189,'Ted','Mraz','boyer.reilly@example.com','1-960-301-3','80df136bc8d24be1a1c71b7343f991aaedb36119','2012-10-06 05:18:35'),(190,'Misael','Rippin','mary91@example.org','02623666000','07312ef35a27360cc7e3d5d25d5cbb7ce717a704','2012-10-27 13:20:44'),(191,'Maida','Cartwright','cshanahan@example.org','(042)176-66','216c985a705e7eb404e9b73702f4c96b416ec8fd','2014-04-25 02:38:32'),(192,'Anya','Cormier','markus.hansen@example.com','1-468-961-0','d34bbc93c31b58cdba9455e6edc1e3a984210cd5','2009-03-16 11:36:34'),(193,'Lambert','Stark','o\'kon.montana@example.com','04809245551','b1c3d0244508127d86e0b679824859cab5715a5e','2003-09-01 13:15:48'),(194,'Favian','Herman','lwaters@example.com','(780)893-90','6fc16456fa4d9238c6b16e49f8faa707aeb78d6c','2017-01-22 18:45:41'),(195,'Shannon','Farrell','hertha43@example.net','00170999716','f652536d5a121409deeaf2fb11285c2720651acd','2017-02-28 03:35:49'),(196,'Aliya','Jacobs','zmayert@example.com','(742)257-85','7ee50cb951236793d98d680628f40d0ba3c2eaf4','1986-05-31 17:16:33'),(197,'Luella','Mueller','betsy.upton@example.org','1-660-537-1','df1f53dee10bd016c6cc833938e00334787b1587','1994-10-17 22:43:02'),(198,'Percival','Murray','upton.charley@example.net','922-018-194','fa07c37ba498fd06f7c52a6d5578c327db3df7fd','1988-11-09 05:06:42'),(199,'Deron','Little','spencer23@example.net','(316)179-68','3cce423e21e43d36319ff8647bebedd229407bdf','2015-05-27 23:07:13'),(200,'Charlie','Weber','tdickens@example.org','313.500.194','dd1a8a3e490fc5b36dc79104013248bbfa593748','1996-11-26 13:47:50'),(201,'Dell','Kris','ena.wuckert@example.com','(763)622-93','016f52058946df83430959d9ee72ada123b92f04','1990-02-03 13:33:54'),(202,'Steve','Stroman','shanahan.jerrell@example.com','839.300.182','6d62e825a21bd77d723ac2096376a4fb4d7763e0','1972-01-03 23:24:51'),(203,'Christine','Osinski','raynor.felicia@example.net','1-813-736-7','e12653df2669c5b7f0e6f387cf7a1150f61377df','1970-03-17 09:43:29'),(204,'Alvis','Emmerich','jrippin@example.com','721.390.239','5e2df8cb668efb6851145d096f06a82abdeb9891','1998-02-25 00:16:27'),(205,'Joshua','Schoen','arvilla.heathcote@example.com','127-683-870','2d2f119a3ff7059d2249656eafc59012377135b5','1988-02-20 15:47:34'),(206,'Ryder','Waters','wayne83@example.com','(472)615-45','109d7667efc705da9cecf9e5275ee78b16e120e8','2011-08-21 04:54:53'),(207,'Myah','Yundt','alivia10@example.net','732.672.550','33d4081814d310c97bd45ac570959bdbfb03c5e0','2003-02-07 06:17:55'),(208,'Chanelle','Feest','noel18@example.org','(165)063-33','69b6c3bb16b659af02553a9838d1c88dbdaf706a','1986-11-09 21:16:11'),(209,'Hollie','Pouros','hilton.grady@example.org','1-113-614-0','c424deda8b78b2c6ddcaef63c2a81a3ac96e1563','1985-01-12 09:39:37'),(210,'Andreanne','Osinski','mdonnelly@example.org','946-409-354','0e971b39705c21819bab4890ed2e0889f8083e70','1979-05-07 06:14:14'),(211,'Elyssa','Larson','lacey.klocko@example.com','1-506-151-2','07448b6ace79326ca27bbc7857a516d76ad4e64a','2014-12-08 22:54:29'),(212,'Andre','VonRueden','dibbert.nannie@example.net','468.669.649','40886cd0db591f8080a898eefdfd8bee33df7778','2000-02-25 10:13:31'),(213,'Dax','Rice','fritsch.garry@example.com','127.283.591','9e6aaa9097c7cf372398b0b8d02dff52f762fbf0','1999-03-18 04:56:48'),(214,'Ara','Cartwright','kareem.emard@example.org','+94(1)01124','343cad4ef0f20f93d2c9a1bc90fa47d2ea05f451','1977-09-03 13:28:26'),(215,'Valentine','Hane','krajcik.marjorie@example.net','+81(6)97043','8e57b20fb37b1db778688d2ca6fa48db2de8611b','1987-06-28 21:28:24'),(216,'Dereck','Kihn','effertz.monroe@example.net','034-667-688','42f71c934db552235aab856af7cfd6ee7e7bcd85','2017-12-22 02:00:38'),(217,'Waylon','Bergnaum','hailie.kilback@example.org','994.320.139','f632600ea5a4832c24d80ea04563b238aadc571f','1977-11-29 12:58:14'),(218,'Carolyne','Kovacek','twila89@example.org','111.529.543','56f751956d8d215d9a10e78d98b82aabf095904b','1997-09-25 20:57:15'),(219,'Kylie','Kohler','jaida.anderson@example.com','1-010-696-6','679d8ae11228d0b9d89f6b5d24308c888963bb20','1982-05-23 02:45:00'),(220,'Cassandra','Pacocha','ken76@example.net','376.575.665','e092ce3a828eb281f09ce978fcbdcabdb843df35','2014-10-25 04:31:32'),(221,'Emerson','Bruen','macejkovic.wiley@example.net','07663681271','74525a0f7bfc5351a8fbda6ff03202b29a2e15db','2001-11-22 12:54:06'),(222,'America','Block','jazmyn.renner@example.org','1-861-492-9','f9b4985d4adba2513154229fc0c5b198f0ba70fa','1983-05-29 19:06:27'),(223,'Vernice','Kovacek','lkshlerin@example.org','1-656-053-9','c838b2f03e33f9f4c4e39c3b141e377f719260dd','1996-07-28 01:25:04'),(224,'Aisha','Hilpert','shane@example.org','1-375-832-3','cd5368a4ed7f58fc37c1b6cf2eaaaa0ad61736d3','2003-04-14 00:19:35'),(225,'Elenor','Wolf','dale.emmerich@example.com','1-906-831-8','e35a6ac21a42826b296c92cbc56929c1d6449848','2020-06-10 15:26:13'),(226,'Declan','Murphy','dariana00@example.com','(810)772-21','862d046970f1b78b6b7a0050d0b475c61c720944','1995-07-08 21:19:08'),(227,'Pablo','Heaney','rath.myrna@example.org','340-651-256','a5a36a498d951d069e79570a89d0438983c5a61c','1996-03-02 20:19:15'),(228,'Elliot','Cruickshank','hschuppe@example.org','1-112-830-9','91c1d02206e2211f2c6e8f494bc2e7cac61a1dc4','2019-10-22 14:12:48'),(229,'Alanis','Abernathy','williamson.mervin@example.com','173-957-710','e77bfa2976391b4ba04bfd8b4b8c547e1f75f0d8','1977-08-02 22:34:20'),(230,'Alfred','Orn','marquardt.brian@example.org','029-199-633','6d296e3cc06034795b8d3bf2c30d3107a4a18c1d','1978-05-21 21:52:07'),(231,'Lexie','Ruecker','tmurphy@example.net','1-356-790-7','0f02396aa9eb602bc04a3a9f396f45be39cd92f4','1981-12-09 06:48:08'),(232,'Florine','Champlin','lina67@example.com','1-587-295-4','8a130160421901d433042473ec8a01ac803a5ca3','2005-02-17 07:22:36'),(233,'Ubaldo','Klocko','pouros.cristina@example.com','474.778.918','3a596ee799211dd18595c98d42e6ac7211cd7246','1992-11-01 18:09:05'),(234,'Kaylah','Lang','elsa77@example.org','1-088-330-9','2488fab392483bfb0a78845ae968301af669f03a','1983-08-15 08:29:20'),(235,'Maximilian','Oberbrunner','markus.ledner@example.com','(132)960-93','300144fc139e5f7f3dec0464d59ed0801a4e8605','2005-05-29 23:50:41'),(236,'Baron','Bode','kathleen.christiansen@example.org','1-059-289-0','711c1ed74cc7694efd1433362e36b402fef8084c','2006-12-19 04:04:44'),(237,'Chaim','Veum','elva.johnston@example.com','+60(6)55274','71f731046273d8a7341126280609aa9c82b9cf2b','1993-04-01 18:58:17'),(238,'Dewitt','Predovic','eriberto.schmidt@example.org','(775)475-85','cd3d0b61aa08926546b67e399ec7952dc6bad614','2016-09-13 00:13:49'),(239,'Mazie','Waters','renner.tessie@example.com','(636)802-12','4c10d3f0d0081e6f4c5577c39948d952cccc5a90','1978-07-22 22:07:42'),(240,'Tremayne','Schoen','opurdy@example.net','225-836-194','e6fc7646cb90fab874d2e71c0f1ebf3feb3bf044','1982-03-30 10:47:27'),(241,'Leta','Cronin','qhane@example.com','1-259-459-1','bb61faaad364fa4cf54500e4435dc19b9b89e8f3','2011-10-25 19:51:22'),(242,'Lauren','Kutch','labadie.bo@example.net','+86(6)05440','308a432272d334b0657c8e1019a83cc581f08b8b','2017-04-09 04:52:09'),(243,'Derrick','Altenwerth','autumn12@example.net','482-738-512','f6b105c8460a83455bbaef01518622141f18e4d2','1999-07-18 13:32:28'),(244,'Savion','Koepp','wintheiser.saul@example.net','(078)065-54','235bcf52caca0389cf04f65b72f7640270ba0843','1994-07-14 02:52:32'),(245,'Santos','Bechtelar','amelie.hand@example.com','1-327-741-9','8a66f6aa846de8d608327f5e22e2ba75ad0dba7e','2019-02-03 10:12:38'),(246,'Wanda','Hartmann','ike33@example.com','(177)294-33','e98d80a90957bb15ba9c1c622e269982f91e931a','1992-12-02 20:08:05'),(247,'Ricardo','Bode','wiegand.amie@example.org','(546)087-36','e114bfe44fa0d78fab93d37dce0c6c00d7f2516d','1989-03-26 14:35:24'),(248,'London','Morissette','amelie.weissnat@example.net','445-202-678','d10527934ecd0f21ceccdfd719bd708582885c55','2013-09-10 11:59:47'),(249,'Burdette','Zulauf','jakubowski.laury@example.com','(256)850-70','014626e5ecf3972a3aa7df90759358f97020fec0','1986-07-18 15:11:30'),(250,'Skyla','Murray','wisozk.emie@example.net','09440611037','7fd6a7f9c5f1d439ec8af5899ee81845ba054a4c','2016-01-08 02:48:35'),(251,'Alfred','Gerlach','liliana.keebler@example.net','566-976-966','74a2ec9b59bf9254837841a028e4ae60436669df','1985-03-18 06:08:05'),(252,'Amaya','Von','turner.maurice@example.net','126-173-016','8a05174a8fdbec500cd1884341997028baa46832','1981-08-27 09:13:25'),(253,'Jaren','Tromp','jazmin.boehm@example.org','(520)758-55','62cf1f74fd376e6481451c32dcd72a3f43711912','2014-05-02 05:21:32'),(254,'Eloise','Kuhn','yspinka@example.net','114.652.764','7d8e2380e27e88d2e5c331b9cec7878efe14d288','2018-07-18 23:48:07'),(255,'Doug','Cruickshank','vandervort.marie@example.com','741-702-541','f8641fc7462c031c16a6f40ed7dc38dca0b4533a','2005-08-24 14:20:22'),(256,'Pierce','McClure','jaskolski.thalia@example.org','255-920-117','3cd86a2ad03d55bd8f67133e589fba79fa4852fd','2016-07-14 05:02:38'),(257,'Magnolia','DuBuque','vlemke@example.org','1-299-637-0','2160535111d2a253f5723ecdc090c347897a5724','1980-11-23 10:27:46'),(258,'Halle','Zboncak','qnikolaus@example.com','(885)414-32','c2cf5d93f0aef94c3430cf4e981566fb2fc2020f','2018-08-27 21:24:31'),(259,'Johnathon','Johnson','arden70@example.com','+35(4)11206','8774f35454cdafa87263fcde327ded41e37e3abf','1982-07-01 23:53:50'),(260,'Rosella','Tillman','orippin@example.net','059-114-544','f956b1b35d0dab6e1eb6abf12c3f7963485bf350','1989-03-12 09:49:12'),(261,'Dariana','Boyer','jtowne@example.org','871.713.230','64a5562acc1931fcb9ac46df99c1a06c1b36d7f5','1990-05-13 18:36:32'),(262,'Pascale','Kilback','rickie.schaefer@example.net','02495811762','f9a0351c1d83ceab463e57a459d5d90e5008ba21','1975-02-08 06:38:16'),(263,'Madisen','Daniel','fatima91@example.org','+03(2)98514','0ac972d797858fda9b872ef32f6fb560ad7d37c2','2005-07-15 11:24:13'),(264,'Al','Ward','kian95@example.org','417-971-360','4948550c292f93baf4ddd63f2fd6d9f996d0d265','1970-05-12 11:04:24'),(265,'Jerad','Willms','cortez65@example.net','(070)970-66','260f2090c987e43527b2f9cc647f79cb581d75d7','1988-03-28 03:59:06'),(266,'Lila','Emmerich','zpouros@example.org','+53(3)65431','fe3f34b9de0a4964dfa3c1e5b37e6914d70934dc','1977-12-28 03:09:02'),(267,'Ramiro','Beatty','nd\'amore@example.org','+65(9)37165','9a04b0f41ec0fbebad9539064b53711d00b54f00','2005-10-01 06:27:54'),(268,'Martin','Koepp','orin55@example.net','+68(4)64029','c875d9293c8ee88c3377a137acafd6eeba1f7bf8','2006-04-24 08:16:01'),(269,'Meta','Langosh','lukas.kemmer@example.net','1-394-948-7','4ede89d892994f529250c7dadab2b918877bc578','2019-06-20 23:00:53'),(270,'Chet','Green','kenna.johns@example.com','(372)597-08','af66a562b3b94a1ab862efb298af219ef5365986','1992-10-25 04:11:31'),(271,'Jazmin','Toy','cummerata.kellie@example.com','131.702.440','3943aab8a0d5c6a0fd6438df1572c1fb847f682f','1995-09-27 03:44:09'),(272,'Nakia','Sauer','vgraham@example.org','(816)363-49','b07ebfc00d016d41cd8a20c540ed1f2144eccbe6','1983-03-29 10:26:02'),(273,'Geoffrey','Streich','vicenta42@example.net','09880366945','2664d1f55877819053eb5200695c1e8ba7a63dda','1995-12-12 11:50:40'),(274,'Mariane','Jakubowski','domenic46@example.net','+07(0)78685','5bf9198a80b3ce10fdeeeb9d1b1921818f9952a8','1978-01-09 15:35:52'),(275,'Dorcas','McGlynn','cormier.dwight@example.net','1-724-072-0','f55cfb2487fb4e0dbd5061a89f4228fdb4c644d7','1999-06-03 08:53:54'),(276,'Hank','Wintheiser','cormier.friedrich@example.org','(580)674-24','fd8f6ac4a03b74cc41f1b5b97e6aabc7a384f36b','1983-07-25 11:42:36'),(277,'Rico','Hoeger','carol.toy@example.net','04821373529','21a078df628b456eb1b36281148610698223ff92','2001-01-17 01:38:33'),(278,'Alexie','Murazik','ivory81@example.com','00470430506','ff1ca55aa8ed26e5ce473680b129ec94ce2e424c','1983-11-10 17:54:26'),(279,'Judy','Fahey','chad96@example.net','01405169614','d764032716beb1ef67fa184acb89744028dac892','2011-08-11 06:54:07'),(280,'Donna','Kuphal','hblick@example.net','926.064.459','52bf8a8970372b1069bbe4fe1fb4c610cfc34e98','2001-09-09 21:37:23'),(281,'Cydney','Hickle','samantha.blick@example.net','(645)667-41','25578fa86990d6627e0e3eb409ef5a76bcd6da94','1983-09-16 14:04:46'),(282,'Brycen','Morar','barton.hand@example.com','1-019-941-9','8691a3e4aa1658a62665e3bc6518abe6e0a40e3e','2007-04-02 23:31:34'),(283,'Georgette','Witting','eloy30@example.org','337-529-607','45541a40059b47f677a0ea0f382bb04865064ade','1994-08-18 02:09:02'),(284,'Joshuah','Heaney','bauch.aglae@example.net','00866467489','b6cd9a65feb76d7a561b27fc07b63b58e175c6a5','2000-05-08 21:45:26'),(285,'Roberta','Hoppe','wiza.bailey@example.net','1-022-073-5','5f8aa0f1c0f7e44c85cb1e542f78aa720b0e253f','1971-09-02 13:57:19'),(286,'Electa','Feest','johathan.christiansen@example.net','1-306-673-9','830ded822c6a54943c709aee8ef17ba06a6adccd','1970-06-20 05:17:51'),(287,'Foster','Ondricka','owen.cremin@example.org','(745)368-33','8f844d75d9bf07cb51f5aa49f551814aa240257b','2018-02-24 16:53:24'),(288,'Devante','Gerhold','swaniawski.yazmin@example.net','175-578-863','f429a6fc4b579fd9ed58f8b48bd7044f1fe0d333','1988-08-11 02:45:29'),(289,'Derrick','Schinner','blake.schumm@example.org','+90(2)92741','87d061be4c7cde6a53d55b3a8ef625088c16f7fd','1981-12-26 04:37:05'),(290,'Mayra','Hagenes','albin08@example.org','455-610-528','669568ab73d2eb489d97a3044894b681c6a199ad','2019-04-21 10:27:41'),(291,'Wilhelm','Kirlin','lueilwitz.zelma@example.org','06114328355','ea70ff6d12f90eb199a47b603302598af26a49ce','2015-03-16 11:11:28'),(292,'Alverta','Douglas','julie.treutel@example.com','+76(3)54894','9b57d0789089408b054a559dde71e265ffc86e61','1992-09-05 16:19:28'),(293,'Arianna','Haley','johanna91@example.org','01340818049','bcad7326b2ce036c74192fc56429b2fd312d06e7','1979-07-15 19:16:52'),(294,'Savannah','Jones','lwill@example.com','(605)804-65','e9e0d501e9bec7ef843a56a2f203d21be7625753','1998-01-27 15:21:29'),(295,'Jerrold','Jacobson','austin80@example.net','02474790181','e0291ecae189785a2343faa2202e6a83cc8dba5a','1980-03-10 02:06:44'),(296,'Eudora','Schneider','kelton90@example.com','910-395-323','a824b200b57cc26a5c1fe2a6b07a905e428beafe','2015-11-10 06:10:23'),(297,'Maximus','Wisoky','rice.sabrina@example.com','+77(2)10738','5a82e9bfa7835b811d7dc299d2002f4825d47e88','1996-03-28 22:37:33'),(298,'Kara','Kris','gabe.casper@example.com','1-928-383-6','17da523238e3d330309cc437542207e2fc1537f0','1980-08-03 02:08:30'),(299,'Robin','Vandervort','chance52@example.com','242-655-106','352a9b1e752505028d3bcddc2357b393b98fb08e','1983-02-24 14:25:48'),(300,'Annetta','Turner','fay.crystel@example.net','1-318-003-9','b0dc532971f8e48171a5a81b697a00b3b5f4f82f','1980-07-01 00:49:56');
/*!40000 ALTER TABLE `users` ENABLE KEYS */;
UNLOCK TABLES;
/*!40103 SET TIME_ZONE=@OLD_TIME_ZONE */;

/*!40101 SET SQL_MODE=@OLD_SQL_MODE */;
/*!40014 SET FOREIGN_KEY_CHECKS=@OLD_FOREIGN_KEY_CHECKS */;
/*!40014 SET UNIQUE_CHECKS=@OLD_UNIQUE_CHECKS */;
/*!40101 SET CHARACTER_SET_CLIENT=@OLD_CHARACTER_SET_CLIENT */;
/*!40101 SET CHARACTER_SET_RESULTS=@OLD_CHARACTER_SET_RESULTS */;
/*!40101 SET COLLATION_CONNECTION=@OLD_COLLATION_CONNECTION */;
/*!40111 SET SQL_NOTES=@OLD_SQL_NOTES */;

-- Dump completed on 2021-04-07 10:22:31
